"REF_DATE","GEO","DGUID","Labour force characteristics","Gender","Age group","Statistics","Data type","UOM","UOM_ID","SCALAR_FACTOR","SCALAR_ID","VECTOR","COORDINATE","VALUE","STATUS","SYMBOL","TERMINATED","DECIMALS"
"2015-02","Ontario","2021A000235","Population","Total - Gender","15 years and over","Estimate","Seasonally adjusted","Persons in thousands","428","thousands","3","v2063943","7.1.1.1.1.1","11234.1","","","","1"
"2015-03","Ontario","2021A000235","Population","Total - Gender","15 years and over","Estimate","Seasonally adjusted","Persons in thousands","428","thousands","3","v2063943","7.1.1.1.1.1","11239.5","","","","1"
"2015-04","Ontario","2021A000235","Population","Total - Gender","15 years and over","Estimate","Seasonally adjusted","Persons in thousands","428","thousands","3","v2063943","7.1.1.1.1.1","11246.1","","","","1"
"2015-05","Ontario","2021A000235","Population","Total - Gender","15 years and over","Estimate","Seasonally adjusted","Persons in thousands","428","thousands","3","v2063943","7.1.1.1.1.1","11254.1","","","","1"
"2015-06","Ontario","2021A000235","Population","Total - Gender","15 years and over","Estimate","Seasonally adjusted","Persons in thousands","428","thousands","3","v2063943","7.1.1.1.1.1","11266.7","","","","1"
"2015-07","Ontario","2021A000235","Population","Total - Gender","15 years and over","Estimate","Seasonally adjusted","Persons in thousands","428","thousands","3","v2063943","7.1.1.1.1.1","11278.0","","","","1"
"2015-08","Ontario","2021A000235","Population","Total - Gender","15 years and over","Estimate","Seasonally adjusted","Persons in thousands","428","thousands","3","v2063943","7.1.1.1.1.1","11288.9","","","","1"
"2015-09","Ontario","2021A000235","Population","Total - Gender","15 years and over","Estimate","Seasonally adjusted","Persons in thousands","428","thousands","3","v2063943","7.1.1.1.1.1","11301.9","","","","1"
"2015-10","Ontario","2021A000235","Population","Total - Gender","15 years and over","Estimate","Seasonally adjusted","Persons in thousands","428","thousands","3","v2063943","7.1.1.1.1.1","11312.1","","","","1"
"2015-11","Ontario","2021A000235","Population","Total - Gender","15 years and over","Estimate","Seasonally adjusted","Persons in thousands","428","thousands","3","v2063943","7.1.1.1.1.1","11321.3","","","","1"
"2015-12","Ontario","2021A000235","Population","Total - Gender","15 years and over","Estimate","Seasonally adjusted","Persons in thousands","428","thousands","3","v2063943","7.1.1.1.1.1","11330.7","","","","1"
"2016-01","Ontario","2021A000235","Population","Total - Gender","15 years and over","Estimate","Seasonally adjusted","Persons in thousands","428","thousands","3","v2063943","7.1.1.1.1.1","11342.0","","","","1"
"2016-02","Ontario","2021A000235","Population","Total - Gender","15 years and over","Estimate","Seasonally adjusted","Persons in thousands","428","thousands","3","v2063943","7.1.1.1.1.1","11355.7","","","","1"
"2016-03","Ontario","2021A000235","Population","Total - Gender","15 years and over","Estimate","Seasonally adjusted","Persons in thousands","428","thousands","3","v2063943","7.1.1.1.1.1","11366.9","","","","1"
"2016-04","Ontario","2021A000235","Population","Total - Gender","15 years and over","Estimate","Seasonally adjusted","Persons in thousands","428","thousands","3","v2063943","7.1.1.1.1.1","11378.4","","","","1"
"2016-05","Ontario","2021A000235","Population","Total - Gender","15 years and over","Estimate","Seasonally adjusted","Persons in thousands","428","thousands","3","v2063943","7.1.1.1.1.1","11394.2","","","","1"
"2016-06","Ontario","2021A000235","Population","Total - Gender","15 years and over","Estimate","Seasonally adjusted","Persons in thousands","428","thousands","3","v2063943","7.1.1.1.1.1","11409.7","","","","1"
"2016-07","Ontario","2021A000235","Population","Total - Gender","15 years and over","Estimate","Seasonally adjusted","Persons in thousands","428","thousands","3","v2063943","7.1.1.1.1.1","11426.6","","","","1"
"2016-08","Ontario","2021A000235","Population","Total - Gender","15 years and over","Estimate","Seasonally adjusted","Persons in thousands","428","thousands","3","v2063943","7.1.1.1.1.1","11445.5","","","","1"
"2016-09","Ontario","2021A000235","Population","Total - Gender","15 years and over","Estimate","Seasonally adjusted","Persons in thousands","428","thousands","3","v2063943","7.1.1.1.1.1","11460.3","","","","1"
"2016-10","Ontario","2021A000235","Population","Total - Gender","15 years and over","Estimate","Seasonally adjusted","Persons in thousands","428","thousands","3","v2063943","7.1.1.1.1.1","11474.8","","","","1"
"2016-11","Ontario","2021A000235","Population","Total - Gender","15 years and over","Estimate","Seasonally adjusted","Persons in thousands","428","thousands","3","v2063943","7.1.1.1.1.1","11488.1","","","","1"
"2016-12","Ontario","2021A000235","Population","Total - Gender","15 years and over","Estimate","Seasonally adjusted","Persons in thousands","428","thousands","3","v2063943","7.1.1.1.1.1","11500.6","","","","1"
"2017-01","Ontario","2021A000235","Population","Total - Gender","15 years and over","Estimate","Seasonally adjusted","Persons in thousands","428","thousands","3","v2063943","7.1.1.1.1.1","11517.2","","","","1"
"2017-02","Ontario","2021A000235","Population","Total - Gender","15 years and over","Estimate","Seasonally adjusted","Persons in thousands","428","thousands","3","v2063943","7.1.1.1.1.1","11529.5","","","","1"
"2017-03","Ontario","2021A000235","Population","Total - Gender","15 years and over","Estimate","Seasonally adjusted","Persons in thousands","428","thousands","3","v2063943","7.1.1.1.1.1","11544.1","","","","1"
"2017-04","Ontario","2021A000235","Population","Total - Gender","15 years and over","Estimate","Seasonally adjusted","Persons in thousands","428","thousands","3","v2063943","7.1.1.1.1.1","11559.0","","","","1"
"2017-05","Ontario","2021A000235","Population","Total - Gender","15 years and over","Estimate","Seasonally adjusted","Persons in thousands","428","thousands","3","v2063943","7.1.1.1.1.1","11578.5","","","","1"
"2017-06","Ontario","2021A000235","Population","Total - Gender","15 years and over","Estimate","Seasonally adjusted","Persons in thousands","428","thousands","3","v2063943","7.1.1.1.1.1","11595.4","","","","1"
"2017-07","Ontario","2021A000235","Population","Total - Gender","15 years and over","Estimate","Seasonally adjusted","Persons in thousands","428","thousands","3","v2063943","7.1.1.1.1.1","11613.8","","","","1"
"2017-08","Ontario","2021A000235","Population","Total - Gender","15 years and over","Estimate","Seasonally adjusted","Persons in thousands","428","thousands","3","v2063943","7.1.1.1.1.1","11636.5","","","","1"
"2017-09","Ontario","2021A000235","Population","Total - Gender","15 years and over","Estimate","Seasonally adjusted","Persons in thousands","428","thousands","3","v2063943","7.1.1.1.1.1","11653.2","","","","1"
"2017-10","Ontario","2021A000235","Population","Total - Gender","15 years and over","Estimate","Seasonally adjusted","Persons in thousands","428","thousands","3","v2063943","7.1.1.1.1.1","11670.3","","","","1"
"2017-11","Ontario","2021A000235","Population","Total - Gender","15 years and over","Estimate","Seasonally adjusted","Persons in thousands","428","thousands","3","v2063943","7.1.1.1.1.1","11687.2","","","","1"
"2017-12","Ontario","2021A000235","Population","Total - Gender","15 years and over","Estimate","Seasonally adjusted","Persons in thousands","428","thousands","3","v2063943","7.1.1.1.1.1","11704.1","","","","1"
"2018-01","Ontario","2021A000235","Population","Total - Gender","15 years and over","Estimate","Seasonally adjusted","Persons in thousands","428","thousands","3","v2063943","7.1.1.1.1.1","11728.0","","","","1"
"2018-02","Ontario","2021A000235","Population","Total - Gender","15 years and over","Estimate","Seasonally adjusted","Persons in thousands","428","thousands","3","v2063943","7.1.1.1.1.1","11744.0","","","","1"
"2018-03","Ontario","2021A000235","Population","Total - Gender","15 years and over","Estimate","Seasonally adjusted","Persons in thousands","428","thousands","3","v2063943","7.1.1.1.1.1","11761.8","","","","1"
"2018-04","Ontario","2021A000235","Population","Total - Gender","15 years and over","Estimate","Seasonally adjusted","Persons in thousands","428","thousands","3","v2063943","7.1.1.1.1.1","11784.7","","","","1"
"2018-05","Ontario","2021A000235","Population","Total - Gender","15 years and over","Estimate","Seasonally adjusted","Persons in thousands","428","thousands","3","v2063943","7.1.1.1.1.1","11803.5","","","","1"
"2018-06","Ontario","2021A000235","Population","Total - Gender","15 years and over","Estimate","Seasonally adjusted","Persons in thousands","428","thousands","3","v2063943","7.1.1.1.1.1","11823.9","","","","1"
"2018-07","Ontario","2021A000235","Population","Total - Gender","15 years and over","Estimate","Seasonally adjusted","Persons in thousands","428","thousands","3","v2063943","7.1.1.1.1.1","11847.5","","","","1"
"2018-08","Ontario","2021A000235","Population","Total - Gender","15 years and over","Estimate","Seasonally adjusted","Persons in thousands","428","thousands","3","v2063943","7.1.1.1.1.1","11863.2","","","","1"
"2018-09","Ontario","2021A000235","Population","Total - Gender","15 years and over","Estimate","Seasonally adjusted","Persons in thousands","428","thousands","3","v2063943","7.1.1.1.1.1","11878.8","","","","1"
"2018-10","Ontario","2021A000235","Population","Total - Gender","15 years and over","Estimate","Seasonally adjusted","Persons in thousands","428","thousands","3","v2063943","7.1.1.1.1.1","11894.2","","","","1"
"2018-11","Ontario","2021A000235","Population","Total - Gender","15 years and over","Estimate","Seasonally adjusted","Persons in thousands","428","thousands","3","v2063943","7.1.1.1.1.1","11908.3","","","","1"
"2018-12","Ontario","2021A000235","Population","Total - Gender","15 years and over","Estimate","Seasonally adjusted","Persons in thousands","428","thousands","3","v2063943","7.1.1.1.1.1","11921.8","","","","1"
"2019-01","Ontario","2021A000235","Population","Total - Gender","15 years and over","Estimate","Seasonally adjusted","Persons in thousands","428","thousands","3","v2063943","7.1.1.1.1.1","11939.2","","","","1"
"2019-02","Ontario","2021A000235","Population","Total - Gender","15 years and over","Estimate","Seasonally adjusted","Persons in thousands","428","thousands","3","v2063943","7.1.1.1.1.1","11950.8","","","","1"
"2019-03","Ontario","2021A000235","Population","Total - Gender","15 years and over","Estimate","Seasonally adjusted","Persons in thousands","428","thousands","3","v2063943","7.1.1.1.1.1","11965.0","","","","1"
"2019-04","Ontario","2021A000235","Population","Total - Gender","15 years and over","Estimate","Seasonally adjusted","Persons in thousands","428","thousands","3","v2063943","7.1.1.1.1.1","11984.1","","","","1"
"2019-05","Ontario","2021A000235","Population","Total - Gender","15 years and over","Estimate","Seasonally adjusted","Persons in thousands","428","thousands","3","v2063943","7.1.1.1.1.1","12000.6","","","","1"
"2019-06","Ontario","2021A000235","Population","Total - Gender","15 years and over","Estimate","Seasonally adjusted","Persons in thousands","428","thousands","3","v2063943","7.1.1.1.1.1","12020.1","","","","1"
"2019-07","Ontario","2021A000235","Population","Total - Gender","15 years and over","Estimate","Seasonally adjusted","Persons in thousands","428","thousands","3","v2063943","7.1.1.1.1.1","12047.0","","","","1"
"2019-08","Ontario","2021A000235","Population","Total - Gender","15 years and over","Estimate","Seasonally adjusted","Persons in thousands","428","thousands","3","v2063943","7.1.1.1.1.1","12068.8","","","","1"
"2019-09","Ontario","2021A000235","Population","Total - Gender","15 years and over","Estimate","Seasonally adjusted","Persons in thousands","428","thousands","3","v2063943","7.1.1.1.1.1","12093.8","","","","1"
"2019-10","Ontario","2021A000235","Population","Total - Gender","15 years and over","Estimate","Seasonally adjusted","Persons in thousands","428","thousands","3","v2063943","7.1.1.1.1.1","12114.3","","","","1"
"2019-11","Ontario","2021A000235","Population","Total - Gender","15 years and over","Estimate","Seasonally adjusted","Persons in thousands","428","thousands","3","v2063943","7.1.1.1.1.1","12132.4","","","","1"
"2019-12","Ontario","2021A000235","Population","Total - Gender","15 years and over","Estimate","Seasonally adjusted","Persons in thousands","428","thousands","3","v2063943","7.1.1.1.1.1","12148.9","","","","1"
"2020-01","Ontario","2021A000235","Population","Total - Gender","15 years and over","Estimate","Seasonally adjusted","Persons in thousands","428","thousands","3","v2063943","7.1.1.1.1.1","12166.5","","","","1"
"2020-02","Ontario","2021A000235","Population","Total - Gender","15 years and over","Estimate","Seasonally adjusted","Persons in thousands","428","thousands","3","v2063943","7.1.1.1.1.1","12184.3","","","","1"
"2020-03","Ontario","2021A000235","Population","Total - Gender","15 years and over","Estimate","Seasonally adjusted","Persons in thousands","428","thousands","3","v2063943","7.1.1.1.1.1","12205.2","","","","1"
"2020-04","Ontario","2021A000235","Population","Total - Gender","15 years and over","Estimate","Seasonally adjusted","Persons in thousands","428","thousands","3","v2063943","7.1.1.1.1.1","12217.8","","","","1"
"2020-05","Ontario","2021A000235","Population","Total - Gender","15 years and over","Estimate","Seasonally adjusted","Persons in thousands","428","thousands","3","v2063943","7.1.1.1.1.1","12229.0","","","","1"
"2020-06","Ontario","2021A000235","Population","Total - Gender","15 years and over","Estimate","Seasonally adjusted","Persons in thousands","428","thousands","3","v2063943","7.1.1.1.1.1","12244.8","","","","1"
"2020-07","Ontario","2021A000235","Population","Total - Gender","15 years and over","Estimate","Seasonally adjusted","Persons in thousands","428","thousands","3","v2063943","7.1.1.1.1.1","12258.5","","","","1"
"2020-08","Ontario","2021A000235","Population","Total - Gender","15 years and over","Estimate","Seasonally adjusted","Persons in thousands","428","thousands","3","v2063943","7.1.1.1.1.1","12270.6","","","","1"
"2020-09","Ontario","2021A000235","Population","Total - Gender","15 years and over","Estimate","Seasonally adjusted","Persons in thousands","428","thousands","3","v2063943","7.1.1.1.1.1","12284.2","","","","1"
"2020-10","Ontario","2021A000235","Population","Total - Gender","15 years and over","Estimate","Seasonally adjusted","Persons in thousands","428","thousands","3","v2063943","7.1.1.1.1.1","12293.1","","","","1"
"2020-11","Ontario","2021A000235","Population","Total - Gender","15 years and over","Estimate","Seasonally adjusted","Persons in thousands","428","thousands","3","v2063943","7.1.1.1.1.1","12300.2","","","","1"
"2020-12","Ontario","2021A000235","Population","Total - Gender","15 years and over","Estimate","Seasonally adjusted","Persons in thousands","428","thousands","3","v2063943","7.1.1.1.1.1","12304.6","","","","1"
"2021-01","Ontario","2021A000235","Population","Total - Gender","15 years and over","Estimate","Seasonally adjusted","Persons in thousands","428","thousands","3","v2063943","7.1.1.1.1.1","12309.7","","","","1"
"2021-02","Ontario","2021A000235","Population","Total - Gender","15 years and over","Estimate","Seasonally adjusted","Persons in thousands","428","thousands","3","v2063943","7.1.1.1.1.1","12316.9","","","","1"
"2021-03","Ontario","2021A000235","Population","Total - Gender","15 years and over","Estimate","Seasonally adjusted","Persons in thousands","428","thousands","3","v2063943","7.1.1.1.1.1","12321.6","","","","1"
"2021-04","Ontario","2021A000235","Population","Total - Gender","15 years and over","Estimate","Seasonally adjusted","Persons in thousands","428","thousands","3","v2063943","7.1.1.1.1.1","12325.1","","","","1"
"2021-05","Ontario","2021A000235","Population","Total - Gender","15 years and over","Estimate","Seasonally adjusted","Persons in thousands","428","thousands","3","v2063943","7.1.1.1.1.1","12328.1","","","","1"
"2021-06","Ontario","2021A000235","Population","Total - Gender","15 years and over","Estimate","Seasonally adjusted","Persons in thousands","428","thousands","3","v2063943","7.1.1.1.1.1","12339.8","","","","1"
"2021-07","Ontario","2021A000235","Population","Total - Gender","15 years and over","Estimate","Seasonally adjusted","Persons in thousands","428","thousands","3","v2063943","7.1.1.1.1.1","12353.6","","","","1"
"2021-08","Ontario","2021A000235","Population","Total - Gender","15 years and over","Estimate","Seasonally adjusted","Persons in thousands","428","thousands","3","v2063943","7.1.1.1.1.1","12372.1","","","","1"
"2021-09","Ontario","2021A000235","Population","Total - Gender","15 years and over","Estimate","Seasonally adjusted","Persons in thousands","428","thousands","3","v2063943","7.1.1.1.1.1","12388.0","","","","1"
"2021-10","Ontario","2021A000235","Population","Total - Gender","15 years and over","Estimate","Seasonally adjusted","Persons in thousands","428","thousands","3","v2063943","7.1.1.1.1.1","12406.8","","","","1"
"2021-11","Ontario","2021A000235","Population","Total - Gender","15 years and over","Estimate","Seasonally adjusted","Persons in thousands","428","thousands","3","v2063943","7.1.1.1.1.1","12426.7","","","","1"
"2021-12","Ontario","2021A000235","Population","Total - Gender","15 years and over","Estimate","Seasonally adjusted","Persons in thousands","428","thousands","3","v2063943","7.1.1.1.1.1","12446.6","","","","1"
"2022-01","Ontario","2021A000235","Population","Total - Gender","15 years and over","Estimate","Seasonally adjusted","Persons in thousands","428","thousands","3","v2063943","7.1.1.1.1.1","12465.0","","","","1"
"2022-02","Ontario","2021A000235","Population","Total - Gender","15 years and over","Estimate","Seasonally adjusted","Persons in thousands","428","thousands","3","v2063943","7.1.1.1.1.1","12482.4","","","","1"
"2022-03","Ontario","2021A000235","Population","Total - Gender","15 years and over","Estimate","Seasonally adjusted","Persons in thousands","428","thousands","3","v2063943","7.1.1.1.1.1","12497.9","","","","1"
"2022-04","Ontario","2021A000235","Population","Total - Gender","15 years and over","Estimate","Seasonally adjusted","Persons in thousands","428","thousands","3","v2063943","7.1.1.1.1.1","12513.8","","","","1"
"2022-05","Ontario","2021A000235","Population","Total - Gender","15 years and over","Estimate","Seasonally adjusted","Persons in thousands","428","thousands","3","v2063943","7.1.1.1.1.1","12531.4","","","","1"
"2022-06","Ontario","2021A000235","Population","Total - Gender","15 years and over","Estimate","Seasonally adjusted","Persons in thousands","428","thousands","3","v2063943","7.1.1.1.1.1","12549.9","","","","1"
"2022-07","Ontario","2021A000235","Population","Total - Gender","15 years and over","Estimate","Seasonally adjusted","Persons in thousands","428","thousands","3","v2063943","7.1.1.1.1.1","12570.4","","","","1"
"2022-08","Ontario","2021A000235","Population","Total - Gender","15 years and over","Estimate","Seasonally adjusted","Persons in thousands","428","thousands","3","v2063943","7.1.1.1.1.1","12594.4","","","","1"
"2022-09","Ontario","2021A000235","Population","Total - Gender","15 years and over","Estimate","Seasonally adjusted","Persons in thousands","428","thousands","3","v2063943","7.1.1.1.1.1","12617.5","","","","1"
"2022-10","Ontario","2021A000235","Population","Total - Gender","15 years and over","Estimate","Seasonally adjusted","Persons in thousands","428","thousands","3","v2063943","7.1.1.1.1.1","12642.9","","","","1"
"2022-11","Ontario","2021A000235","Population","Total - Gender","15 years and over","Estimate","Seasonally adjusted","Persons in thousands","428","thousands","3","v2063943","7.1.1.1.1.1","12666.6","","","","1"
"2022-12","Ontario","2021A000235","Population","Total - Gender","15 years and over","Estimate","Seasonally adjusted","Persons in thousands","428","thousands","3","v2063943","7.1.1.1.1.1","12688.7","","","","1"
"2023-01","Ontario","2021A000235","Population","Total - Gender","15 years and over","Estimate","Seasonally adjusted","Persons in thousands","428","thousands","3","v2063943","7.1.1.1.1.1","12719.0","","","","1"
"2023-02","Ontario","2021A000235","Population","Total - Gender","15 years and over","Estimate","Seasonally adjusted","Persons in thousands","428","thousands","3","v2063943","7.1.1.1.1.1","12752.8","","","","1"
"2023-03","Ontario","2021A000235","Population","Total - Gender","15 years and over","Estimate","Seasonally adjusted","Persons in thousands","428","thousands","3","v2063943","7.1.1.1.1.1","12787.3","","","","1"
"2023-04","Ontario","2021A000235","Population","Total - Gender","15 years and over","Estimate","Seasonally adjusted","Persons in thousands","428","thousands","3","v2063943","7.1.1.1.1.1","12819.1","","","","1"
"2023-05","Ontario","2021A000235","Population","Total - Gender","15 years and over","Estimate","Seasonally adjusted","Persons in thousands","428","thousands","3","v2063943","7.1.1.1.1.1","12857.2","","","","1"
"2023-06","Ontario","2021A000235","Population","Total - Gender","15 years and over","Estimate","Seasonally adjusted","Persons in thousands","428","thousands","3","v2063943","7.1.1.1.1.1","12898.6","","","","1"
"2023-07","Ontario","2021A000235","Population","Total - Gender","15 years and over","Estimate","Seasonally adjusted","Persons in thousands","428","thousands","3","v2063943","7.1.1.1.1.1","12938.4","","","","1"
"2023-08","Ontario","2021A000235","Population","Total - Gender","15 years and over","Estimate","Seasonally adjusted","Persons in thousands","428","thousands","3","v2063943","7.1.1.1.1.1","12981.3","","","","1"
"2023-09","Ontario","2021A000235","Population","Total - Gender","15 years and over","Estimate","Seasonally adjusted","Persons in thousands","428","thousands","3","v2063943","7.1.1.1.1.1","13019.3","","","","1"
"2023-10","Ontario","2021A000235","Population","Total - Gender","15 years and over","Estimate","Seasonally adjusted","Persons in thousands","428","thousands","3","v2063943","7.1.1.1.1.1","13059.9","","","","1"
"2023-11","Ontario","2021A000235","Population","Total - Gender","15 years and over","Estimate","Seasonally adjusted","Persons in thousands","428","thousands","3","v2063943","7.1.1.1.1.1","13100.3","","","","1"
"2023-12","Ontario","2021A000235","Population","Total - Gender","15 years and over","Estimate","Seasonally adjusted","Persons in thousands","428","thousands","3","v2063943","7.1.1.1.1.1","13142.0","","","","1"
"2024-01","Ontario","2021A000235","Population","Total - Gender","15 years and over","Estimate","Seasonally adjusted","Persons in thousands","428","thousands","3","v2063943","7.1.1.1.1.1","13188.9","","","","1"
"2024-02","Ontario","2021A000235","Population","Total - Gender","15 years and over","Estimate","Seasonally adjusted","Persons in thousands","428","thousands","3","v2063943","7.1.1.1.1.1","13232.4","","","","1"
"2024-03","Ontario","2021A000235","Population","Total - Gender","15 years and over","Estimate","Seasonally adjusted","Persons in thousands","428","thousands","3","v2063943","7.1.1.1.1.1","13273.7","","","","1"
"2024-04","Ontario","2021A000235","Population","Total - Gender","15 years and over","Estimate","Seasonally adjusted","Persons in thousands","428","thousands","3","v2063943","7.1.1.1.1.1","13320.5","","","","1"
"2024-05","Ontario","2021A000235","Population","Total - Gender","15 years and over","Estimate","Seasonally adjusted","Persons in thousands","428","thousands","3","v2063943","7.1.1.1.1.1","13364.3","","","","1"
"2024-06","Ontario","2021A000235","Population","Total - Gender","15 years and over","Estimate","Seasonally adjusted","Persons in thousands","428","thousands","3","v2063943","7.1.1.1.1.1","13404.9","","","","1"
"2024-07","Ontario","2021A000235","Population","Total - Gender","15 years and over","Estimate","Seasonally adjusted","Persons in thousands","428","thousands","3","v2063943","7.1.1.1.1.1","13450.2","","","","1"
"2024-08","Ontario","2021A000235","Population","Total - Gender","15 years and over","Estimate","Seasonally adjusted","Persons in thousands","428","thousands","3","v2063943","7.1.1.1.1.1","13490.0","","","","1"
"2024-09","Ontario","2021A000235","Population","Total - Gender","15 years and over","Estimate","Seasonally adjusted","Persons in thousands","428","thousands","3","v2063943","7.1.1.1.1.1","13526.8","","","","1"
"2024-10","Ontario","2021A000235","Population","Total - Gender","15 years and over","Estimate","Seasonally adjusted","Persons in thousands","428","thousands","3","v2063943","7.1.1.1.1.1","13557.0","","","","1"
"2024-11","Ontario","2021A000235","Population","Total - Gender","15 years and over","Estimate","Seasonally adjusted","Persons in thousands","428","thousands","3","v2063943","7.1.1.1.1.1","13581.4","","","","1"
"2024-12","Ontario","2021A000235","Population","Total - Gender","15 years and over","Estimate","Seasonally adjusted","Persons in thousands","428","thousands","3","v2063943","7.1.1.1.1.1","13605.1","","","","1"
"2025-01","Ontario","2021A000235","Population","Total - Gender","15 years and over","Estimate","Seasonally adjusted","Persons in thousands","428","thousands","3","v2063943","7.1.1.1.1.1","13627.1","","","","1"
"2025-02","Ontario","2021A000235","Population","Total - Gender","15 years and over","Estimate","Seasonally adjusted","Persons in thousands","428","thousands","3","v2063943","7.1.1.1.1.1","13642.9","","","","1"
"2025-03","Ontario","2021A000235","Population","Total - Gender","15 years and over","Estimate","Seasonally adjusted","Persons in thousands","428","thousands","3","v2063943","7.1.1.1.1.1","13662.2","","","","1"
"2025-04","Ontario","2021A000235","Population","Total - Gender","15 years and over","Estimate","Seasonally adjusted","Persons in thousands","428","thousands","3","v2063943","7.1.1.1.1.1","13681.1","","","","1"
"2025-05","Ontario","2021A000235","Population","Total - Gender","15 years and over","Estimate","Seasonally adjusted","Persons in thousands","428","thousands","3","v2063943","7.1.1.1.1.1","13692.6","","","","1"
"2025-06","Ontario","2021A000235","Population","Total - Gender","15 years and over","Estimate","Seasonally adjusted","Persons in thousands","428","thousands","3","v2063943","7.1.1.1.1.1","13705.6","","","","1"
"2025-07","Ontario","2021A000235","Population","Total - Gender","15 years and over","Estimate","Seasonally adjusted","Persons in thousands","428","thousands","3","v2063943","7.1.1.1.1.1","13715.2","","","","1"
"2025-08","Ontario","2021A000235","Population","Total - Gender","15 years and over","Estimate","Seasonally adjusted","Persons in thousands","428","thousands","3","v2063943","7.1.1.1.1.1","13722.8","","","","1"
"2025-09","Ontario","2021A000235","Population","Total - Gender","15 years and over","Estimate","Seasonally adjusted","Persons in thousands","428","thousands","3","v2063943","7.1.1.1.1.1","13732.8","","","","1"
"2025-10","Ontario","2021A000235","Population","Total - Gender","15 years and over","Estimate","Seasonally adjusted","Persons in thousands","428","thousands","3","v2063943","7.1.1.1.1.1","13741.8","","","","1"
"2025-11","Ontario","2021A000235","Population","Total - Gender","15 years and over","Estimate","Seasonally adjusted","Persons in thousands","428","thousands","3","v2063943","7.1.1.1.1.1","13748.5","","","","1"
"2025-12","Ontario","2021A000235","Population","Total - Gender","15 years and over","Estimate","Seasonally adjusted","Persons in thousands","428","thousands","3","v2063943","7.1.1.1.1.1","13751.5","","","","1"
"2026-01","Ontario","2021A000235","Population","Total - Gender","15 years and over","Estimate","Seasonally adjusted","Persons in thousands","428","thousands","3","v2063943","7.1.1.1.1.1","13751.2","","","","1"
"2026-02","Ontario","2021A000235","Population","Total - Gender","15 years and over","Estimate","Seasonally adjusted","Persons in thousands","428","thousands","3","v2063943","7.1.1.1.1.1","13754.3","","","","1"
"2026-03","Ontario","2021A000235","Population","Total - Gender","15 years and over","Estimate","Seasonally adjusted","Persons in thousands","428","thousands","3","v2063943","7.1.1.1.1.1","13758.5","","","","1"
"2026-04","Ontario","2021A000235","Population","Total - Gender","15 years and over","Estimate","Seasonally adjusted","Persons in thousands","428","thousands","3","v2063943","7.1.1.1.1.1","13760.8","","","","1"
"2026-05","Ontario","2021A000235","Population","Total - Gender","15 years and over","Estimate","Seasonally adjusted","Persons in thousands","428","thousands","3","v2063943","7.1.1.1.1.1","13766.3","","","","1"
"2026-06","Ontario","2021A000235","Population","Total - Gender","15 years and over","Estimate","Seasonally adjusted","Persons in thousands","428","thousands","3","v2063943","7.1.1.1.1.1","13776.2","","","","1"
"2015-02","Ontario","2021A000235","Labour force","Total - Gender","15 years and over","Estimate","Seasonally adjusted","Persons in thousands","428","thousands","3","v2063944","7.2.1.1.1.1","7359.5","","","","1"
"2015-03","Ontario","2021A000235","Labour force","Total - Gender","15 years and over","Estimate","Seasonally adjusted","Persons in thousands","428","thousands","3","v2063944","7.2.1.1.1.1","7364.6","","","","1"
"2015-04","Ontario","2021A000235","Labour force","Total - Gender","15 years and over","Estimate","Seasonally adjusted","Persons in thousands","428","thousands","3","v2063944","7.2.1.1.1.1","7347.1","","","","1"
"2015-05","Ontario","2021A000235","Labour force","Total - Gender","15 years and over","Estimate","Seasonally adjusted","Persons in thousands","428","thousands","3","v2063944","7.2.1.1.1.1","7341.4","","","","1"
"2015-06","Ontario","2021A000235","Labour force","Total - Gender","15 years and over","Estimate","Seasonally adjusted","Persons in thousands","428","thousands","3","v2063944","7.2.1.1.1.1","7359.9","","","","1"
"2015-07","Ontario","2021A000235","Labour force","Total - Gender","15 years and over","Estimate","Seasonally adjusted","Persons in thousands","428","thousands","3","v2063944","7.2.1.1.1.1","7372.5","","","","1"
"2015-08","Ontario","2021A000235","Labour force","Total - Gender","15 years and over","Estimate","Seasonally adjusted","Persons in thousands","428","thousands","3","v2063944","7.2.1.1.1.1","7398.1","","","","1"
"2015-09","Ontario","2021A000235","Labour force","Total - Gender","15 years and over","Estimate","Seasonally adjusted","Persons in thousands","428","thousands","3","v2063944","7.2.1.1.1.1","7367.1","","","","1"
"2015-10","Ontario","2021A000235","Labour force","Total - Gender","15 years and over","Estimate","Seasonally adjusted","Persons in thousands","428","thousands","3","v2063944","7.2.1.1.1.1","7379.5","","","","1"
"2015-11","Ontario","2021A000235","Labour force","Total - Gender","15 years and over","Estimate","Seasonally adjusted","Persons in thousands","428","thousands","3","v2063944","7.2.1.1.1.1","7368.7","","","","1"
"2015-12","Ontario","2021A000235","Labour force","Total - Gender","15 years and over","Estimate","Seasonally adjusted","Persons in thousands","428","thousands","3","v2063944","7.2.1.1.1.1","7389.5","","","","1"
"2016-01","Ontario","2021A000235","Labour force","Total - Gender","15 years and over","Estimate","Seasonally adjusted","Persons in thousands","428","thousands","3","v2063944","7.2.1.1.1.1","7401.5","","","","1"
"2016-02","Ontario","2021A000235","Labour force","Total - Gender","15 years and over","Estimate","Seasonally adjusted","Persons in thousands","428","thousands","3","v2063944","7.2.1.1.1.1","7408.9","","","","1"
"2016-03","Ontario","2021A000235","Labour force","Total - Gender","15 years and over","Estimate","Seasonally adjusted","Persons in thousands","428","thousands","3","v2063944","7.2.1.1.1.1","7425.0","","","","1"
"2016-04","Ontario","2021A000235","Labour force","Total - Gender","15 years and over","Estimate","Seasonally adjusted","Persons in thousands","428","thousands","3","v2063944","7.2.1.1.1.1","7445.8","","","","1"
"2016-05","Ontario","2021A000235","Labour force","Total - Gender","15 years and over","Estimate","Seasonally adjusted","Persons in thousands","428","thousands","3","v2063944","7.2.1.1.1.1","7424.4","","","","1"
"2016-06","Ontario","2021A000235","Labour force","Total - Gender","15 years and over","Estimate","Seasonally adjusted","Persons in thousands","428","thousands","3","v2063944","7.2.1.1.1.1","7425.1","","","","1"
"2016-07","Ontario","2021A000235","Labour force","Total - Gender","15 years and over","Estimate","Seasonally adjusted","Persons in thousands","428","thousands","3","v2063944","7.2.1.1.1.1","7382.7","","","","1"
"2016-08","Ontario","2021A000235","Labour force","Total - Gender","15 years and over","Estimate","Seasonally adjusted","Persons in thousands","428","thousands","3","v2063944","7.2.1.1.1.1","7409.7","","","","1"
"2016-09","Ontario","2021A000235","Labour force","Total - Gender","15 years and over","Estimate","Seasonally adjusted","Persons in thousands","428","thousands","3","v2063944","7.2.1.1.1.1","7419.0","","","","1"
"2016-10","Ontario","2021A000235","Labour force","Total - Gender","15 years and over","Estimate","Seasonally adjusted","Persons in thousands","428","thousands","3","v2063944","7.2.1.1.1.1","7427.3","","","","1"
"2016-11","Ontario","2021A000235","Labour force","Total - Gender","15 years and over","Estimate","Seasonally adjusted","Persons in thousands","428","thousands","3","v2063944","7.2.1.1.1.1","7451.1","","","","1"
"2016-12","Ontario","2021A000235","Labour force","Total - Gender","15 years and over","Estimate","Seasonally adjusted","Persons in thousands","428","thousands","3","v2063944","7.2.1.1.1.1","7468.6","","","","1"
"2017-01","Ontario","2021A000235","Labour force","Total - Gender","15 years and over","Estimate","Seasonally adjusted","Persons in thousands","428","thousands","3","v2063944","7.2.1.1.1.1","7523.2","","","","1"
"2017-02","Ontario","2021A000235","Labour force","Total - Gender","15 years and over","Estimate","Seasonally adjusted","Persons in thousands","428","thousands","3","v2063944","7.2.1.1.1.1","7511.8","","","","1"
"2017-03","Ontario","2021A000235","Labour force","Total - Gender","15 years and over","Estimate","Seasonally adjusted","Persons in thousands","428","thousands","3","v2063944","7.2.1.1.1.1","7517.2","","","","1"
"2017-04","Ontario","2021A000235","Labour force","Total - Gender","15 years and over","Estimate","Seasonally adjusted","Persons in thousands","428","thousands","3","v2063944","7.2.1.1.1.1","7500.6","","","","1"
"2017-05","Ontario","2021A000235","Labour force","Total - Gender","15 years and over","Estimate","Seasonally adjusted","Persons in thousands","428","thousands","3","v2063944","7.2.1.1.1.1","7562.6","","","","1"
"2017-06","Ontario","2021A000235","Labour force","Total - Gender","15 years and over","Estimate","Seasonally adjusted","Persons in thousands","428","thousands","3","v2063944","7.2.1.1.1.1","7558.1","","","","1"
"2017-07","Ontario","2021A000235","Labour force","Total - Gender","15 years and over","Estimate","Seasonally adjusted","Persons in thousands","428","thousands","3","v2063944","7.2.1.1.1.1","7590.6","","","","1"
"2017-08","Ontario","2021A000235","Labour force","Total - Gender","15 years and over","Estimate","Seasonally adjusted","Persons in thousands","428","thousands","3","v2063944","7.2.1.1.1.1","7553.2","","","","1"
"2017-09","Ontario","2021A000235","Labour force","Total - Gender","15 years and over","Estimate","Seasonally adjusted","Persons in thousands","428","thousands","3","v2063944","7.2.1.1.1.1","7604.2","","","","1"
"2017-10","Ontario","2021A000235","Labour force","Total - Gender","15 years and over","Estimate","Seasonally adjusted","Persons in thousands","428","thousands","3","v2063944","7.2.1.1.1.1","7623.0","","","","1"
"2017-11","Ontario","2021A000235","Labour force","Total - Gender","15 years and over","Estimate","Seasonally adjusted","Persons in thousands","428","thousands","3","v2063944","7.2.1.1.1.1","7656.6","","","","1"
"2017-12","Ontario","2021A000235","Labour force","Total - Gender","15 years and over","Estimate","Seasonally adjusted","Persons in thousands","428","thousands","3","v2063944","7.2.1.1.1.1","7659.9","","","","1"
"2018-01","Ontario","2021A000235","Labour force","Total - Gender","15 years and over","Estimate","Seasonally adjusted","Persons in thousands","428","thousands","3","v2063944","7.2.1.1.1.1","7606.0","","","","1"
"2018-02","Ontario","2021A000235","Labour force","Total - Gender","15 years and over","Estimate","Seasonally adjusted","Persons in thousands","428","thousands","3","v2063944","7.2.1.1.1.1","7601.5","","","","1"
"2018-03","Ontario","2021A000235","Labour force","Total - Gender","15 years and over","Estimate","Seasonally adjusted","Persons in thousands","428","thousands","3","v2063944","7.2.1.1.1.1","7628.3","","","","1"
"2018-04","Ontario","2021A000235","Labour force","Total - Gender","15 years and over","Estimate","Seasonally adjusted","Persons in thousands","428","thousands","3","v2063944","7.2.1.1.1.1","7615.5","","","","1"
"2018-05","Ontario","2021A000235","Labour force","Total - Gender","15 years and over","Estimate","Seasonally adjusted","Persons in thousands","428","thousands","3","v2063944","7.2.1.1.1.1","7644.4","","","","1"
"2018-06","Ontario","2021A000235","Labour force","Total - Gender","15 years and over","Estimate","Seasonally adjusted","Persons in thousands","428","thousands","3","v2063944","7.2.1.1.1.1","7692.8","","","","1"
"2018-07","Ontario","2021A000235","Labour force","Total - Gender","15 years and over","Estimate","Seasonally adjusted","Persons in thousands","428","thousands","3","v2063944","7.2.1.1.1.1","7733.3","","","","1"
"2018-08","Ontario","2021A000235","Labour force","Total - Gender","15 years and over","Estimate","Seasonally adjusted","Persons in thousands","428","thousands","3","v2063944","7.2.1.1.1.1","7668.8","","","","1"
"2018-09","Ontario","2021A000235","Labour force","Total - Gender","15 years and over","Estimate","Seasonally adjusted","Persons in thousands","428","thousands","3","v2063944","7.2.1.1.1.1","7724.9","","","","1"
"2018-10","Ontario","2021A000235","Labour force","Total - Gender","15 years and over","Estimate","Seasonally adjusted","Persons in thousands","428","thousands","3","v2063944","7.2.1.1.1.1","7715.2","","","","1"
"2018-11","Ontario","2021A000235","Labour force","Total - Gender","15 years and over","Estimate","Seasonally adjusted","Persons in thousands","428","thousands","3","v2063944","7.2.1.1.1.1","7725.9","","","","1"
"2018-12","Ontario","2021A000235","Labour force","Total - Gender","15 years and over","Estimate","Seasonally adjusted","Persons in thousands","428","thousands","3","v2063944","7.2.1.1.1.1","7736.5","","","","1"
"2019-01","Ontario","2021A000235","Labour force","Total - Gender","15 years and over","Estimate","Seasonally adjusted","Persons in thousands","428","thousands","3","v2063944","7.2.1.1.1.1","7760.8","","","","1"
"2019-02","Ontario","2021A000235","Labour force","Total - Gender","15 years and over","Estimate","Seasonally adjusted","Persons in thousands","428","thousands","3","v2063944","7.2.1.1.1.1","7795.1","","","","1"
"2019-03","Ontario","2021A000235","Labour force","Total - Gender","15 years and over","Estimate","Seasonally adjusted","Persons in thousands","428","thousands","3","v2063944","7.2.1.1.1.1","7801.7","","","","1"
"2019-04","Ontario","2021A000235","Labour force","Total - Gender","15 years and over","Estimate","Seasonally adjusted","Persons in thousands","428","thousands","3","v2063944","7.2.1.1.1.1","7845.5","","","","1"
"2019-05","Ontario","2021A000235","Labour force","Total - Gender","15 years and over","Estimate","Seasonally adjusted","Persons in thousands","428","thousands","3","v2063944","7.2.1.1.1.1","7810.8","","","","1"
"2019-06","Ontario","2021A000235","Labour force","Total - Gender","15 years and over","Estimate","Seasonally adjusted","Persons in thousands","428","thousands","3","v2063944","7.2.1.1.1.1","7821.3","","","","1"
"2019-07","Ontario","2021A000235","Labour force","Total - Gender","15 years and over","Estimate","Seasonally adjusted","Persons in thousands","428","thousands","3","v2063944","7.2.1.1.1.1","7836.7","","","","1"
"2019-08","Ontario","2021A000235","Labour force","Total - Gender","15 years and over","Estimate","Seasonally adjusted","Persons in thousands","428","thousands","3","v2063944","7.2.1.1.1.1","7888.5","","","","1"
"2019-09","Ontario","2021A000235","Labour force","Total - Gender","15 years and over","Estimate","Seasonally adjusted","Persons in thousands","428","thousands","3","v2063944","7.2.1.1.1.1","7889.0","","","","1"
"2019-10","Ontario","2021A000235","Labour force","Total - Gender","15 years and over","Estimate","Seasonally adjusted","Persons in thousands","428","thousands","3","v2063944","7.2.1.1.1.1","7873.8","","","","1"
"2019-11","Ontario","2021A000235","Labour force","Total - Gender","15 years and over","Estimate","Seasonally adjusted","Persons in thousands","428","thousands","3","v2063944","7.2.1.1.1.1","7904.8","","","","1"
"2019-12","Ontario","2021A000235","Labour force","Total - Gender","15 years and over","Estimate","Seasonally adjusted","Persons in thousands","428","thousands","3","v2063944","7.2.1.1.1.1","7921.6","","","","1"
"2020-01","Ontario","2021A000235","Labour force","Total - Gender","15 years and over","Estimate","Seasonally adjusted","Persons in thousands","428","thousands","3","v2063944","7.2.1.1.1.1","7928.8","","","","1"
"2020-02","Ontario","2021A000235","Labour force","Total - Gender","15 years and over","Estimate","Seasonally adjusted","Persons in thousands","428","thousands","3","v2063944","7.2.1.1.1.1","7950.2","","","","1"
"2020-03","Ontario","2021A000235","Labour force","Total - Gender","15 years and over","Estimate","Seasonally adjusted","Persons in thousands","428","thousands","3","v2063944","7.2.1.1.1.1","7687.2","","","","1"
"2020-04","Ontario","2021A000235","Labour force","Total - Gender","15 years and over","Estimate","Seasonally adjusted","Persons in thousands","428","thousands","3","v2063944","7.2.1.1.1.1","7220.9","","","","1"
"2020-05","Ontario","2021A000235","Labour force","Total - Gender","15 years and over","Estimate","Seasonally adjusted","Persons in thousands","428","thousands","3","v2063944","7.2.1.1.1.1","7383.2","","","","1"
"2020-06","Ontario","2021A000235","Labour force","Total - Gender","15 years and over","Estimate","Seasonally adjusted","Persons in thousands","428","thousands","3","v2063944","7.2.1.1.1.1","7724.6","","","","1"
"2020-07","Ontario","2021A000235","Labour force","Total - Gender","15 years and over","Estimate","Seasonally adjusted","Persons in thousands","428","thousands","3","v2063944","7.2.1.1.1.1","7806.4","","","","1"
"2020-08","Ontario","2021A000235","Labour force","Total - Gender","15 years and over","Estimate","Seasonally adjusted","Persons in thousands","428","thousands","3","v2063944","7.2.1.1.1.1","7867.2","","","","1"
"2020-09","Ontario","2021A000235","Labour force","Total - Gender","15 years and over","Estimate","Seasonally adjusted","Persons in thousands","428","thousands","3","v2063944","7.2.1.1.1.1","7999.6","","","","1"
"2020-10","Ontario","2021A000235","Labour force","Total - Gender","15 years and over","Estimate","Seasonally adjusted","Persons in thousands","428","thousands","3","v2063944","7.2.1.1.1.1","8029.1","","","","1"
"2020-11","Ontario","2021A000235","Labour force","Total - Gender","15 years and over","Estimate","Seasonally adjusted","Persons in thousands","428","thousands","3","v2063944","7.2.1.1.1.1","8024.5","","","","1"
"2020-12","Ontario","2021A000235","Labour force","Total - Gender","15 years and over","Estimate","Seasonally adjusted","Persons in thousands","428","thousands","3","v2063944","7.2.1.1.1.1","8090.2","","","","1"
"2021-01","Ontario","2021A000235","Labour force","Total - Gender","15 years and over","Estimate","Seasonally adjusted","Persons in thousands","428","thousands","3","v2063944","7.2.1.1.1.1","7918.3","","","","1"
"2021-02","Ontario","2021A000235","Labour force","Total - Gender","15 years and over","Estimate","Seasonally adjusted","Persons in thousands","428","thousands","3","v2063944","7.2.1.1.1.1","7984.9","","","","1"
"2021-03","Ontario","2021A000235","Labour force","Total - Gender","15 years and over","Estimate","Seasonally adjusted","Persons in thousands","428","thousands","3","v2063944","7.2.1.1.1.1","7995.3","","","","1"
"2021-04","Ontario","2021A000235","Labour force","Total - Gender","15 years and over","Estimate","Seasonally adjusted","Persons in thousands","428","thousands","3","v2063944","7.2.1.1.1.1","7976.3","","","","1"
"2021-05","Ontario","2021A000235","Labour force","Total - Gender","15 years and over","Estimate","Seasonally adjusted","Persons in thousands","428","thousands","3","v2063944","7.2.1.1.1.1","7945.6","","","","1"
"2021-06","Ontario","2021A000235","Labour force","Total - Gender","15 years and over","Estimate","Seasonally adjusted","Persons in thousands","428","thousands","3","v2063944","7.2.1.1.1.1","8030.1","","","","1"
"2021-07","Ontario","2021A000235","Labour force","Total - Gender","15 years and over","Estimate","Seasonally adjusted","Persons in thousands","428","thousands","3","v2063944","7.2.1.1.1.1","8070.1","","","","1"
"2021-08","Ontario","2021A000235","Labour force","Total - Gender","15 years and over","Estimate","Seasonally adjusted","Persons in thousands","428","thousands","3","v2063944","7.2.1.1.1.1","8083.6","","","","1"
"2021-09","Ontario","2021A000235","Labour force","Total - Gender","15 years and over","Estimate","Seasonally adjusted","Persons in thousands","428","thousands","3","v2063944","7.2.1.1.1.1","8160.1","","","","1"
"2021-10","Ontario","2021A000235","Labour force","Total - Gender","15 years and over","Estimate","Seasonally adjusted","Persons in thousands","428","thousands","3","v2063944","7.2.1.1.1.1","8145.7","","","","1"
"2021-11","Ontario","2021A000235","Labour force","Total - Gender","15 years and over","Estimate","Seasonally adjusted","Persons in thousands","428","thousands","3","v2063944","7.2.1.1.1.1","8191.9","","","","1"
"2021-12","Ontario","2021A000235","Labour force","Total - Gender","15 years and over","Estimate","Seasonally adjusted","Persons in thousands","428","thousands","3","v2063944","7.2.1.1.1.1","8235.2","","","","1"
"2022-01","Ontario","2021A000235","Labour force","Total - Gender","15 years and over","Estimate","Seasonally adjusted","Persons in thousands","428","thousands","3","v2063944","7.2.1.1.1.1","8153.2","","","","1"
"2022-02","Ontario","2021A000235","Labour force","Total - Gender","15 years and over","Estimate","Seasonally adjusted","Persons in thousands","428","thousands","3","v2063944","7.2.1.1.1.1","8201.6","","","","1"
"2022-03","Ontario","2021A000235","Labour force","Total - Gender","15 years and over","Estimate","Seasonally adjusted","Persons in thousands","428","thousands","3","v2063944","7.2.1.1.1.1","8198.6","","","","1"
"2022-04","Ontario","2021A000235","Labour force","Total - Gender","15 years and over","Estimate","Seasonally adjusted","Persons in thousands","428","thousands","3","v2063944","7.2.1.1.1.1","8243.0","","","","1"
"2022-05","Ontario","2021A000235","Labour force","Total - Gender","15 years and over","Estimate","Seasonally adjusted","Persons in thousands","428","thousands","3","v2063944","7.2.1.1.1.1","8235.1","","","","1"
"2022-06","Ontario","2021A000235","Labour force","Total - Gender","15 years and over","Estimate","Seasonally adjusted","Persons in thousands","428","thousands","3","v2063944","7.2.1.1.1.1","8194.4","","","","1"
"2022-07","Ontario","2021A000235","Labour force","Total - Gender","15 years and over","Estimate","Seasonally adjusted","Persons in thousands","428","thousands","3","v2063944","7.2.1.1.1.1","8204.9","","","","1"
"2022-08","Ontario","2021A000235","Labour force","Total - Gender","15 years and over","Estimate","Seasonally adjusted","Persons in thousands","428","thousands","3","v2063944","7.2.1.1.1.1","8216.5","","","","1"
"2022-09","Ontario","2021A000235","Labour force","Total - Gender","15 years and over","Estimate","Seasonally adjusted","Persons in thousands","428","thousands","3","v2063944","7.2.1.1.1.1","8199.3","","","","1"
"2022-10","Ontario","2021A000235","Labour force","Total - Gender","15 years and over","Estimate","Seasonally adjusted","Persons in thousands","428","thousands","3","v2063944","7.2.1.1.1.1","8255.8","","","","1"
"2022-11","Ontario","2021A000235","Labour force","Total - Gender","15 years and over","Estimate","Seasonally adjusted","Persons in thousands","428","thousands","3","v2063944","7.2.1.1.1.1","8280.7","","","","1"
"2022-12","Ontario","2021A000235","Labour force","Total - Gender","15 years and over","Estimate","Seasonally adjusted","Persons in thousands","428","thousands","3","v2063944","7.2.1.1.1.1","8303.1","","","","1"
"2023-01","Ontario","2021A000235","Labour force","Total - Gender","15 years and over","Estimate","Seasonally adjusted","Persons in thousands","428","thousands","3","v2063944","7.2.1.1.1.1","8340.4","","","","1"
"2023-02","Ontario","2021A000235","Labour force","Total - Gender","15 years and over","Estimate","Seasonally adjusted","Persons in thousands","428","thousands","3","v2063944","7.2.1.1.1.1","8363.5","","","","1"
"2023-03","Ontario","2021A000235","Labour force","Total - Gender","15 years and over","Estimate","Seasonally adjusted","Persons in thousands","428","thousands","3","v2063944","7.2.1.1.1.1","8404.0","","","","1"
"2023-04","Ontario","2021A000235","Labour force","Total - Gender","15 years and over","Estimate","Seasonally adjusted","Persons in thousands","428","thousands","3","v2063944","7.2.1.1.1.1","8414.4","","","","1"
"2023-05","Ontario","2021A000235","Labour force","Total - Gender","15 years and over","Estimate","Seasonally adjusted","Persons in thousands","428","thousands","3","v2063944","7.2.1.1.1.1","8446.3","","","","1"
"2023-06","Ontario","2021A000235","Labour force","Total - Gender","15 years and over","Estimate","Seasonally adjusted","Persons in thousands","428","thousands","3","v2063944","7.2.1.1.1.1","8507.2","","","","1"
"2023-07","Ontario","2021A000235","Labour force","Total - Gender","15 years and over","Estimate","Seasonally adjusted","Persons in thousands","428","thousands","3","v2063944","7.2.1.1.1.1","8513.8","","","","1"
"2023-08","Ontario","2021A000235","Labour force","Total - Gender","15 years and over","Estimate","Seasonally adjusted","Persons in thousands","428","thousands","3","v2063944","7.2.1.1.1.1","8544.1","","","","1"
"2023-09","Ontario","2021A000235","Labour force","Total - Gender","15 years and over","Estimate","Seasonally adjusted","Persons in thousands","428","thousands","3","v2063944","7.2.1.1.1.1","8564.5","","","","1"
"2023-10","Ontario","2021A000235","Labour force","Total - Gender","15 years and over","Estimate","Seasonally adjusted","Persons in thousands","428","thousands","3","v2063944","7.2.1.1.1.1","8584.3","","","","1"
"2023-11","Ontario","2021A000235","Labour force","Total - Gender","15 years and over","Estimate","Seasonally adjusted","Persons in thousands","428","thousands","3","v2063944","7.2.1.1.1.1","8586.5","","","","1"
"2023-12","Ontario","2021A000235","Labour force","Total - Gender","15 years and over","Estimate","Seasonally adjusted","Persons in thousands","428","thousands","3","v2063944","7.2.1.1.1.1","8571.7","","","","1"
"2024-01","Ontario","2021A000235","Labour force","Total - Gender","15 years and over","Estimate","Seasonally adjusted","Persons in thousands","428","thousands","3","v2063944","7.2.1.1.1.1","8574.8","","","","1"
"2024-02","Ontario","2021A000235","Labour force","Total - Gender","15 years and over","Estimate","Seasonally adjusted","Persons in thousands","428","thousands","3","v2063944","7.2.1.1.1.1","8625.0","","","","1"
"2024-03","Ontario","2021A000235","Labour force","Total - Gender","15 years and over","Estimate","Seasonally adjusted","Persons in thousands","428","thousands","3","v2063944","7.2.1.1.1.1","8680.4","","","","1"
"2024-04","Ontario","2021A000235","Labour force","Total - Gender","15 years and over","Estimate","Seasonally adjusted","Persons in thousands","428","thousands","3","v2063944","7.2.1.1.1.1","8701.5","","","","1"
"2024-05","Ontario","2021A000235","Labour force","Total - Gender","15 years and over","Estimate","Seasonally adjusted","Persons in thousands","428","thousands","3","v2063944","7.2.1.1.1.1","8741.5","","","","1"
"2024-06","Ontario","2021A000235","Labour force","Total - Gender","15 years and over","Estimate","Seasonally adjusted","Persons in thousands","428","thousands","3","v2063944","7.2.1.1.1.1","8769.2","","","","1"
"2024-07","Ontario","2021A000235","Labour force","Total - Gender","15 years and over","Estimate","Seasonally adjusted","Persons in thousands","428","thousands","3","v2063944","7.2.1.1.1.1","8775.7","","","","1"
"2024-08","Ontario","2021A000235","Labour force","Total - Gender","15 years and over","Estimate","Seasonally adjusted","Persons in thousands","428","thousands","3","v2063944","7.2.1.1.1.1","8806.4","","","","1"
"2024-09","Ontario","2021A000235","Labour force","Total - Gender","15 years and over","Estimate","Seasonally adjusted","Persons in thousands","428","thousands","3","v2063944","7.2.1.1.1.1","8818.0","","","","1"
"2024-10","Ontario","2021A000235","Labour force","Total - Gender","15 years and over","Estimate","Seasonally adjusted","Persons in thousands","428","thousands","3","v2063944","7.2.1.1.1.1","8804.0","","","","1"
"2024-11","Ontario","2021A000235","Labour force","Total - Gender","15 years and over","Estimate","Seasonally adjusted","Persons in thousands","428","thousands","3","v2063944","7.2.1.1.1.1","8866.0","","","","1"
"2024-12","Ontario","2021A000235","Labour force","Total - Gender","15 years and over","Estimate","Seasonally adjusted","Persons in thousands","428","thousands","3","v2063944","7.2.1.1.1.1","8876.4","","","","1"
"2025-01","Ontario","2021A000235","Labour force","Total - Gender","15 years and over","Estimate","Seasonally adjusted","Persons in thousands","428","thousands","3","v2063944","7.2.1.1.1.1","8908.2","","","","1"
"2025-02","Ontario","2021A000235","Labour force","Total - Gender","15 years and over","Estimate","Seasonally adjusted","Persons in thousands","428","thousands","3","v2063944","7.2.1.1.1.1","8901.8","","","","1"
"2025-03","Ontario","2021A000235","Labour force","Total - Gender","15 years and over","Estimate","Seasonally adjusted","Persons in thousands","428","thousands","3","v2063944","7.2.1.1.1.1","8891.6","","","","1"
"2025-04","Ontario","2021A000235","Labour force","Total - Gender","15 years and over","Estimate","Seasonally adjusted","Persons in thousands","428","thousands","3","v2063944","7.2.1.1.1.1","8884.1","","","","1"
"2025-05","Ontario","2021A000235","Labour force","Total - Gender","15 years and over","Estimate","Seasonally adjusted","Persons in thousands","428","thousands","3","v2063944","7.2.1.1.1.1","8900.2","","","","1"
"2025-06","Ontario","2021A000235","Labour force","Total - Gender","15 years and over","Estimate","Seasonally adjusted","Persons in thousands","428","thousands","3","v2063944","7.2.1.1.1.1","8899.2","","","","1"
"2025-07","Ontario","2021A000235","Labour force","Total - Gender","15 years and over","Estimate","Seasonally adjusted","Persons in thousands","428","thousands","3","v2063944","7.2.1.1.1.1","8912.7","","","","1"
"2025-08","Ontario","2021A000235","Labour force","Total - Gender","15 years and over","Estimate","Seasonally adjusted","Persons in thousands","428","thousands","3","v2063944","7.2.1.1.1.1","8876.1","","","","1"
"2025-09","Ontario","2021A000235","Labour force","Total - Gender","15 years and over","Estimate","Seasonally adjusted","Persons in thousands","428","thousands","3","v2063944","7.2.1.1.1.1","8903.0","","","","1"
"2025-10","Ontario","2021A000235","Labour force","Total - Gender","15 years and over","Estimate","Seasonally adjusted","Persons in thousands","428","thousands","3","v2063944","7.2.1.1.1.1","8928.3","","","","1"
"2025-11","Ontario","2021A000235","Labour force","Total - Gender","15 years and over","Estimate","Seasonally adjusted","Persons in thousands","428","thousands","3","v2063944","7.2.1.1.1.1","8914.5","","","","1"
"2025-12","Ontario","2021A000235","Labour force","Total - Gender","15 years and over","Estimate","Seasonally adjusted","Persons in thousands","428","thousands","3","v2063944","7.2.1.1.1.1","8988.9","","","","1"
"2026-01","Ontario","2021A000235","Labour force","Total - Gender","15 years and over","Estimate","Seasonally adjusted","Persons in thousands","428","thousands","3","v2063944","7.2.1.1.1.1","8852.6","","","","1"
"2026-02","Ontario","2021A000235","Labour force","Total - Gender","15 years and over","Estimate","Seasonally adjusted","Persons in thousands","428","thousands","3","v2063944","7.2.1.1.1.1","8883.7","","","","1"
"2026-03","Ontario","2021A000235","Labour force","Total - Gender","15 years and over","Estimate","Seasonally adjusted","Persons in thousands","428","thousands","3","v2063944","7.2.1.1.1.1","8881.5","","","","1"
"2026-04","Ontario","2021A000235","Labour force","Total - Gender","15 years and over","Estimate","Seasonally adjusted","Persons in thousands","428","thousands","3","v2063944","7.2.1.1.1.1","8920.8","","","","1"
"2026-05","Ontario","2021A000235","Labour force","Total - Gender","15 years and over","Estimate","Seasonally adjusted","Persons in thousands","428","thousands","3","v2063944","7.2.1.1.1.1","8910.4","","","","1"
"2026-06","Ontario","2021A000235","Labour force","Total - Gender","15 years and over","Estimate","Seasonally adjusted","Persons in thousands","428","thousands","3","v2063944","7.2.1.1.1.1","8893.5","","","","1"
"2015-02","Ontario","2021A000235","Employment","Total - Gender","15 years and over","Estimate","Seasonally adjusted","Persons in thousands","428","thousands","3","v2063945","7.3.1.1.1.1","6846.7","","","","1"
"2015-03","Ontario","2021A000235","Employment","Total - Gender","15 years and over","Estimate","Seasonally adjusted","Persons in thousands","428","thousands","3","v2063945","7.3.1.1.1.1","6854.1","","","","1"
"2015-04","Ontario","2021A000235","Employment","Total - Gender","15 years and over","Estimate","Seasonally adjusted","Persons in thousands","428","thousands","3","v2063945","7.3.1.1.1.1","6838.8","","","","1"
"2015-05","Ontario","2021A000235","Employment","Total - Gender","15 years and over","Estimate","Seasonally adjusted","Persons in thousands","428","thousands","3","v2063945","7.3.1.1.1.1","6867.8","","","","1"
"2015-06","Ontario","2021A000235","Employment","Total - Gender","15 years and over","Estimate","Seasonally adjusted","Persons in thousands","428","thousands","3","v2063945","7.3.1.1.1.1","6876.7","","","","1"
"2015-07","Ontario","2021A000235","Employment","Total - Gender","15 years and over","Estimate","Seasonally adjusted","Persons in thousands","428","thousands","3","v2063945","7.3.1.1.1.1","6873.6","","","","1"
"2015-08","Ontario","2021A000235","Employment","Total - Gender","15 years and over","Estimate","Seasonally adjusted","Persons in thousands","428","thousands","3","v2063945","7.3.1.1.1.1","6884.1","","","","1"
"2015-09","Ontario","2021A000235","Employment","Total - Gender","15 years and over","Estimate","Seasonally adjusted","Persons in thousands","428","thousands","3","v2063945","7.3.1.1.1.1","6855.2","","","","1"
"2015-10","Ontario","2021A000235","Employment","Total - Gender","15 years and over","Estimate","Seasonally adjusted","Persons in thousands","428","thousands","3","v2063945","7.3.1.1.1.1","6862.7","","","","1"
"2015-11","Ontario","2021A000235","Employment","Total - Gender","15 years and over","Estimate","Seasonally adjusted","Persons in thousands","428","thousands","3","v2063945","7.3.1.1.1.1","6858.3","","","","1"
"2015-12","Ontario","2021A000235","Employment","Total - Gender","15 years and over","Estimate","Seasonally adjusted","Persons in thousands","428","thousands","3","v2063945","7.3.1.1.1.1","6884.4","","","","1"
"2016-01","Ontario","2021A000235","Employment","Total - Gender","15 years and over","Estimate","Seasonally adjusted","Persons in thousands","428","thousands","3","v2063945","7.3.1.1.1.1","6906.0","","","","1"
"2016-02","Ontario","2021A000235","Employment","Total - Gender","15 years and over","Estimate","Seasonally adjusted","Persons in thousands","428","thousands","3","v2063945","7.3.1.1.1.1","6908.2","","","","1"
"2016-03","Ontario","2021A000235","Employment","Total - Gender","15 years and over","Estimate","Seasonally adjusted","Persons in thousands","428","thousands","3","v2063945","7.3.1.1.1.1","6911.5","","","","1"
"2016-04","Ontario","2021A000235","Employment","Total - Gender","15 years and over","Estimate","Seasonally adjusted","Persons in thousands","428","thousands","3","v2063945","7.3.1.1.1.1","6907.3","","","","1"
"2016-05","Ontario","2021A000235","Employment","Total - Gender","15 years and over","Estimate","Seasonally adjusted","Persons in thousands","428","thousands","3","v2063945","7.3.1.1.1.1","6938.4","","","","1"
"2016-06","Ontario","2021A000235","Employment","Total - Gender","15 years and over","Estimate","Seasonally adjusted","Persons in thousands","428","thousands","3","v2063945","7.3.1.1.1.1","6944.4","","","","1"
"2016-07","Ontario","2021A000235","Employment","Total - Gender","15 years and over","Estimate","Seasonally adjusted","Persons in thousands","428","thousands","3","v2063945","7.3.1.1.1.1","6918.4","","","","1"
"2016-08","Ontario","2021A000235","Employment","Total - Gender","15 years and over","Estimate","Seasonally adjusted","Persons in thousands","428","thousands","3","v2063945","7.3.1.1.1.1","6930.8","","","","1"
"2016-09","Ontario","2021A000235","Employment","Total - Gender","15 years and over","Estimate","Seasonally adjusted","Persons in thousands","428","thousands","3","v2063945","7.3.1.1.1.1","6939.8","","","","1"
"2016-10","Ontario","2021A000235","Employment","Total - Gender","15 years and over","Estimate","Seasonally adjusted","Persons in thousands","428","thousands","3","v2063945","7.3.1.1.1.1","6955.6","","","","1"
"2016-11","Ontario","2021A000235","Employment","Total - Gender","15 years and over","Estimate","Seasonally adjusted","Persons in thousands","428","thousands","3","v2063945","7.3.1.1.1.1","6981.6","","","","1"
"2016-12","Ontario","2021A000235","Employment","Total - Gender","15 years and over","Estimate","Seasonally adjusted","Persons in thousands","428","thousands","3","v2063945","7.3.1.1.1.1","6986.1","","","","1"
"2017-01","Ontario","2021A000235","Employment","Total - Gender","15 years and over","Estimate","Seasonally adjusted","Persons in thousands","428","thousands","3","v2063945","7.3.1.1.1.1","7028.9","","","","1"
"2017-02","Ontario","2021A000235","Employment","Total - Gender","15 years and over","Estimate","Seasonally adjusted","Persons in thousands","428","thousands","3","v2063945","7.3.1.1.1.1","7037.0","","","","1"
"2017-03","Ontario","2021A000235","Employment","Total - Gender","15 years and over","Estimate","Seasonally adjusted","Persons in thousands","428","thousands","3","v2063945","7.3.1.1.1.1","7040.4","","","","1"
"2017-04","Ontario","2021A000235","Employment","Total - Gender","15 years and over","Estimate","Seasonally adjusted","Persons in thousands","428","thousands","3","v2063945","7.3.1.1.1.1","7048.1","","","","1"
"2017-05","Ontario","2021A000235","Employment","Total - Gender","15 years and over","Estimate","Seasonally adjusted","Persons in thousands","428","thousands","3","v2063945","7.3.1.1.1.1","7079.1","","","","1"
"2017-06","Ontario","2021A000235","Employment","Total - Gender","15 years and over","Estimate","Seasonally adjusted","Persons in thousands","428","thousands","3","v2063945","7.3.1.1.1.1","7085.8","","","","1"
"2017-07","Ontario","2021A000235","Employment","Total - Gender","15 years and over","Estimate","Seasonally adjusted","Persons in thousands","428","thousands","3","v2063945","7.3.1.1.1.1","7132.4","","","","1"
"2017-08","Ontario","2021A000235","Employment","Total - Gender","15 years and over","Estimate","Seasonally adjusted","Persons in thousands","428","thousands","3","v2063945","7.3.1.1.1.1","7135.9","","","","1"
"2017-09","Ontario","2021A000235","Employment","Total - Gender","15 years and over","Estimate","Seasonally adjusted","Persons in thousands","428","thousands","3","v2063945","7.3.1.1.1.1","7161.5","","","","1"
"2017-10","Ontario","2021A000235","Employment","Total - Gender","15 years and over","Estimate","Seasonally adjusted","Persons in thousands","428","thousands","3","v2063945","7.3.1.1.1.1","7177.4","","","","1"
"2017-11","Ontario","2021A000235","Employment","Total - Gender","15 years and over","Estimate","Seasonally adjusted","Persons in thousands","428","thousands","3","v2063945","7.3.1.1.1.1","7207.7","","","","1"
"2017-12","Ontario","2021A000235","Employment","Total - Gender","15 years and over","Estimate","Seasonally adjusted","Persons in thousands","428","thousands","3","v2063945","7.3.1.1.1.1","7205.4","","","","1"
"2018-01","Ontario","2021A000235","Employment","Total - Gender","15 years and over","Estimate","Seasonally adjusted","Persons in thousands","428","thousands","3","v2063945","7.3.1.1.1.1","7172.1","","","","1"
"2018-02","Ontario","2021A000235","Employment","Total - Gender","15 years and over","Estimate","Seasonally adjusted","Persons in thousands","428","thousands","3","v2063945","7.3.1.1.1.1","7174.2","","","","1"
"2018-03","Ontario","2021A000235","Employment","Total - Gender","15 years and over","Estimate","Seasonally adjusted","Persons in thousands","428","thousands","3","v2063945","7.3.1.1.1.1","7204.7","","","","1"
"2018-04","Ontario","2021A000235","Employment","Total - Gender","15 years and over","Estimate","Seasonally adjusted","Persons in thousands","428","thousands","3","v2063945","7.3.1.1.1.1","7209.2","","","","1"
"2018-05","Ontario","2021A000235","Employment","Total - Gender","15 years and over","Estimate","Seasonally adjusted","Persons in thousands","428","thousands","3","v2063945","7.3.1.1.1.1","7201.1","","","","1"
"2018-06","Ontario","2021A000235","Employment","Total - Gender","15 years and over","Estimate","Seasonally adjusted","Persons in thousands","428","thousands","3","v2063945","7.3.1.1.1.1","7239.8","","","","1"
"2018-07","Ontario","2021A000235","Employment","Total - Gender","15 years and over","Estimate","Seasonally adjusted","Persons in thousands","428","thousands","3","v2063945","7.3.1.1.1.1","7306.4","","","","1"
"2018-08","Ontario","2021A000235","Employment","Total - Gender","15 years and over","Estimate","Seasonally adjusted","Persons in thousands","428","thousands","3","v2063945","7.3.1.1.1.1","7226.9","","","","1"
"2018-09","Ontario","2021A000235","Employment","Total - Gender","15 years and over","Estimate","Seasonally adjusted","Persons in thousands","428","thousands","3","v2063945","7.3.1.1.1.1","7288.2","","","","1"
"2018-10","Ontario","2021A000235","Employment","Total - Gender","15 years and over","Estimate","Seasonally adjusted","Persons in thousands","428","thousands","3","v2063945","7.3.1.1.1.1","7292.3","","","","1"
"2018-11","Ontario","2021A000235","Employment","Total - Gender","15 years and over","Estimate","Seasonally adjusted","Persons in thousands","428","thousands","3","v2063945","7.3.1.1.1.1","7289.1","","","","1"
"2018-12","Ontario","2021A000235","Employment","Total - Gender","15 years and over","Estimate","Seasonally adjusted","Persons in thousands","428","thousands","3","v2063945","7.3.1.1.1.1","7307.8","","","","1"
"2019-01","Ontario","2021A000235","Employment","Total - Gender","15 years and over","Estimate","Seasonally adjusted","Persons in thousands","428","thousands","3","v2063945","7.3.1.1.1.1","7322.6","","","","1"
"2019-02","Ontario","2021A000235","Employment","Total - Gender","15 years and over","Estimate","Seasonally adjusted","Persons in thousands","428","thousands","3","v2063945","7.3.1.1.1.1","7358.8","","","","1"
"2019-03","Ontario","2021A000235","Employment","Total - Gender","15 years and over","Estimate","Seasonally adjusted","Persons in thousands","428","thousands","3","v2063945","7.3.1.1.1.1","7344.4","","","","1"
"2019-04","Ontario","2021A000235","Employment","Total - Gender","15 years and over","Estimate","Seasonally adjusted","Persons in thousands","428","thousands","3","v2063945","7.3.1.1.1.1","7381.4","","","","1"
"2019-05","Ontario","2021A000235","Employment","Total - Gender","15 years and over","Estimate","Seasonally adjusted","Persons in thousands","428","thousands","3","v2063945","7.3.1.1.1.1","7403.4","","","","1"
"2019-06","Ontario","2021A000235","Employment","Total - Gender","15 years and over","Estimate","Seasonally adjusted","Persons in thousands","428","thousands","3","v2063945","7.3.1.1.1.1","7403.6","","","","1"
"2019-07","Ontario","2021A000235","Employment","Total - Gender","15 years and over","Estimate","Seasonally adjusted","Persons in thousands","428","thousands","3","v2063945","7.3.1.1.1.1","7391.8","","","","1"
"2019-08","Ontario","2021A000235","Employment","Total - Gender","15 years and over","Estimate","Seasonally adjusted","Persons in thousands","428","thousands","3","v2063945","7.3.1.1.1.1","7446.6","","","","1"
"2019-09","Ontario","2021A000235","Employment","Total - Gender","15 years and over","Estimate","Seasonally adjusted","Persons in thousands","428","thousands","3","v2063945","7.3.1.1.1.1","7458.7","","","","1"
"2019-10","Ontario","2021A000235","Employment","Total - Gender","15 years and over","Estimate","Seasonally adjusted","Persons in thousands","428","thousands","3","v2063945","7.3.1.1.1.1","7444.6","","","","1"
"2019-11","Ontario","2021A000235","Employment","Total - Gender","15 years and over","Estimate","Seasonally adjusted","Persons in thousands","428","thousands","3","v2063945","7.3.1.1.1.1","7471.4","","","","1"
"2019-12","Ontario","2021A000235","Employment","Total - Gender","15 years and over","Estimate","Seasonally adjusted","Persons in thousands","428","thousands","3","v2063945","7.3.1.1.1.1","7506.1","","","","1"
"2020-01","Ontario","2021A000235","Employment","Total - Gender","15 years and over","Estimate","Seasonally adjusted","Persons in thousands","428","thousands","3","v2063945","7.3.1.1.1.1","7516.9","","","","1"
"2020-02","Ontario","2021A000235","Employment","Total - Gender","15 years and over","Estimate","Seasonally adjusted","Persons in thousands","428","thousands","3","v2063945","7.3.1.1.1.1","7501.2","","","","1"
"2020-03","Ontario","2021A000235","Employment","Total - Gender","15 years and over","Estimate","Seasonally adjusted","Persons in thousands","428","thousands","3","v2063945","7.3.1.1.1.1","7036.8","","","","1"
"2020-04","Ontario","2021A000235","Employment","Total - Gender","15 years and over","Estimate","Seasonally adjusted","Persons in thousands","428","thousands","3","v2063945","7.3.1.1.1.1","6346.9","","","","1"
"2020-05","Ontario","2021A000235","Employment","Total - Gender","15 years and over","Estimate","Seasonally adjusted","Persons in thousands","428","thousands","3","v2063945","7.3.1.1.1.1","6334.0","","","","1"
"2020-06","Ontario","2021A000235","Employment","Total - Gender","15 years and over","Estimate","Seasonally adjusted","Persons in thousands","428","thousands","3","v2063945","7.3.1.1.1.1","6751.4","","","","1"
"2020-07","Ontario","2021A000235","Employment","Total - Gender","15 years and over","Estimate","Seasonally adjusted","Persons in thousands","428","thousands","3","v2063945","7.3.1.1.1.1","6913.9","","","","1"
"2020-08","Ontario","2021A000235","Employment","Total - Gender","15 years and over","Estimate","Seasonally adjusted","Persons in thousands","428","thousands","3","v2063945","7.3.1.1.1.1","7047.5","","","","1"
"2020-09","Ontario","2021A000235","Employment","Total - Gender","15 years and over","Estimate","Seasonally adjusted","Persons in thousands","428","thousands","3","v2063945","7.3.1.1.1.1","7234.2","","","","1"
"2020-10","Ontario","2021A000235","Employment","Total - Gender","15 years and over","Estimate","Seasonally adjusted","Persons in thousands","428","thousands","3","v2063945","7.3.1.1.1.1","7278.1","","","","1"
"2020-11","Ontario","2021A000235","Employment","Total - Gender","15 years and over","Estimate","Seasonally adjusted","Persons in thousands","428","thousands","3","v2063945","7.3.1.1.1.1","7302.9","","","","1"
"2020-12","Ontario","2021A000235","Employment","Total - Gender","15 years and over","Estimate","Seasonally adjusted","Persons in thousands","428","thousands","3","v2063945","7.3.1.1.1.1","7288.2","","","","1"
"2021-01","Ontario","2021A000235","Employment","Total - Gender","15 years and over","Estimate","Seasonally adjusted","Persons in thousands","428","thousands","3","v2063945","7.3.1.1.1.1","7112.7","","","","1"
"2021-02","Ontario","2021A000235","Employment","Total - Gender","15 years and over","Estimate","Seasonally adjusted","Persons in thousands","428","thousands","3","v2063945","7.3.1.1.1.1","7227.6","","","","1"
"2021-03","Ontario","2021A000235","Employment","Total - Gender","15 years and over","Estimate","Seasonally adjusted","Persons in thousands","428","thousands","3","v2063945","7.3.1.1.1.1","7371.8","","","","1"
"2021-04","Ontario","2021A000235","Employment","Total - Gender","15 years and over","Estimate","Seasonally adjusted","Persons in thousands","428","thousands","3","v2063945","7.3.1.1.1.1","7228.9","","","","1"
"2021-05","Ontario","2021A000235","Employment","Total - Gender","15 years and over","Estimate","Seasonally adjusted","Persons in thousands","428","thousands","3","v2063945","7.3.1.1.1.1","7196.4","","","","1"
"2021-06","Ontario","2021A000235","Employment","Total - Gender","15 years and over","Estimate","Seasonally adjusted","Persons in thousands","428","thousands","3","v2063945","7.3.1.1.1.1","7324.7","","","","1"
"2021-07","Ontario","2021A000235","Employment","Total - Gender","15 years and over","Estimate","Seasonally adjusted","Persons in thousands","428","thousands","3","v2063945","7.3.1.1.1.1","7429.9","","","","1"
"2021-08","Ontario","2021A000235","Employment","Total - Gender","15 years and over","Estimate","Seasonally adjusted","Persons in thousands","428","thousands","3","v2063945","7.3.1.1.1.1","7463.1","","","","1"
"2021-09","Ontario","2021A000235","Employment","Total - Gender","15 years and over","Estimate","Seasonally adjusted","Persons in thousands","428","thousands","3","v2063945","7.3.1.1.1.1","7553.1","","","","1"
"2021-10","Ontario","2021A000235","Employment","Total - Gender","15 years and over","Estimate","Seasonally adjusted","Persons in thousands","428","thousands","3","v2063945","7.3.1.1.1.1","7596.9","","","","1"
"2021-11","Ontario","2021A000235","Employment","Total - Gender","15 years and over","Estimate","Seasonally adjusted","Persons in thousands","428","thousands","3","v2063945","7.3.1.1.1.1","7662.2","","","","1"
"2021-12","Ontario","2021A000235","Employment","Total - Gender","15 years and over","Estimate","Seasonally adjusted","Persons in thousands","428","thousands","3","v2063945","7.3.1.1.1.1","7716.4","","","","1"
"2022-01","Ontario","2021A000235","Employment","Total - Gender","15 years and over","Estimate","Seasonally adjusted","Persons in thousands","428","thousands","3","v2063945","7.3.1.1.1.1","7552.3","","","","1"
"2022-02","Ontario","2021A000235","Employment","Total - Gender","15 years and over","Estimate","Seasonally adjusted","Persons in thousands","428","thousands","3","v2063945","7.3.1.1.1.1","7737.9","","","","1"
"2022-03","Ontario","2021A000235","Employment","Total - Gender","15 years and over","Estimate","Seasonally adjusted","Persons in thousands","428","thousands","3","v2063945","7.3.1.1.1.1","7753.1","","","","1"
"2022-04","Ontario","2021A000235","Employment","Total - Gender","15 years and over","Estimate","Seasonally adjusted","Persons in thousands","428","thousands","3","v2063945","7.3.1.1.1.1","7784.2","","","","1"
"2022-05","Ontario","2021A000235","Employment","Total - Gender","15 years and over","Estimate","Seasonally adjusted","Persons in thousands","428","thousands","3","v2063945","7.3.1.1.1.1","7791.0","","","","1"
"2022-06","Ontario","2021A000235","Employment","Total - Gender","15 years and over","Estimate","Seasonally adjusted","Persons in thousands","428","thousands","3","v2063945","7.3.1.1.1.1","7773.1","","","","1"
"2022-07","Ontario","2021A000235","Employment","Total - Gender","15 years and over","Estimate","Seasonally adjusted","Persons in thousands","428","thousands","3","v2063945","7.3.1.1.1.1","7788.2","","","","1"
"2022-08","Ontario","2021A000235","Employment","Total - Gender","15 years and over","Estimate","Seasonally adjusted","Persons in thousands","428","thousands","3","v2063945","7.3.1.1.1.1","7772.8","","","","1"
"2022-09","Ontario","2021A000235","Employment","Total - Gender","15 years and over","Estimate","Seasonally adjusted","Persons in thousands","428","thousands","3","v2063945","7.3.1.1.1.1","7751.2","","","","1"
"2022-10","Ontario","2021A000235","Employment","Total - Gender","15 years and over","Estimate","Seasonally adjusted","Persons in thousands","428","thousands","3","v2063945","7.3.1.1.1.1","7804.3","","","","1"
"2022-11","Ontario","2021A000235","Employment","Total - Gender","15 years and over","Estimate","Seasonally adjusted","Persons in thousands","428","thousands","3","v2063945","7.3.1.1.1.1","7819.5","","","","1"
"2022-12","Ontario","2021A000235","Employment","Total - Gender","15 years and over","Estimate","Seasonally adjusted","Persons in thousands","428","thousands","3","v2063945","7.3.1.1.1.1","7864.0","","","","1"
"2023-01","Ontario","2021A000235","Employment","Total - Gender","15 years and over","Estimate","Seasonally adjusted","Persons in thousands","428","thousands","3","v2063945","7.3.1.1.1.1","7900.4","","","","1"
"2023-02","Ontario","2021A000235","Employment","Total - Gender","15 years and over","Estimate","Seasonally adjusted","Persons in thousands","428","thousands","3","v2063945","7.3.1.1.1.1","7932.1","","","","1"
"2023-03","Ontario","2021A000235","Employment","Total - Gender","15 years and over","Estimate","Seasonally adjusted","Persons in thousands","428","thousands","3","v2063945","7.3.1.1.1.1","7961.7","","","","1"
"2023-04","Ontario","2021A000235","Employment","Total - Gender","15 years and over","Estimate","Seasonally adjusted","Persons in thousands","428","thousands","3","v2063945","7.3.1.1.1.1","7992.2","","","","1"
"2023-05","Ontario","2021A000235","Employment","Total - Gender","15 years and over","Estimate","Seasonally adjusted","Persons in thousands","428","thousands","3","v2063945","7.3.1.1.1.1","7981.3","","","","1"
"2023-06","Ontario","2021A000235","Employment","Total - Gender","15 years and over","Estimate","Seasonally adjusted","Persons in thousands","428","thousands","3","v2063945","7.3.1.1.1.1","8029.9","","","","1"
"2023-07","Ontario","2021A000235","Employment","Total - Gender","15 years and over","Estimate","Seasonally adjusted","Persons in thousands","428","thousands","3","v2063945","7.3.1.1.1.1","8037.7","","","","1"
"2023-08","Ontario","2021A000235","Employment","Total - Gender","15 years and over","Estimate","Seasonally adjusted","Persons in thousands","428","thousands","3","v2063945","7.3.1.1.1.1","8052.4","","","","1"
"2023-09","Ontario","2021A000235","Employment","Total - Gender","15 years and over","Estimate","Seasonally adjusted","Persons in thousands","428","thousands","3","v2063945","7.3.1.1.1.1","8067.1","","","","1"
"2023-10","Ontario","2021A000235","Employment","Total - Gender","15 years and over","Estimate","Seasonally adjusted","Persons in thousands","428","thousands","3","v2063945","7.3.1.1.1.1","8055.4","","","","1"
"2023-11","Ontario","2021A000235","Employment","Total - Gender","15 years and over","Estimate","Seasonally adjusted","Persons in thousands","428","thousands","3","v2063945","7.3.1.1.1.1","8063.9","","","","1"
"2023-12","Ontario","2021A000235","Employment","Total - Gender","15 years and over","Estimate","Seasonally adjusted","Persons in thousands","428","thousands","3","v2063945","7.3.1.1.1.1","8038.2","","","","1"
"2024-01","Ontario","2021A000235","Employment","Total - Gender","15 years and over","Estimate","Seasonally adjusted","Persons in thousands","428","thousands","3","v2063945","7.3.1.1.1.1","8051.0","","","","1"
"2024-02","Ontario","2021A000235","Employment","Total - Gender","15 years and over","Estimate","Seasonally adjusted","Persons in thousands","428","thousands","3","v2063945","7.3.1.1.1.1","8054.6","","","","1"
"2024-03","Ontario","2021A000235","Employment","Total - Gender","15 years and over","Estimate","Seasonally adjusted","Persons in thousands","428","thousands","3","v2063945","7.3.1.1.1.1","8092.5","","","","1"
"2024-04","Ontario","2021A000235","Employment","Total - Gender","15 years and over","Estimate","Seasonally adjusted","Persons in thousands","428","thousands","3","v2063945","7.3.1.1.1.1","8114.1","","","","1"
"2024-05","Ontario","2021A000235","Employment","Total - Gender","15 years and over","Estimate","Seasonally adjusted","Persons in thousands","428","thousands","3","v2063945","7.3.1.1.1.1","8152.5","","","","1"
"2024-06","Ontario","2021A000235","Employment","Total - Gender","15 years and over","Estimate","Seasonally adjusted","Persons in thousands","428","thousands","3","v2063945","7.3.1.1.1.1","8155.4","","","","1"
"2024-07","Ontario","2021A000235","Employment","Total - Gender","15 years and over","Estimate","Seasonally adjusted","Persons in thousands","428","thousands","3","v2063945","7.3.1.1.1.1","8175.1","","","","1"
"2024-08","Ontario","2021A000235","Employment","Total - Gender","15 years and over","Estimate","Seasonally adjusted","Persons in thousands","428","thousands","3","v2063945","7.3.1.1.1.1","8170.3","","","","1"
"2024-09","Ontario","2021A000235","Employment","Total - Gender","15 years and over","Estimate","Seasonally adjusted","Persons in thousands","428","thousands","3","v2063945","7.3.1.1.1.1","8203.1","","","","1"
"2024-10","Ontario","2021A000235","Employment","Total - Gender","15 years and over","Estimate","Seasonally adjusted","Persons in thousands","428","thousands","3","v2063945","7.3.1.1.1.1","8180.2","","","","1"
"2024-11","Ontario","2021A000235","Employment","Total - Gender","15 years and over","Estimate","Seasonally adjusted","Persons in thousands","428","thousands","3","v2063945","7.3.1.1.1.1","8172.9","","","","1"
"2024-12","Ontario","2021A000235","Employment","Total - Gender","15 years and over","Estimate","Seasonally adjusted","Persons in thousands","428","thousands","3","v2063945","7.3.1.1.1.1","8210.0","","","","1"
"2025-01","Ontario","2021A000235","Employment","Total - Gender","15 years and over","Estimate","Seasonally adjusted","Persons in thousands","428","thousands","3","v2063945","7.3.1.1.1.1","8234.2","","","","1"
"2025-02","Ontario","2021A000235","Employment","Total - Gender","15 years and over","Estimate","Seasonally adjusted","Persons in thousands","428","thousands","3","v2063945","7.3.1.1.1.1","8245.7","","","","1"
"2025-03","Ontario","2021A000235","Employment","Total - Gender","15 years and over","Estimate","Seasonally adjusted","Persons in thousands","428","thousands","3","v2063945","7.3.1.1.1.1","8221.6","","","","1"
"2025-04","Ontario","2021A000235","Employment","Total - Gender","15 years and over","Estimate","Seasonally adjusted","Persons in thousands","428","thousands","3","v2063945","7.3.1.1.1.1","8193.6","","","","1"
"2025-05","Ontario","2021A000235","Employment","Total - Gender","15 years and over","Estimate","Seasonally adjusted","Persons in thousands","428","thousands","3","v2063945","7.3.1.1.1.1","8198.1","","","","1"
"2025-06","Ontario","2021A000235","Employment","Total - Gender","15 years and over","Estimate","Seasonally adjusted","Persons in thousands","428","thousands","3","v2063945","7.3.1.1.1.1","8208.3","","","","1"
"2025-07","Ontario","2021A000235","Employment","Total - Gender","15 years and over","Estimate","Seasonally adjusted","Persons in thousands","428","thousands","3","v2063945","7.3.1.1.1.1","8216.3","","","","1"
"2025-08","Ontario","2021A000235","Employment","Total - Gender","15 years and over","Estimate","Seasonally adjusted","Persons in thousands","428","thousands","3","v2063945","7.3.1.1.1.1","8190.3","","","","1"
"2025-09","Ontario","2021A000235","Employment","Total - Gender","15 years and over","Estimate","Seasonally adjusted","Persons in thousands","428","thousands","3","v2063945","7.3.1.1.1.1","8200.2","","","","1"
"2025-10","Ontario","2021A000235","Employment","Total - Gender","15 years and over","Estimate","Seasonally adjusted","Persons in thousands","428","thousands","3","v2063945","7.3.1.1.1.1","8252.5","","","","1"
"2025-11","Ontario","2021A000235","Employment","Total - Gender","15 years and over","Estimate","Seasonally adjusted","Persons in thousands","428","thousands","3","v2063945","7.3.1.1.1.1","8256.4","","","","1"
"2025-12","Ontario","2021A000235","Employment","Total - Gender","15 years and over","Estimate","Seasonally adjusted","Persons in thousands","428","thousands","3","v2063945","7.3.1.1.1.1","8274.5","","","","1"
"2026-01","Ontario","2021A000235","Employment","Total - Gender","15 years and over","Estimate","Seasonally adjusted","Persons in thousands","428","thousands","3","v2063945","7.3.1.1.1.1","8208.0","","","","1"
"2026-02","Ontario","2021A000235","Employment","Total - Gender","15 years and over","Estimate","Seasonally adjusted","Persons in thousands","428","thousands","3","v2063945","7.3.1.1.1.1","8211.3","","","","1"
"2026-03","Ontario","2021A000235","Employment","Total - Gender","15 years and over","Estimate","Seasonally adjusted","Persons in thousands","428","thousands","3","v2063945","7.3.1.1.1.1","8205.5","","","","1"
"2026-04","Ontario","2021A000235","Employment","Total - Gender","15 years and over","Estimate","Seasonally adjusted","Persons in thousands","428","thousands","3","v2063945","7.3.1.1.1.1","8247.9","","","","1"
"2026-05","Ontario","2021A000235","Employment","Total - Gender","15 years and over","Estimate","Seasonally adjusted","Persons in thousands","428","thousands","3","v2063945","7.3.1.1.1.1","8289.7","","","","1"
"2026-06","Ontario","2021A000235","Employment","Total - Gender","15 years and over","Estimate","Seasonally adjusted","Persons in thousands","428","thousands","3","v2063945","7.3.1.1.1.1","8273.0","","","","1"
"2015-02","Ontario","2021A000235","Employment","Total - Gender","15 years and over","Estimate","Trend-cycle","Persons in thousands","428","thousands","3","v123339363","7.3.1.1.1.3","6843.5","","","","1"
"2015-03","Ontario","2021A000235","Employment","Total - Gender","15 years and over","Estimate","Trend-cycle","Persons in thousands","428","thousands","3","v123339363","7.3.1.1.1.3","6848.0","","","","1"
"2015-04","Ontario","2021A000235","Employment","Total - Gender","15 years and over","Estimate","Trend-cycle","Persons in thousands","428","thousands","3","v123339363","7.3.1.1.1.3","6854.7","","","","1"
"2015-05","Ontario","2021A000235","Employment","Total - Gender","15 years and over","Estimate","Trend-cycle","Persons in thousands","428","thousands","3","v123339363","7.3.1.1.1.3","6862.2","","","","1"
"2015-06","Ontario","2021A000235","Employment","Total - Gender","15 years and over","Estimate","Trend-cycle","Persons in thousands","428","thousands","3","v123339363","7.3.1.1.1.3","6867.1","","","","1"
"2015-07","Ontario","2021A000235","Employment","Total - Gender","15 years and over","Estimate","Trend-cycle","Persons in thousands","428","thousands","3","v123339363","7.3.1.1.1.3","6869.4","","","","1"
"2015-08","Ontario","2021A000235","Employment","Total - Gender","15 years and over","Estimate","Trend-cycle","Persons in thousands","428","thousands","3","v123339363","7.3.1.1.1.3","6869.0","","","","1"
"2015-09","Ontario","2021A000235","Employment","Total - Gender","15 years and over","Estimate","Trend-cycle","Persons in thousands","428","thousands","3","v123339363","7.3.1.1.1.3","6868.6","","","","1"
"2015-10","Ontario","2021A000235","Employment","Total - Gender","15 years and over","Estimate","Trend-cycle","Persons in thousands","428","thousands","3","v123339363","7.3.1.1.1.3","6870.9","","","","1"
"2015-11","Ontario","2021A000235","Employment","Total - Gender","15 years and over","Estimate","Trend-cycle","Persons in thousands","428","thousands","3","v123339363","7.3.1.1.1.3","6874.4","","","","1"
"2015-12","Ontario","2021A000235","Employment","Total - Gender","15 years and over","Estimate","Trend-cycle","Persons in thousands","428","thousands","3","v123339363","7.3.1.1.1.3","6882.7","","","","1"
"2016-01","Ontario","2021A000235","Employment","Total - Gender","15 years and over","Estimate","Trend-cycle","Persons in thousands","428","thousands","3","v123339363","7.3.1.1.1.3","6893.7","","","","1"
"2016-02","Ontario","2021A000235","Employment","Total - Gender","15 years and over","Estimate","Trend-cycle","Persons in thousands","428","thousands","3","v123339363","7.3.1.1.1.3","6903.8","","","","1"
"2016-03","Ontario","2021A000235","Employment","Total - Gender","15 years and over","Estimate","Trend-cycle","Persons in thousands","428","thousands","3","v123339363","7.3.1.1.1.3","6912.9","","","","1"
"2016-04","Ontario","2021A000235","Employment","Total - Gender","15 years and over","Estimate","Trend-cycle","Persons in thousands","428","thousands","3","v123339363","7.3.1.1.1.3","6919.8","","","","1"
"2016-05","Ontario","2021A000235","Employment","Total - Gender","15 years and over","Estimate","Trend-cycle","Persons in thousands","428","thousands","3","v123339363","7.3.1.1.1.3","6925.1","","","","1"
"2016-06","Ontario","2021A000235","Employment","Total - Gender","15 years and over","Estimate","Trend-cycle","Persons in thousands","428","thousands","3","v123339363","7.3.1.1.1.3","6928.7","","","","1"
"2016-07","Ontario","2021A000235","Employment","Total - Gender","15 years and over","Estimate","Trend-cycle","Persons in thousands","428","thousands","3","v123339363","7.3.1.1.1.3","6931.7","","","","1"
"2016-08","Ontario","2021A000235","Employment","Total - Gender","15 years and over","Estimate","Trend-cycle","Persons in thousands","428","thousands","3","v123339363","7.3.1.1.1.3","6937.5","","","","1"
"2016-09","Ontario","2021A000235","Employment","Total - Gender","15 years and over","Estimate","Trend-cycle","Persons in thousands","428","thousands","3","v123339363","7.3.1.1.1.3","6947.6","","","","1"
"2016-10","Ontario","2021A000235","Employment","Total - Gender","15 years and over","Estimate","Trend-cycle","Persons in thousands","428","thousands","3","v123339363","7.3.1.1.1.3","6961.2","","","","1"
"2016-11","Ontario","2021A000235","Employment","Total - Gender","15 years and over","Estimate","Trend-cycle","Persons in thousands","428","thousands","3","v123339363","7.3.1.1.1.3","6976.8","","","","1"
"2016-12","Ontario","2021A000235","Employment","Total - Gender","15 years and over","Estimate","Trend-cycle","Persons in thousands","428","thousands","3","v123339363","7.3.1.1.1.3","6995.1","","","","1"
"2017-01","Ontario","2021A000235","Employment","Total - Gender","15 years and over","Estimate","Trend-cycle","Persons in thousands","428","thousands","3","v123339363","7.3.1.1.1.3","7013.2","","","","1"
"2017-02","Ontario","2021A000235","Employment","Total - Gender","15 years and over","Estimate","Trend-cycle","Persons in thousands","428","thousands","3","v123339363","7.3.1.1.1.3","7029.0","","","","1"
"2017-03","Ontario","2021A000235","Employment","Total - Gender","15 years and over","Estimate","Trend-cycle","Persons in thousands","428","thousands","3","v123339363","7.3.1.1.1.3","7044.7","","","","1"
"2017-04","Ontario","2021A000235","Employment","Total - Gender","15 years and over","Estimate","Trend-cycle","Persons in thousands","428","thousands","3","v123339363","7.3.1.1.1.3","7059.9","","","","1"
"2017-05","Ontario","2021A000235","Employment","Total - Gender","15 years and over","Estimate","Trend-cycle","Persons in thousands","428","thousands","3","v123339363","7.3.1.1.1.3","7077.6","","","","1"
"2017-06","Ontario","2021A000235","Employment","Total - Gender","15 years and over","Estimate","Trend-cycle","Persons in thousands","428","thousands","3","v123339363","7.3.1.1.1.3","7097.4","","","","1"
"2017-07","Ontario","2021A000235","Employment","Total - Gender","15 years and over","Estimate","Trend-cycle","Persons in thousands","428","thousands","3","v123339363","7.3.1.1.1.3","7119.7","","","","1"
"2017-08","Ontario","2021A000235","Employment","Total - Gender","15 years and over","Estimate","Trend-cycle","Persons in thousands","428","thousands","3","v123339363","7.3.1.1.1.3","7141.4","","","","1"
"2017-09","Ontario","2021A000235","Employment","Total - Gender","15 years and over","Estimate","Trend-cycle","Persons in thousands","428","thousands","3","v123339363","7.3.1.1.1.3","7160.5","","","","1"
"2017-10","Ontario","2021A000235","Employment","Total - Gender","15 years and over","Estimate","Trend-cycle","Persons in thousands","428","thousands","3","v123339363","7.3.1.1.1.3","7175.1","","","","1"
"2017-11","Ontario","2021A000235","Employment","Total - Gender","15 years and over","Estimate","Trend-cycle","Persons in thousands","428","thousands","3","v123339363","7.3.1.1.1.3","7185.5","","","","1"
"2017-12","Ontario","2021A000235","Employment","Total - Gender","15 years and over","Estimate","Trend-cycle","Persons in thousands","428","thousands","3","v123339363","7.3.1.1.1.3","7189.3","","","","1"
"2018-01","Ontario","2021A000235","Employment","Total - Gender","15 years and over","Estimate","Trend-cycle","Persons in thousands","428","thousands","3","v123339363","7.3.1.1.1.3","7188.7","","","","1"
"2018-02","Ontario","2021A000235","Employment","Total - Gender","15 years and over","Estimate","Trend-cycle","Persons in thousands","428","thousands","3","v123339363","7.3.1.1.1.3","7193.5","","","","1"
"2018-03","Ontario","2021A000235","Employment","Total - Gender","15 years and over","Estimate","Trend-cycle","Persons in thousands","428","thousands","3","v123339363","7.3.1.1.1.3","7199.5","","","","1"
"2018-04","Ontario","2021A000235","Employment","Total - Gender","15 years and over","Estimate","Trend-cycle","Persons in thousands","428","thousands","3","v123339363","7.3.1.1.1.3","7208.8","","","","1"
"2018-05","Ontario","2021A000235","Employment","Total - Gender","15 years and over","Estimate","Trend-cycle","Persons in thousands","428","thousands","3","v123339363","7.3.1.1.1.3","7223.2","","","","1"
"2018-06","Ontario","2021A000235","Employment","Total - Gender","15 years and over","Estimate","Trend-cycle","Persons in thousands","428","thousands","3","v123339363","7.3.1.1.1.3","7238.8","","","","1"
"2018-07","Ontario","2021A000235","Employment","Total - Gender","15 years and over","Estimate","Trend-cycle","Persons in thousands","428","thousands","3","v123339363","7.3.1.1.1.3","7255.1","","","","1"
"2018-08","Ontario","2021A000235","Employment","Total - Gender","15 years and over","Estimate","Trend-cycle","Persons in thousands","428","thousands","3","v123339363","7.3.1.1.1.3","7265.8","","","","1"
"2018-09","Ontario","2021A000235","Employment","Total - Gender","15 years and over","Estimate","Trend-cycle","Persons in thousands","428","thousands","3","v123339363","7.3.1.1.1.3","7277.3","","","","1"
"2018-10","Ontario","2021A000235","Employment","Total - Gender","15 years and over","Estimate","Trend-cycle","Persons in thousands","428","thousands","3","v123339363","7.3.1.1.1.3","7287.7","","","","1"
"2018-11","Ontario","2021A000235","Employment","Total - Gender","15 years and over","Estimate","Trend-cycle","Persons in thousands","428","thousands","3","v123339363","7.3.1.1.1.3","7299.4","","","","1"
"2018-12","Ontario","2021A000235","Employment","Total - Gender","15 years and over","Estimate","Trend-cycle","Persons in thousands","428","thousands","3","v123339363","7.3.1.1.1.3","7311.4","","","","1"
"2019-01","Ontario","2021A000235","Employment","Total - Gender","15 years and over","Estimate","Trend-cycle","Persons in thousands","428","thousands","3","v123339363","7.3.1.1.1.3","7327.1","","","","1"
"2019-02","Ontario","2021A000235","Employment","Total - Gender","15 years and over","Estimate","Trend-cycle","Persons in thousands","428","thousands","3","v123339363","7.3.1.1.1.3","7344.5","","","","1"
"2019-03","Ontario","2021A000235","Employment","Total - Gender","15 years and over","Estimate","Trend-cycle","Persons in thousands","428","thousands","3","v123339363","7.3.1.1.1.3","7358.5","","","","1"
"2019-04","Ontario","2021A000235","Employment","Total - Gender","15 years and over","Estimate","Trend-cycle","Persons in thousands","428","thousands","3","v123339363","7.3.1.1.1.3","7375.8","","","","1"
"2019-05","Ontario","2021A000235","Employment","Total - Gender","15 years and over","Estimate","Trend-cycle","Persons in thousands","428","thousands","3","v123339363","7.3.1.1.1.3","7390.4","","","","1"
"2019-06","Ontario","2021A000235","Employment","Total - Gender","15 years and over","Estimate","Trend-cycle","Persons in thousands","428","thousands","3","v123339363","7.3.1.1.1.3","7403.7","","","","1"
"2019-07","Ontario","2021A000235","Employment","Total - Gender","15 years and over","Estimate","Trend-cycle","Persons in thousands","428","thousands","3","v123339363","7.3.1.1.1.3","7416.8","","","","1"
"2019-08","Ontario","2021A000235","Employment","Total - Gender","15 years and over","Estimate","Trend-cycle","Persons in thousands","428","thousands","3","v123339363","7.3.1.1.1.3","7432.2","","","","1"
"2019-09","Ontario","2021A000235","Employment","Total - Gender","15 years and over","Estimate","Trend-cycle","Persons in thousands","428","thousands","3","v123339363","7.3.1.1.1.3","7460.7","","","","1"
"2019-10","Ontario","2021A000235","Employment","Total - Gender","15 years and over","Estimate","Trend-cycle","Persons in thousands","428","thousands","3","v123339363","7.3.1.1.1.3","7497.2","","","","1"
"2019-11","Ontario","2021A000235","Employment","Total - Gender","15 years and over","Estimate","Trend-cycle","Persons in thousands","428","thousands","3","v123339363","7.3.1.1.1.3","7502.6","","","","1"
"2019-12","Ontario","2021A000235","Employment","Total - Gender","15 years and over","Estimate","Trend-cycle","Persons in thousands","428","thousands","3","v123339363","7.3.1.1.1.3","7452.3","","","","1"
"2020-01","Ontario","2021A000235","Employment","Total - Gender","15 years and over","Estimate","Trend-cycle","Persons in thousands","428","thousands","3","v123339363","7.3.1.1.1.3","7344.2","","","","1"
"2020-02","Ontario","2021A000235","Employment","Total - Gender","15 years and over","Estimate","Trend-cycle","Persons in thousands","428","thousands","3","v123339363","7.3.1.1.1.3","7173.5","","","","1"
"2020-03","Ontario","2021A000235","Employment","Total - Gender","15 years and over","Estimate","Trend-cycle","Persons in thousands","428","thousands","3","v123339363","7.3.1.1.1.3","6966.5","","","","1"
"2020-04","Ontario","2021A000235","Employment","Total - Gender","15 years and over","Estimate","Trend-cycle","Persons in thousands","428","thousands","3","v123339363","7.3.1.1.1.3","6791.3","","","","1"
"2020-05","Ontario","2021A000235","Employment","Total - Gender","15 years and over","Estimate","Trend-cycle","Persons in thousands","428","thousands","3","v123339363","7.3.1.1.1.3","6708.2","","","","1"
"2020-06","Ontario","2021A000235","Employment","Total - Gender","15 years and over","Estimate","Trend-cycle","Persons in thousands","428","thousands","3","v123339363","7.3.1.1.1.3","6735.7","","","","1"
"2020-07","Ontario","2021A000235","Employment","Total - Gender","15 years and over","Estimate","Trend-cycle","Persons in thousands","428","thousands","3","v123339363","7.3.1.1.1.3","6847.1","","","","1"
"2020-08","Ontario","2021A000235","Employment","Total - Gender","15 years and over","Estimate","Trend-cycle","Persons in thousands","428","thousands","3","v123339363","7.3.1.1.1.3","6986.1","","","","1"
"2020-09","Ontario","2021A000235","Employment","Total - Gender","15 years and over","Estimate","Trend-cycle","Persons in thousands","428","thousands","3","v123339363","7.3.1.1.1.3","7120.6","","","","1"
"2020-10","Ontario","2021A000235","Employment","Total - Gender","15 years and over","Estimate","Trend-cycle","Persons in thousands","428","thousands","3","v123339363","7.3.1.1.1.3","7223.6","","","","1"
"2020-11","Ontario","2021A000235","Employment","Total - Gender","15 years and over","Estimate","Trend-cycle","Persons in thousands","428","thousands","3","v123339363","7.3.1.1.1.3","7261.6","","","","1"
"2020-12","Ontario","2021A000235","Employment","Total - Gender","15 years and over","Estimate","Trend-cycle","Persons in thousands","428","thousands","3","v123339363","7.3.1.1.1.3","7257.8","","","","1"
"2021-01","Ontario","2021A000235","Employment","Total - Gender","15 years and over","Estimate","Trend-cycle","Persons in thousands","428","thousands","3","v123339363","7.3.1.1.1.3","7249.4","","","","1"
"2021-02","Ontario","2021A000235","Employment","Total - Gender","15 years and over","Estimate","Trend-cycle","Persons in thousands","428","thousands","3","v123339363","7.3.1.1.1.3","7246.1","","","","1"
"2021-03","Ontario","2021A000235","Employment","Total - Gender","15 years and over","Estimate","Trend-cycle","Persons in thousands","428","thousands","3","v123339363","7.3.1.1.1.3","7248.5","","","","1"
"2021-04","Ontario","2021A000235","Employment","Total - Gender","15 years and over","Estimate","Trend-cycle","Persons in thousands","428","thousands","3","v123339363","7.3.1.1.1.3","7263.2","","","","1"
"2021-05","Ontario","2021A000235","Employment","Total - Gender","15 years and over","Estimate","Trend-cycle","Persons in thousands","428","thousands","3","v123339363","7.3.1.1.1.3","7291.8","","","","1"
"2021-06","Ontario","2021A000235","Employment","Total - Gender","15 years and over","Estimate","Trend-cycle","Persons in thousands","428","thousands","3","v123339363","7.3.1.1.1.3","7339.6","","","","1"
"2021-07","Ontario","2021A000235","Employment","Total - Gender","15 years and over","Estimate","Trend-cycle","Persons in thousands","428","thousands","3","v123339363","7.3.1.1.1.3","7409.2","","","","1"
"2021-08","Ontario","2021A000235","Employment","Total - Gender","15 years and over","Estimate","Trend-cycle","Persons in thousands","428","thousands","3","v123339363","7.3.1.1.1.3","7468.2","","","","1"
"2021-09","Ontario","2021A000235","Employment","Total - Gender","15 years and over","Estimate","Trend-cycle","Persons in thousands","428","thousands","3","v123339363","7.3.1.1.1.3","7527.5","","","","1"
"2021-10","Ontario","2021A000235","Employment","Total - Gender","15 years and over","Estimate","Trend-cycle","Persons in thousands","428","thousands","3","v123339363","7.3.1.1.1.3","7587.3","","","","1"
"2021-11","Ontario","2021A000235","Employment","Total - Gender","15 years and over","Estimate","Trend-cycle","Persons in thousands","428","thousands","3","v123339363","7.3.1.1.1.3","7628.3","","","","1"
"2021-12","Ontario","2021A000235","Employment","Total - Gender","15 years and over","Estimate","Trend-cycle","Persons in thousands","428","thousands","3","v123339363","7.3.1.1.1.3","7658.3","","","","1"
"2022-01","Ontario","2021A000235","Employment","Total - Gender","15 years and over","Estimate","Trend-cycle","Persons in thousands","428","thousands","3","v123339363","7.3.1.1.1.3","7682.3","","","","1"
"2022-02","Ontario","2021A000235","Employment","Total - Gender","15 years and over","Estimate","Trend-cycle","Persons in thousands","428","thousands","3","v123339363","7.3.1.1.1.3","7711.9","","","","1"
"2022-03","Ontario","2021A000235","Employment","Total - Gender","15 years and over","Estimate","Trend-cycle","Persons in thousands","428","thousands","3","v123339363","7.3.1.1.1.3","7737.5","","","","1"
"2022-04","Ontario","2021A000235","Employment","Total - Gender","15 years and over","Estimate","Trend-cycle","Persons in thousands","428","thousands","3","v123339363","7.3.1.1.1.3","7759.7","","","","1"
"2022-05","Ontario","2021A000235","Employment","Total - Gender","15 years and over","Estimate","Trend-cycle","Persons in thousands","428","thousands","3","v123339363","7.3.1.1.1.3","7770.5","","","","1"
"2022-06","Ontario","2021A000235","Employment","Total - Gender","15 years and over","Estimate","Trend-cycle","Persons in thousands","428","thousands","3","v123339363","7.3.1.1.1.3","7778.1","","","","1"
"2022-07","Ontario","2021A000235","Employment","Total - Gender","15 years and over","Estimate","Trend-cycle","Persons in thousands","428","thousands","3","v123339363","7.3.1.1.1.3","7781.7","","","","1"
"2022-08","Ontario","2021A000235","Employment","Total - Gender","15 years and over","Estimate","Trend-cycle","Persons in thousands","428","thousands","3","v123339363","7.3.1.1.1.3","7779.4","","","","1"
"2022-09","Ontario","2021A000235","Employment","Total - Gender","15 years and over","Estimate","Trend-cycle","Persons in thousands","428","thousands","3","v123339363","7.3.1.1.1.3","7787.2","","","","1"
"2022-10","Ontario","2021A000235","Employment","Total - Gender","15 years and over","Estimate","Trend-cycle","Persons in thousands","428","thousands","3","v123339363","7.3.1.1.1.3","7803.8","","","","1"
"2022-11","Ontario","2021A000235","Employment","Total - Gender","15 years and over","Estimate","Trend-cycle","Persons in thousands","428","thousands","3","v123339363","7.3.1.1.1.3","7830.1","","","","1"
"2022-12","Ontario","2021A000235","Employment","Total - Gender","15 years and over","Estimate","Trend-cycle","Persons in thousands","428","thousands","3","v123339363","7.3.1.1.1.3","7861.4","","","","1"
"2023-01","Ontario","2021A000235","Employment","Total - Gender","15 years and over","Estimate","Trend-cycle","Persons in thousands","428","thousands","3","v123339363","7.3.1.1.1.3","7893.8","","","","1"
"2023-02","Ontario","2021A000235","Employment","Total - Gender","15 years and over","Estimate","Trend-cycle","Persons in thousands","428","thousands","3","v123339363","7.3.1.1.1.3","7927.0","","","","1"
"2023-03","Ontario","2021A000235","Employment","Total - Gender","15 years and over","Estimate","Trend-cycle","Persons in thousands","428","thousands","3","v123339363","7.3.1.1.1.3","7955.5","","","","1"
"2023-04","Ontario","2021A000235","Employment","Total - Gender","15 years and over","Estimate","Trend-cycle","Persons in thousands","428","thousands","3","v123339363","7.3.1.1.1.3","7980.2","","","","1"
"2023-05","Ontario","2021A000235","Employment","Total - Gender","15 years and over","Estimate","Trend-cycle","Persons in thousands","428","thousands","3","v123339363","7.3.1.1.1.3","8001.6","","","","1"
"2023-06","Ontario","2021A000235","Employment","Total - Gender","15 years and over","Estimate","Trend-cycle","Persons in thousands","428","thousands","3","v123339363","7.3.1.1.1.3","8020.8","","","","1"
"2023-07","Ontario","2021A000235","Employment","Total - Gender","15 years and over","Estimate","Trend-cycle","Persons in thousands","428","thousands","3","v123339363","7.3.1.1.1.3","8036.0","","","","1"
"2023-08","Ontario","2021A000235","Employment","Total - Gender","15 years and over","Estimate","Trend-cycle","Persons in thousands","428","thousands","3","v123339363","7.3.1.1.1.3","8047.3","","","","1"
"2023-09","Ontario","2021A000235","Employment","Total - Gender","15 years and over","Estimate","Trend-cycle","Persons in thousands","428","thousands","3","v123339363","7.3.1.1.1.3","8052.9","","","","1"
"2023-10","Ontario","2021A000235","Employment","Total - Gender","15 years and over","Estimate","Trend-cycle","Persons in thousands","428","thousands","3","v123339363","7.3.1.1.1.3","8054.5","","","","1"
"2023-11","Ontario","2021A000235","Employment","Total - Gender","15 years and over","Estimate","Trend-cycle","Persons in thousands","428","thousands","3","v123339363","7.3.1.1.1.3","8054.6","","","","1"
"2023-12","Ontario","2021A000235","Employment","Total - Gender","15 years and over","Estimate","Trend-cycle","Persons in thousands","428","thousands","3","v123339363","7.3.1.1.1.3","8054.6","","","","1"
"2024-01","Ontario","2021A000235","Employment","Total - Gender","15 years and over","Estimate","Trend-cycle","Persons in thousands","428","thousands","3","v123339363","7.3.1.1.1.3","8061.1","","","","1"
"2024-02","Ontario","2021A000235","Employment","Total - Gender","15 years and over","Estimate","Trend-cycle","Persons in thousands","428","thousands","3","v123339363","7.3.1.1.1.3","8073.2","","","","1"
"2024-03","Ontario","2021A000235","Employment","Total - Gender","15 years and over","Estimate","Trend-cycle","Persons in thousands","428","thousands","3","v123339363","7.3.1.1.1.3","8091.6","","","","1"
"2024-04","Ontario","2021A000235","Employment","Total - Gender","15 years and over","Estimate","Trend-cycle","Persons in thousands","428","thousands","3","v123339363","7.3.1.1.1.3","8113.6","","","","1"
"2024-05","Ontario","2021A000235","Employment","Total - Gender","15 years and over","Estimate","Trend-cycle","Persons in thousands","428","thousands","3","v123339363","7.3.1.1.1.3","8136.2","","","","1"
"2024-06","Ontario","2021A000235","Employment","Total - Gender","15 years and over","Estimate","Trend-cycle","Persons in thousands","428","thousands","3","v123339363","7.3.1.1.1.3","8153.9","","","","1"
"2024-07","Ontario","2021A000235","Employment","Total - Gender","15 years and over","Estimate","Trend-cycle","Persons in thousands","428","thousands","3","v123339363","7.3.1.1.1.3","8167.2","","","","1"
"2024-08","Ontario","2021A000235","Employment","Total - Gender","15 years and over","Estimate","Trend-cycle","Persons in thousands","428","thousands","3","v123339363","7.3.1.1.1.3","8176.3","","","","1"
"2024-09","Ontario","2021A000235","Employment","Total - Gender","15 years and over","Estimate","Trend-cycle","Persons in thousands","428","thousands","3","v123339363","7.3.1.1.1.3","8184.2","","","","1"
"2024-10","Ontario","2021A000235","Employment","Total - Gender","15 years and over","Estimate","Trend-cycle","Persons in thousands","428","thousands","3","v123339363","7.3.1.1.1.3","8191.7","","","","1"
"2024-11","Ontario","2021A000235","Employment","Total - Gender","15 years and over","Estimate","Trend-cycle","Persons in thousands","428","thousands","3","v123339363","7.3.1.1.1.3","8199.8","","","","1"
"2024-12","Ontario","2021A000235","Employment","Total - Gender","15 years and over","Estimate","Trend-cycle","Persons in thousands","428","thousands","3","v123339363","7.3.1.1.1.3","8208.8","","","","1"
"2025-01","Ontario","2021A000235","Employment","Total - Gender","15 years and over","Estimate","Trend-cycle","Persons in thousands","428","thousands","3","v123339363","7.3.1.1.1.3","8216.0","","","","1"
"2025-02","Ontario","2021A000235","Employment","Total - Gender","15 years and over","Estimate","Trend-cycle","Persons in thousands","428","thousands","3","v123339363","7.3.1.1.1.3","8219.8","","","","1"
"2025-03","Ontario","2021A000235","Employment","Total - Gender","15 years and over","Estimate","Trend-cycle","Persons in thousands","428","thousands","3","v123339363","7.3.1.1.1.3","8217.6","","","","1"
"2025-04","Ontario","2021A000235","Employment","Total - Gender","15 years and over","Estimate","Trend-cycle","Persons in thousands","428","thousands","3","v123339363","7.3.1.1.1.3","8212.3","","","","1"
"2025-05","Ontario","2021A000235","Employment","Total - Gender","15 years and over","Estimate","Trend-cycle","Persons in thousands","428","thousands","3","v123339363","7.3.1.1.1.3","8207.3","","","","1"
"2025-06","Ontario","2021A000235","Employment","Total - Gender","15 years and over","Estimate","Trend-cycle","Persons in thousands","428","thousands","3","v123339363","7.3.1.1.1.3","8204.0","","","","1"
"2025-07","Ontario","2021A000235","Employment","Total - Gender","15 years and over","Estimate","Trend-cycle","Persons in thousands","428","thousands","3","v123339363","7.3.1.1.1.3","8206.7","","","","1"
"2025-08","Ontario","2021A000235","Employment","Total - Gender","15 years and over","Estimate","Trend-cycle","Persons in thousands","428","thousands","3","v123339363","7.3.1.1.1.3","8213.2","","","","1"
"2025-09","Ontario","2021A000235","Employment","Total - Gender","15 years and over","Estimate","Trend-cycle","Persons in thousands","428","thousands","3","v123339363","7.3.1.1.1.3","8222.9","","","","1"
"2025-10","Ontario","2021A000235","Employment","Total - Gender","15 years and over","Estimate","Trend-cycle","Persons in thousands","428","thousands","3","v123339363","7.3.1.1.1.3","8232.3","","","","1"
"2025-11","Ontario","2021A000235","Employment","Total - Gender","15 years and over","Estimate","Trend-cycle","Persons in thousands","428","thousands","3","v123339363","7.3.1.1.1.3","8235.6","","","","1"
"2025-12","Ontario","2021A000235","Employment","Total - Gender","15 years and over","Estimate","Trend-cycle","Persons in thousands","428","thousands","3","v123339363","7.3.1.1.1.3","8236.1","","","","1"
"2026-01","Ontario","2021A000235","Employment","Total - Gender","15 years and over","Estimate","Trend-cycle","Persons in thousands","428","thousands","3","v123339363","7.3.1.1.1.3","8234.1","","","","1"
"2026-02","Ontario","2021A000235","Employment","Total - Gender","15 years and over","Estimate","Trend-cycle","Persons in thousands","428","thousands","3","v123339363","7.3.1.1.1.3","8234.5","","","","1"
"2026-03","Ontario","2021A000235","Employment","Total - Gender","15 years and over","Estimate","Trend-cycle","Persons in thousands","428","thousands","3","v123339363","7.3.1.1.1.3","8236.8","","","","1"
"2026-04","Ontario","2021A000235","Employment","Total - Gender","15 years and over","Estimate","Trend-cycle","Persons in thousands","428","thousands","3","v123339363","7.3.1.1.1.3","8243.9","","","","1"
"2026-05","Ontario","2021A000235","Employment","Total - Gender","15 years and over","Estimate","Trend-cycle","Persons in thousands","428","thousands","3","v123339363","7.3.1.1.1.3","8253.2","","","","1"
"2026-06","Ontario","2021A000235","Employment","Total - Gender","15 years and over","Estimate","Trend-cycle","Persons in thousands","428","thousands","3","v123339363","7.3.1.1.1.3","8262.7","","","","1"
"2015-02","Ontario","2021A000235","Full-time employment","Total - Gender","15 years and over","Estimate","Seasonally adjusted","Persons in thousands","428","thousands","3","v2063946","7.4.1.1.1.1","5524.2","","","","1"
"2015-03","Ontario","2021A000235","Full-time employment","Total - Gender","15 years and over","Estimate","Seasonally adjusted","Persons in thousands","428","thousands","3","v2063946","7.4.1.1.1.1","5520.7","","","","1"
"2015-04","Ontario","2021A000235","Full-time employment","Total - Gender","15 years and over","Estimate","Seasonally adjusted","Persons in thousands","428","thousands","3","v2063946","7.4.1.1.1.1","5530.3","","","","1"
"2015-05","Ontario","2021A000235","Full-time employment","Total - Gender","15 years and over","Estimate","Seasonally adjusted","Persons in thousands","428","thousands","3","v2063946","7.4.1.1.1.1","5538.6","","","","1"
"2015-06","Ontario","2021A000235","Full-time employment","Total - Gender","15 years and over","Estimate","Seasonally adjusted","Persons in thousands","428","thousands","3","v2063946","7.4.1.1.1.1","5581.9","","","","1"
"2015-07","Ontario","2021A000235","Full-time employment","Total - Gender","15 years and over","Estimate","Seasonally adjusted","Persons in thousands","428","thousands","3","v2063946","7.4.1.1.1.1","5583.1","","","","1"
"2015-08","Ontario","2021A000235","Full-time employment","Total - Gender","15 years and over","Estimate","Seasonally adjusted","Persons in thousands","428","thousands","3","v2063946","7.4.1.1.1.1","5613.8","","","","1"
"2015-09","Ontario","2021A000235","Full-time employment","Total - Gender","15 years and over","Estimate","Seasonally adjusted","Persons in thousands","428","thousands","3","v2063946","7.4.1.1.1.1","5550.2","","","","1"
"2015-10","Ontario","2021A000235","Full-time employment","Total - Gender","15 years and over","Estimate","Seasonally adjusted","Persons in thousands","428","thousands","3","v2063946","7.4.1.1.1.1","5587.7","","","","1"
"2015-11","Ontario","2021A000235","Full-time employment","Total - Gender","15 years and over","Estimate","Seasonally adjusted","Persons in thousands","428","thousands","3","v2063946","7.4.1.1.1.1","5591.9","","","","1"
"2015-12","Ontario","2021A000235","Full-time employment","Total - Gender","15 years and over","Estimate","Seasonally adjusted","Persons in thousands","428","thousands","3","v2063946","7.4.1.1.1.1","5615.6","","","","1"
"2016-01","Ontario","2021A000235","Full-time employment","Total - Gender","15 years and over","Estimate","Seasonally adjusted","Persons in thousands","428","thousands","3","v2063946","7.4.1.1.1.1","5638.9","","","","1"
"2016-02","Ontario","2021A000235","Full-time employment","Total - Gender","15 years and over","Estimate","Seasonally adjusted","Persons in thousands","428","thousands","3","v2063946","7.4.1.1.1.1","5588.7","","","","1"
"2016-03","Ontario","2021A000235","Full-time employment","Total - Gender","15 years and over","Estimate","Seasonally adjusted","Persons in thousands","428","thousands","3","v2063946","7.4.1.1.1.1","5619.4","","","","1"
"2016-04","Ontario","2021A000235","Full-time employment","Total - Gender","15 years and over","Estimate","Seasonally adjusted","Persons in thousands","428","thousands","3","v2063946","7.4.1.1.1.1","5589.7","","","","1"
"2016-05","Ontario","2021A000235","Full-time employment","Total - Gender","15 years and over","Estimate","Seasonally adjusted","Persons in thousands","428","thousands","3","v2063946","7.4.1.1.1.1","5609.2","","","","1"
"2016-06","Ontario","2021A000235","Full-time employment","Total - Gender","15 years and over","Estimate","Seasonally adjusted","Persons in thousands","428","thousands","3","v2063946","7.4.1.1.1.1","5619.4","","","","1"
"2016-07","Ontario","2021A000235","Full-time employment","Total - Gender","15 years and over","Estimate","Seasonally adjusted","Persons in thousands","428","thousands","3","v2063946","7.4.1.1.1.1","5616.5","","","","1"
"2016-08","Ontario","2021A000235","Full-time employment","Total - Gender","15 years and over","Estimate","Seasonally adjusted","Persons in thousands","428","thousands","3","v2063946","7.4.1.1.1.1","5631.9","","","","1"
"2016-09","Ontario","2021A000235","Full-time employment","Total - Gender","15 years and over","Estimate","Seasonally adjusted","Persons in thousands","428","thousands","3","v2063946","7.4.1.1.1.1","5612.9","","","","1"
"2016-10","Ontario","2021A000235","Full-time employment","Total - Gender","15 years and over","Estimate","Seasonally adjusted","Persons in thousands","428","thousands","3","v2063946","7.4.1.1.1.1","5593.1","","","","1"
"2016-11","Ontario","2021A000235","Full-time employment","Total - Gender","15 years and over","Estimate","Seasonally adjusted","Persons in thousands","428","thousands","3","v2063946","7.4.1.1.1.1","5627.8","","","","1"
"2016-12","Ontario","2021A000235","Full-time employment","Total - Gender","15 years and over","Estimate","Seasonally adjusted","Persons in thousands","428","thousands","3","v2063946","7.4.1.1.1.1","5630.4","","","","1"
"2017-01","Ontario","2021A000235","Full-time employment","Total - Gender","15 years and over","Estimate","Seasonally adjusted","Persons in thousands","428","thousands","3","v2063946","7.4.1.1.1.1","5655.8","","","","1"
"2017-02","Ontario","2021A000235","Full-time employment","Total - Gender","15 years and over","Estimate","Seasonally adjusted","Persons in thousands","428","thousands","3","v2063946","7.4.1.1.1.1","5682.9","","","","1"
"2017-03","Ontario","2021A000235","Full-time employment","Total - Gender","15 years and over","Estimate","Seasonally adjusted","Persons in thousands","428","thousands","3","v2063946","7.4.1.1.1.1","5681.4","","","","1"
"2017-04","Ontario","2021A000235","Full-time employment","Total - Gender","15 years and over","Estimate","Seasonally adjusted","Persons in thousands","428","thousands","3","v2063946","7.4.1.1.1.1","5690.8","","","","1"
"2017-05","Ontario","2021A000235","Full-time employment","Total - Gender","15 years and over","Estimate","Seasonally adjusted","Persons in thousands","428","thousands","3","v2063946","7.4.1.1.1.1","5726.3","","","","1"
"2017-06","Ontario","2021A000235","Full-time employment","Total - Gender","15 years and over","Estimate","Seasonally adjusted","Persons in thousands","428","thousands","3","v2063946","7.4.1.1.1.1","5713.4","","","","1"
"2017-07","Ontario","2021A000235","Full-time employment","Total - Gender","15 years and over","Estimate","Seasonally adjusted","Persons in thousands","428","thousands","3","v2063946","7.4.1.1.1.1","5764.5","","","","1"
"2017-08","Ontario","2021A000235","Full-time employment","Total - Gender","15 years and over","Estimate","Seasonally adjusted","Persons in thousands","428","thousands","3","v2063946","7.4.1.1.1.1","5721.5","","","","1"
"2017-09","Ontario","2021A000235","Full-time employment","Total - Gender","15 years and over","Estimate","Seasonally adjusted","Persons in thousands","428","thousands","3","v2063946","7.4.1.1.1.1","5795.9","","","","1"
"2017-10","Ontario","2021A000235","Full-time employment","Total - Gender","15 years and over","Estimate","Seasonally adjusted","Persons in thousands","428","thousands","3","v2063946","7.4.1.1.1.1","5802.6","","","","1"
"2017-11","Ontario","2021A000235","Full-time employment","Total - Gender","15 years and over","Estimate","Seasonally adjusted","Persons in thousands","428","thousands","3","v2063946","7.4.1.1.1.1","5821.2","","","","1"
"2017-12","Ontario","2021A000235","Full-time employment","Total - Gender","15 years and over","Estimate","Seasonally adjusted","Persons in thousands","428","thousands","3","v2063946","7.4.1.1.1.1","5819.7","","","","1"
"2018-01","Ontario","2021A000235","Full-time employment","Total - Gender","15 years and over","Estimate","Seasonally adjusted","Persons in thousands","428","thousands","3","v2063946","7.4.1.1.1.1","5821.7","","","","1"
"2018-02","Ontario","2021A000235","Full-time employment","Total - Gender","15 years and over","Estimate","Seasonally adjusted","Persons in thousands","428","thousands","3","v2063946","7.4.1.1.1.1","5815.6","","","","1"
"2018-03","Ontario","2021A000235","Full-time employment","Total - Gender","15 years and over","Estimate","Seasonally adjusted","Persons in thousands","428","thousands","3","v2063946","7.4.1.1.1.1","5844.2","","","","1"
"2018-04","Ontario","2021A000235","Full-time employment","Total - Gender","15 years and over","Estimate","Seasonally adjusted","Persons in thousands","428","thousands","3","v2063946","7.4.1.1.1.1","5882.7","","","","1"
"2018-05","Ontario","2021A000235","Full-time employment","Total - Gender","15 years and over","Estimate","Seasonally adjusted","Persons in thousands","428","thousands","3","v2063946","7.4.1.1.1.1","5893.1","","","","1"
"2018-06","Ontario","2021A000235","Full-time employment","Total - Gender","15 years and over","Estimate","Seasonally adjusted","Persons in thousands","428","thousands","3","v2063946","7.4.1.1.1.1","5913.2","","","","1"
"2018-07","Ontario","2021A000235","Full-time employment","Total - Gender","15 years and over","Estimate","Seasonally adjusted","Persons in thousands","428","thousands","3","v2063946","7.4.1.1.1.1","5922.9","","","","1"
"2018-08","Ontario","2021A000235","Full-time employment","Total - Gender","15 years and over","Estimate","Seasonally adjusted","Persons in thousands","428","thousands","3","v2063946","7.4.1.1.1.1","5896.6","","","","1"
"2018-09","Ontario","2021A000235","Full-time employment","Total - Gender","15 years and over","Estimate","Seasonally adjusted","Persons in thousands","428","thousands","3","v2063946","7.4.1.1.1.1","5896.3","","","","1"
"2018-10","Ontario","2021A000235","Full-time employment","Total - Gender","15 years and over","Estimate","Seasonally adjusted","Persons in thousands","428","thousands","3","v2063946","7.4.1.1.1.1","5939.7","","","","1"
"2018-11","Ontario","2021A000235","Full-time employment","Total - Gender","15 years and over","Estimate","Seasonally adjusted","Persons in thousands","428","thousands","3","v2063946","7.4.1.1.1.1","5923.5","","","","1"
"2018-12","Ontario","2021A000235","Full-time employment","Total - Gender","15 years and over","Estimate","Seasonally adjusted","Persons in thousands","428","thousands","3","v2063946","7.4.1.1.1.1","5924.2","","","","1"
"2019-01","Ontario","2021A000235","Full-time employment","Total - Gender","15 years and over","Estimate","Seasonally adjusted","Persons in thousands","428","thousands","3","v2063946","7.4.1.1.1.1","5938.7","","","","1"
"2019-02","Ontario","2021A000235","Full-time employment","Total - Gender","15 years and over","Estimate","Seasonally adjusted","Persons in thousands","428","thousands","3","v2063946","7.4.1.1.1.1","5986.3","","","","1"
"2019-03","Ontario","2021A000235","Full-time employment","Total - Gender","15 years and over","Estimate","Seasonally adjusted","Persons in thousands","428","thousands","3","v2063946","7.4.1.1.1.1","5992.8","","","","1"
"2019-04","Ontario","2021A000235","Full-time employment","Total - Gender","15 years and over","Estimate","Seasonally adjusted","Persons in thousands","428","thousands","3","v2063946","7.4.1.1.1.1","5991.3","","","","1"
"2019-05","Ontario","2021A000235","Full-time employment","Total - Gender","15 years and over","Estimate","Seasonally adjusted","Persons in thousands","428","thousands","3","v2063946","7.4.1.1.1.1","6036.8","","","","1"
"2019-06","Ontario","2021A000235","Full-time employment","Total - Gender","15 years and over","Estimate","Seasonally adjusted","Persons in thousands","428","thousands","3","v2063946","7.4.1.1.1.1","6009.8","","","","1"
"2019-07","Ontario","2021A000235","Full-time employment","Total - Gender","15 years and over","Estimate","Seasonally adjusted","Persons in thousands","428","thousands","3","v2063946","7.4.1.1.1.1","6042.5","","","","1"
"2019-08","Ontario","2021A000235","Full-time employment","Total - Gender","15 years and over","Estimate","Seasonally adjusted","Persons in thousands","428","thousands","3","v2063946","7.4.1.1.1.1","6084.9","","","","1"
"2019-09","Ontario","2021A000235","Full-time employment","Total - Gender","15 years and over","Estimate","Seasonally adjusted","Persons in thousands","428","thousands","3","v2063946","7.4.1.1.1.1","6076.3","","","","1"
"2019-10","Ontario","2021A000235","Full-time employment","Total - Gender","15 years and over","Estimate","Seasonally adjusted","Persons in thousands","428","thousands","3","v2063946","7.4.1.1.1.1","6065.2","","","","1"
"2019-11","Ontario","2021A000235","Full-time employment","Total - Gender","15 years and over","Estimate","Seasonally adjusted","Persons in thousands","428","thousands","3","v2063946","7.4.1.1.1.1","6079.4","","","","1"
"2019-12","Ontario","2021A000235","Full-time employment","Total - Gender","15 years and over","Estimate","Seasonally adjusted","Persons in thousands","428","thousands","3","v2063946","7.4.1.1.1.1","6133.1","","","","1"
"2020-01","Ontario","2021A000235","Full-time employment","Total - Gender","15 years and over","Estimate","Seasonally adjusted","Persons in thousands","428","thousands","3","v2063946","7.4.1.1.1.1","6131.6","","","","1"
"2020-02","Ontario","2021A000235","Full-time employment","Total - Gender","15 years and over","Estimate","Seasonally adjusted","Persons in thousands","428","thousands","3","v2063946","7.4.1.1.1.1","6143.9","","","","1"
"2020-03","Ontario","2021A000235","Full-time employment","Total - Gender","15 years and over","Estimate","Seasonally adjusted","Persons in thousands","428","thousands","3","v2063946","7.4.1.1.1.1","5863.8","","","","1"
"2020-04","Ontario","2021A000235","Full-time employment","Total - Gender","15 years and over","Estimate","Seasonally adjusted","Persons in thousands","428","thousands","3","v2063946","7.4.1.1.1.1","5393.1","","","","1"
"2020-05","Ontario","2021A000235","Full-time employment","Total - Gender","15 years and over","Estimate","Seasonally adjusted","Persons in thousands","428","thousands","3","v2063946","7.4.1.1.1.1","5387.9","","","","1"
"2020-06","Ontario","2021A000235","Full-time employment","Total - Gender","15 years and over","Estimate","Seasonally adjusted","Persons in thousands","428","thousands","3","v2063946","7.4.1.1.1.1","5640.8","","","","1"
"2020-07","Ontario","2021A000235","Full-time employment","Total - Gender","15 years and over","Estimate","Seasonally adjusted","Persons in thousands","428","thousands","3","v2063946","7.4.1.1.1.1","5683.6","","","","1"
"2020-08","Ontario","2021A000235","Full-time employment","Total - Gender","15 years and over","Estimate","Seasonally adjusted","Persons in thousands","428","thousands","3","v2063946","7.4.1.1.1.1","5773.4","","","","1"
"2020-09","Ontario","2021A000235","Full-time employment","Total - Gender","15 years and over","Estimate","Seasonally adjusted","Persons in thousands","428","thousands","3","v2063946","7.4.1.1.1.1","5950.0","","","","1"
"2020-10","Ontario","2021A000235","Full-time employment","Total - Gender","15 years and over","Estimate","Seasonally adjusted","Persons in thousands","428","thousands","3","v2063946","7.4.1.1.1.1","5950.5","","","","1"
"2020-11","Ontario","2021A000235","Full-time employment","Total - Gender","15 years and over","Estimate","Seasonally adjusted","Persons in thousands","428","thousands","3","v2063946","7.4.1.1.1.1","6013.2","","","","1"
"2020-12","Ontario","2021A000235","Full-time employment","Total - Gender","15 years and over","Estimate","Seasonally adjusted","Persons in thousands","428","thousands","3","v2063946","7.4.1.1.1.1","5999.6","","","","1"
"2021-01","Ontario","2021A000235","Full-time employment","Total - Gender","15 years and over","Estimate","Seasonally adjusted","Persons in thousands","428","thousands","3","v2063946","7.4.1.1.1.1","5968.7","","","","1"
"2021-02","Ontario","2021A000235","Full-time employment","Total - Gender","15 years and over","Estimate","Seasonally adjusted","Persons in thousands","428","thousands","3","v2063946","7.4.1.1.1.1","6025.3","","","","1"
"2021-03","Ontario","2021A000235","Full-time employment","Total - Gender","15 years and over","Estimate","Seasonally adjusted","Persons in thousands","428","thousands","3","v2063946","7.4.1.1.1.1","6124.0","","","","1"
"2021-04","Ontario","2021A000235","Full-time employment","Total - Gender","15 years and over","Estimate","Seasonally adjusted","Persons in thousands","428","thousands","3","v2063946","7.4.1.1.1.1","6031.9","","","","1"
"2021-05","Ontario","2021A000235","Full-time employment","Total - Gender","15 years and over","Estimate","Seasonally adjusted","Persons in thousands","428","thousands","3","v2063946","7.4.1.1.1.1","6013.8","","","","1"
"2021-06","Ontario","2021A000235","Full-time employment","Total - Gender","15 years and over","Estimate","Seasonally adjusted","Persons in thousands","428","thousands","3","v2063946","7.4.1.1.1.1","6044.5","","","","1"
"2021-07","Ontario","2021A000235","Full-time employment","Total - Gender","15 years and over","Estimate","Seasonally adjusted","Persons in thousands","428","thousands","3","v2063946","7.4.1.1.1.1","6090.4","","","","1"
"2021-08","Ontario","2021A000235","Full-time employment","Total - Gender","15 years and over","Estimate","Seasonally adjusted","Persons in thousands","428","thousands","3","v2063946","7.4.1.1.1.1","6080.7","","","","1"
"2021-09","Ontario","2021A000235","Full-time employment","Total - Gender","15 years and over","Estimate","Seasonally adjusted","Persons in thousands","428","thousands","3","v2063946","7.4.1.1.1.1","6189.9","","","","1"
"2021-10","Ontario","2021A000235","Full-time employment","Total - Gender","15 years and over","Estimate","Seasonally adjusted","Persons in thousands","428","thousands","3","v2063946","7.4.1.1.1.1","6215.8","","","","1"
"2021-11","Ontario","2021A000235","Full-time employment","Total - Gender","15 years and over","Estimate","Seasonally adjusted","Persons in thousands","428","thousands","3","v2063946","7.4.1.1.1.1","6262.5","","","","1"
"2021-12","Ontario","2021A000235","Full-time employment","Total - Gender","15 years and over","Estimate","Seasonally adjusted","Persons in thousands","428","thousands","3","v2063946","7.4.1.1.1.1","6317.9","","","","1"
"2022-01","Ontario","2021A000235","Full-time employment","Total - Gender","15 years and over","Estimate","Seasonally adjusted","Persons in thousands","428","thousands","3","v2063946","7.4.1.1.1.1","6277.9","","","","1"
"2022-02","Ontario","2021A000235","Full-time employment","Total - Gender","15 years and over","Estimate","Seasonally adjusted","Persons in thousands","428","thousands","3","v2063946","7.4.1.1.1.1","6351.7","","","","1"
"2022-03","Ontario","2021A000235","Full-time employment","Total - Gender","15 years and over","Estimate","Seasonally adjusted","Persons in thousands","428","thousands","3","v2063946","7.4.1.1.1.1","6370.2","","","","1"
"2022-04","Ontario","2021A000235","Full-time employment","Total - Gender","15 years and over","Estimate","Seasonally adjusted","Persons in thousands","428","thousands","3","v2063946","7.4.1.1.1.1","6381.8","","","","1"
"2022-05","Ontario","2021A000235","Full-time employment","Total - Gender","15 years and over","Estimate","Seasonally adjusted","Persons in thousands","428","thousands","3","v2063946","7.4.1.1.1.1","6420.4","","","","1"
"2022-06","Ontario","2021A000235","Full-time employment","Total - Gender","15 years and over","Estimate","Seasonally adjusted","Persons in thousands","428","thousands","3","v2063946","7.4.1.1.1.1","6443.5","","","","1"
"2022-07","Ontario","2021A000235","Full-time employment","Total - Gender","15 years and over","Estimate","Seasonally adjusted","Persons in thousands","428","thousands","3","v2063946","7.4.1.1.1.1","6427.2","","","","1"
"2022-08","Ontario","2021A000235","Full-time employment","Total - Gender","15 years and over","Estimate","Seasonally adjusted","Persons in thousands","428","thousands","3","v2063946","7.4.1.1.1.1","6429.2","","","","1"
"2022-09","Ontario","2021A000235","Full-time employment","Total - Gender","15 years and over","Estimate","Seasonally adjusted","Persons in thousands","428","thousands","3","v2063946","7.4.1.1.1.1","6424.4","","","","1"
"2022-10","Ontario","2021A000235","Full-time employment","Total - Gender","15 years and over","Estimate","Seasonally adjusted","Persons in thousands","428","thousands","3","v2063946","7.4.1.1.1.1","6422.1","","","","1"
"2022-11","Ontario","2021A000235","Full-time employment","Total - Gender","15 years and over","Estimate","Seasonally adjusted","Persons in thousands","428","thousands","3","v2063946","7.4.1.1.1.1","6488.3","","","","1"
"2022-12","Ontario","2021A000235","Full-time employment","Total - Gender","15 years and over","Estimate","Seasonally adjusted","Persons in thousands","428","thousands","3","v2063946","7.4.1.1.1.1","6516.2","","","","1"
"2023-01","Ontario","2021A000235","Full-time employment","Total - Gender","15 years and over","Estimate","Seasonally adjusted","Persons in thousands","428","thousands","3","v2063946","7.4.1.1.1.1","6559.8","","","","1"
"2023-02","Ontario","2021A000235","Full-time employment","Total - Gender","15 years and over","Estimate","Seasonally adjusted","Persons in thousands","428","thousands","3","v2063946","7.4.1.1.1.1","6598.2","","","","1"
"2023-03","Ontario","2021A000235","Full-time employment","Total - Gender","15 years and over","Estimate","Seasonally adjusted","Persons in thousands","428","thousands","3","v2063946","7.4.1.1.1.1","6610.9","","","","1"
"2023-04","Ontario","2021A000235","Full-time employment","Total - Gender","15 years and over","Estimate","Seasonally adjusted","Persons in thousands","428","thousands","3","v2063946","7.4.1.1.1.1","6605.4","","","","1"
"2023-05","Ontario","2021A000235","Full-time employment","Total - Gender","15 years and over","Estimate","Seasonally adjusted","Persons in thousands","428","thousands","3","v2063946","7.4.1.1.1.1","6584.8","","","","1"
"2023-06","Ontario","2021A000235","Full-time employment","Total - Gender","15 years and over","Estimate","Seasonally adjusted","Persons in thousands","428","thousands","3","v2063946","7.4.1.1.1.1","6660.1","","","","1"
"2023-07","Ontario","2021A000235","Full-time employment","Total - Gender","15 years and over","Estimate","Seasonally adjusted","Persons in thousands","428","thousands","3","v2063946","7.4.1.1.1.1","6647.7","","","","1"
"2023-08","Ontario","2021A000235","Full-time employment","Total - Gender","15 years and over","Estimate","Seasonally adjusted","Persons in thousands","428","thousands","3","v2063946","7.4.1.1.1.1","6690.6","","","","1"
"2023-09","Ontario","2021A000235","Full-time employment","Total - Gender","15 years and over","Estimate","Seasonally adjusted","Persons in thousands","428","thousands","3","v2063946","7.4.1.1.1.1","6680.6","","","","1"
"2023-10","Ontario","2021A000235","Full-time employment","Total - Gender","15 years and over","Estimate","Seasonally adjusted","Persons in thousands","428","thousands","3","v2063946","7.4.1.1.1.1","6679.0","","","","1"
"2023-11","Ontario","2021A000235","Full-time employment","Total - Gender","15 years and over","Estimate","Seasonally adjusted","Persons in thousands","428","thousands","3","v2063946","7.4.1.1.1.1","6668.7","","","","1"
"2023-12","Ontario","2021A000235","Full-time employment","Total - Gender","15 years and over","Estimate","Seasonally adjusted","Persons in thousands","428","thousands","3","v2063946","7.4.1.1.1.1","6671.7","","","","1"
"2024-01","Ontario","2021A000235","Full-time employment","Total - Gender","15 years and over","Estimate","Seasonally adjusted","Persons in thousands","428","thousands","3","v2063946","7.4.1.1.1.1","6629.6","","","","1"
"2024-02","Ontario","2021A000235","Full-time employment","Total - Gender","15 years and over","Estimate","Seasonally adjusted","Persons in thousands","428","thousands","3","v2063946","7.4.1.1.1.1","6664.0","","","","1"
"2024-03","Ontario","2021A000235","Full-time employment","Total - Gender","15 years and over","Estimate","Seasonally adjusted","Persons in thousands","428","thousands","3","v2063946","7.4.1.1.1.1","6674.3","","","","1"
"2024-04","Ontario","2021A000235","Full-time employment","Total - Gender","15 years and over","Estimate","Seasonally adjusted","Persons in thousands","428","thousands","3","v2063946","7.4.1.1.1.1","6711.9","","","","1"
"2024-05","Ontario","2021A000235","Full-time employment","Total - Gender","15 years and over","Estimate","Seasonally adjusted","Persons in thousands","428","thousands","3","v2063946","7.4.1.1.1.1","6703.8","","","","1"
"2024-06","Ontario","2021A000235","Full-time employment","Total - Gender","15 years and over","Estimate","Seasonally adjusted","Persons in thousands","428","thousands","3","v2063946","7.4.1.1.1.1","6702.1","","","","1"
"2024-07","Ontario","2021A000235","Full-time employment","Total - Gender","15 years and over","Estimate","Seasonally adjusted","Persons in thousands","428","thousands","3","v2063946","7.4.1.1.1.1","6759.1","","","","1"
"2024-08","Ontario","2021A000235","Full-time employment","Total - Gender","15 years and over","Estimate","Seasonally adjusted","Persons in thousands","428","thousands","3","v2063946","7.4.1.1.1.1","6714.6","","","","1"
"2024-09","Ontario","2021A000235","Full-time employment","Total - Gender","15 years and over","Estimate","Seasonally adjusted","Persons in thousands","428","thousands","3","v2063946","7.4.1.1.1.1","6756.1","","","","1"
"2024-10","Ontario","2021A000235","Full-time employment","Total - Gender","15 years and over","Estimate","Seasonally adjusted","Persons in thousands","428","thousands","3","v2063946","7.4.1.1.1.1","6729.9","","","","1"
"2024-11","Ontario","2021A000235","Full-time employment","Total - Gender","15 years and over","Estimate","Seasonally adjusted","Persons in thousands","428","thousands","3","v2063946","7.4.1.1.1.1","6732.3","","","","1"
"2024-12","Ontario","2021A000235","Full-time employment","Total - Gender","15 years and over","Estimate","Seasonally adjusted","Persons in thousands","428","thousands","3","v2063946","7.4.1.1.1.1","6734.3","","","","1"
"2025-01","Ontario","2021A000235","Full-time employment","Total - Gender","15 years and over","Estimate","Seasonally adjusted","Persons in thousands","428","thousands","3","v2063946","7.4.1.1.1.1","6784.0","","","","1"
"2025-02","Ontario","2021A000235","Full-time employment","Total - Gender","15 years and over","Estimate","Seasonally adjusted","Persons in thousands","428","thousands","3","v2063946","7.4.1.1.1.1","6743.4","","","","1"
"2025-03","Ontario","2021A000235","Full-time employment","Total - Gender","15 years and over","Estimate","Seasonally adjusted","Persons in thousands","428","thousands","3","v2063946","7.4.1.1.1.1","6717.3","","","","1"
"2025-04","Ontario","2021A000235","Full-time employment","Total - Gender","15 years and over","Estimate","Seasonally adjusted","Persons in thousands","428","thousands","3","v2063946","7.4.1.1.1.1","6685.5","","","","1"
"2025-05","Ontario","2021A000235","Full-time employment","Total - Gender","15 years and over","Estimate","Seasonally adjusted","Persons in thousands","428","thousands","3","v2063946","7.4.1.1.1.1","6708.8","","","","1"
"2025-06","Ontario","2021A000235","Full-time employment","Total - Gender","15 years and over","Estimate","Seasonally adjusted","Persons in thousands","428","thousands","3","v2063946","7.4.1.1.1.1","6700.4","","","","1"
"2025-07","Ontario","2021A000235","Full-time employment","Total - Gender","15 years and over","Estimate","Seasonally adjusted","Persons in thousands","428","thousands","3","v2063946","7.4.1.1.1.1","6726.9","","","","1"
"2025-08","Ontario","2021A000235","Full-time employment","Total - Gender","15 years and over","Estimate","Seasonally adjusted","Persons in thousands","428","thousands","3","v2063946","7.4.1.1.1.1","6746.3","","","","1"
"2025-09","Ontario","2021A000235","Full-time employment","Total - Gender","15 years and over","Estimate","Seasonally adjusted","Persons in thousands","428","thousands","3","v2063946","7.4.1.1.1.1","6797.4","","","","1"
"2025-10","Ontario","2021A000235","Full-time employment","Total - Gender","15 years and over","Estimate","Seasonally adjusted","Persons in thousands","428","thousands","3","v2063946","7.4.1.1.1.1","6787.3","","","","1"
"2025-11","Ontario","2021A000235","Full-time employment","Total - Gender","15 years and over","Estimate","Seasonally adjusted","Persons in thousands","428","thousands","3","v2063946","7.4.1.1.1.1","6778.4","","","","1"
"2025-12","Ontario","2021A000235","Full-time employment","Total - Gender","15 years and over","Estimate","Seasonally adjusted","Persons in thousands","428","thousands","3","v2063946","7.4.1.1.1.1","6816.6","","","","1"
"2026-01","Ontario","2021A000235","Full-time employment","Total - Gender","15 years and over","Estimate","Seasonally adjusted","Persons in thousands","428","thousands","3","v2063946","7.4.1.1.1.1","6782.3","","","","1"
"2026-02","Ontario","2021A000235","Full-time employment","Total - Gender","15 years and over","Estimate","Seasonally adjusted","Persons in thousands","428","thousands","3","v2063946","7.4.1.1.1.1","6758.8","","","","1"
"2026-03","Ontario","2021A000235","Full-time employment","Total - Gender","15 years and over","Estimate","Seasonally adjusted","Persons in thousands","428","thousands","3","v2063946","7.4.1.1.1.1","6771.2","","","","1"
"2026-04","Ontario","2021A000235","Full-time employment","Total - Gender","15 years and over","Estimate","Seasonally adjusted","Persons in thousands","428","thousands","3","v2063946","7.4.1.1.1.1","6821.6","","","","1"
"2026-05","Ontario","2021A000235","Full-time employment","Total - Gender","15 years and over","Estimate","Seasonally adjusted","Persons in thousands","428","thousands","3","v2063946","7.4.1.1.1.1","6862.1","","","","1"
"2026-06","Ontario","2021A000235","Full-time employment","Total - Gender","15 years and over","Estimate","Seasonally adjusted","Persons in thousands","428","thousands","3","v2063946","7.4.1.1.1.1","6851.6","","","","1"
"2015-02","Ontario","2021A000235","Part-time employment","Total - Gender","15 years and over","Estimate","Seasonally adjusted","Persons in thousands","428","thousands","3","v2063947","7.5.1.1.1.1","1322.5","","","","1"
"2015-03","Ontario","2021A000235","Part-time employment","Total - Gender","15 years and over","Estimate","Seasonally adjusted","Persons in thousands","428","thousands","3","v2063947","7.5.1.1.1.1","1333.4","","","","1"
"2015-04","Ontario","2021A000235","Part-time employment","Total - Gender","15 years and over","Estimate","Seasonally adjusted","Persons in thousands","428","thousands","3","v2063947","7.5.1.1.1.1","1308.6","","","","1"
"2015-05","Ontario","2021A000235","Part-time employment","Total - Gender","15 years and over","Estimate","Seasonally adjusted","Persons in thousands","428","thousands","3","v2063947","7.5.1.1.1.1","1329.2","","","","1"
"2015-06","Ontario","2021A000235","Part-time employment","Total - Gender","15 years and over","Estimate","Seasonally adjusted","Persons in thousands","428","thousands","3","v2063947","7.5.1.1.1.1","1294.8","","","","1"
"2015-07","Ontario","2021A000235","Part-time employment","Total - Gender","15 years and over","Estimate","Seasonally adjusted","Persons in thousands","428","thousands","3","v2063947","7.5.1.1.1.1","1290.5","","","","1"
"2015-08","Ontario","2021A000235","Part-time employment","Total - Gender","15 years and over","Estimate","Seasonally adjusted","Persons in thousands","428","thousands","3","v2063947","7.5.1.1.1.1","1270.3","","","","1"
"2015-09","Ontario","2021A000235","Part-time employment","Total - Gender","15 years and over","Estimate","Seasonally adjusted","Persons in thousands","428","thousands","3","v2063947","7.5.1.1.1.1","1305.0","","","","1"
"2015-10","Ontario","2021A000235","Part-time employment","Total - Gender","15 years and over","Estimate","Seasonally adjusted","Persons in thousands","428","thousands","3","v2063947","7.5.1.1.1.1","1275.0","","","","1"
"2015-11","Ontario","2021A000235","Part-time employment","Total - Gender","15 years and over","Estimate","Seasonally adjusted","Persons in thousands","428","thousands","3","v2063947","7.5.1.1.1.1","1266.5","","","","1"
"2015-12","Ontario","2021A000235","Part-time employment","Total - Gender","15 years and over","Estimate","Seasonally adjusted","Persons in thousands","428","thousands","3","v2063947","7.5.1.1.1.1","1268.8","","","","1"
"2016-01","Ontario","2021A000235","Part-time employment","Total - Gender","15 years and over","Estimate","Seasonally adjusted","Persons in thousands","428","thousands","3","v2063947","7.5.1.1.1.1","1267.0","","","","1"
"2016-02","Ontario","2021A000235","Part-time employment","Total - Gender","15 years and over","Estimate","Seasonally adjusted","Persons in thousands","428","thousands","3","v2063947","7.5.1.1.1.1","1319.5","","","","1"
"2016-03","Ontario","2021A000235","Part-time employment","Total - Gender","15 years and over","Estimate","Seasonally adjusted","Persons in thousands","428","thousands","3","v2063947","7.5.1.1.1.1","1292.1","","","","1"
"2016-04","Ontario","2021A000235","Part-time employment","Total - Gender","15 years and over","Estimate","Seasonally adjusted","Persons in thousands","428","thousands","3","v2063947","7.5.1.1.1.1","1317.7","","","","1"
"2016-05","Ontario","2021A000235","Part-time employment","Total - Gender","15 years and over","Estimate","Seasonally adjusted","Persons in thousands","428","thousands","3","v2063947","7.5.1.1.1.1","1329.2","","","","1"
"2016-06","Ontario","2021A000235","Part-time employment","Total - Gender","15 years and over","Estimate","Seasonally adjusted","Persons in thousands","428","thousands","3","v2063947","7.5.1.1.1.1","1325.0","","","","1"
"2016-07","Ontario","2021A000235","Part-time employment","Total - Gender","15 years and over","Estimate","Seasonally adjusted","Persons in thousands","428","thousands","3","v2063947","7.5.1.1.1.1","1302.0","","","","1"
"2016-08","Ontario","2021A000235","Part-time employment","Total - Gender","15 years and over","Estimate","Seasonally adjusted","Persons in thousands","428","thousands","3","v2063947","7.5.1.1.1.1","1298.9","","","","1"
"2016-09","Ontario","2021A000235","Part-time employment","Total - Gender","15 years and over","Estimate","Seasonally adjusted","Persons in thousands","428","thousands","3","v2063947","7.5.1.1.1.1","1326.8","","","","1"
"2016-10","Ontario","2021A000235","Part-time employment","Total - Gender","15 years and over","Estimate","Seasonally adjusted","Persons in thousands","428","thousands","3","v2063947","7.5.1.1.1.1","1362.5","","","","1"
"2016-11","Ontario","2021A000235","Part-time employment","Total - Gender","15 years and over","Estimate","Seasonally adjusted","Persons in thousands","428","thousands","3","v2063947","7.5.1.1.1.1","1353.8","","","","1"
"2016-12","Ontario","2021A000235","Part-time employment","Total - Gender","15 years and over","Estimate","Seasonally adjusted","Persons in thousands","428","thousands","3","v2063947","7.5.1.1.1.1","1355.6","","","","1"
"2017-01","Ontario","2021A000235","Part-time employment","Total - Gender","15 years and over","Estimate","Seasonally adjusted","Persons in thousands","428","thousands","3","v2063947","7.5.1.1.1.1","1373.1","","","","1"
"2017-02","Ontario","2021A000235","Part-time employment","Total - Gender","15 years and over","Estimate","Seasonally adjusted","Persons in thousands","428","thousands","3","v2063947","7.5.1.1.1.1","1354.1","","","","1"
"2017-03","Ontario","2021A000235","Part-time employment","Total - Gender","15 years and over","Estimate","Seasonally adjusted","Persons in thousands","428","thousands","3","v2063947","7.5.1.1.1.1","1359.0","","","","1"
"2017-04","Ontario","2021A000235","Part-time employment","Total - Gender","15 years and over","Estimate","Seasonally adjusted","Persons in thousands","428","thousands","3","v2063947","7.5.1.1.1.1","1357.2","","","","1"
"2017-05","Ontario","2021A000235","Part-time employment","Total - Gender","15 years and over","Estimate","Seasonally adjusted","Persons in thousands","428","thousands","3","v2063947","7.5.1.1.1.1","1352.8","","","","1"
"2017-06","Ontario","2021A000235","Part-time employment","Total - Gender","15 years and over","Estimate","Seasonally adjusted","Persons in thousands","428","thousands","3","v2063947","7.5.1.1.1.1","1372.4","","","","1"
"2017-07","Ontario","2021A000235","Part-time employment","Total - Gender","15 years and over","Estimate","Seasonally adjusted","Persons in thousands","428","thousands","3","v2063947","7.5.1.1.1.1","1367.9","","","","1"
"2017-08","Ontario","2021A000235","Part-time employment","Total - Gender","15 years and over","Estimate","Seasonally adjusted","Persons in thousands","428","thousands","3","v2063947","7.5.1.1.1.1","1414.3","","","","1"
"2017-09","Ontario","2021A000235","Part-time employment","Total - Gender","15 years and over","Estimate","Seasonally adjusted","Persons in thousands","428","thousands","3","v2063947","7.5.1.1.1.1","1365.6","","","","1"
"2017-10","Ontario","2021A000235","Part-time employment","Total - Gender","15 years and over","Estimate","Seasonally adjusted","Persons in thousands","428","thousands","3","v2063947","7.5.1.1.1.1","1374.8","","","","1"
"2017-11","Ontario","2021A000235","Part-time employment","Total - Gender","15 years and over","Estimate","Seasonally adjusted","Persons in thousands","428","thousands","3","v2063947","7.5.1.1.1.1","1386.5","","","","1"
"2017-12","Ontario","2021A000235","Part-time employment","Total - Gender","15 years and over","Estimate","Seasonally adjusted","Persons in thousands","428","thousands","3","v2063947","7.5.1.1.1.1","1385.8","","","","1"
"2018-01","Ontario","2021A000235","Part-time employment","Total - Gender","15 years and over","Estimate","Seasonally adjusted","Persons in thousands","428","thousands","3","v2063947","7.5.1.1.1.1","1350.4","","","","1"
"2018-02","Ontario","2021A000235","Part-time employment","Total - Gender","15 years and over","Estimate","Seasonally adjusted","Persons in thousands","428","thousands","3","v2063947","7.5.1.1.1.1","1358.6","","","","1"
"2018-03","Ontario","2021A000235","Part-time employment","Total - Gender","15 years and over","Estimate","Seasonally adjusted","Persons in thousands","428","thousands","3","v2063947","7.5.1.1.1.1","1360.5","","","","1"
"2018-04","Ontario","2021A000235","Part-time employment","Total - Gender","15 years and over","Estimate","Seasonally adjusted","Persons in thousands","428","thousands","3","v2063947","7.5.1.1.1.1","1326.4","","","","1"
"2018-05","Ontario","2021A000235","Part-time employment","Total - Gender","15 years and over","Estimate","Seasonally adjusted","Persons in thousands","428","thousands","3","v2063947","7.5.1.1.1.1","1308.0","","","","1"
"2018-06","Ontario","2021A000235","Part-time employment","Total - Gender","15 years and over","Estimate","Seasonally adjusted","Persons in thousands","428","thousands","3","v2063947","7.5.1.1.1.1","1326.6","","","","1"
"2018-07","Ontario","2021A000235","Part-time employment","Total - Gender","15 years and over","Estimate","Seasonally adjusted","Persons in thousands","428","thousands","3","v2063947","7.5.1.1.1.1","1383.5","","","","1"
"2018-08","Ontario","2021A000235","Part-time employment","Total - Gender","15 years and over","Estimate","Seasonally adjusted","Persons in thousands","428","thousands","3","v2063947","7.5.1.1.1.1","1330.3","","","","1"
"2018-09","Ontario","2021A000235","Part-time employment","Total - Gender","15 years and over","Estimate","Seasonally adjusted","Persons in thousands","428","thousands","3","v2063947","7.5.1.1.1.1","1391.9","","","","1"
"2018-10","Ontario","2021A000235","Part-time employment","Total - Gender","15 years and over","Estimate","Seasonally adjusted","Persons in thousands","428","thousands","3","v2063947","7.5.1.1.1.1","1352.6","","","","1"
"2018-11","Ontario","2021A000235","Part-time employment","Total - Gender","15 years and over","Estimate","Seasonally adjusted","Persons in thousands","428","thousands","3","v2063947","7.5.1.1.1.1","1365.6","","","","1"
"2018-12","Ontario","2021A000235","Part-time employment","Total - Gender","15 years and over","Estimate","Seasonally adjusted","Persons in thousands","428","thousands","3","v2063947","7.5.1.1.1.1","1383.6","","","","1"
"2019-01","Ontario","2021A000235","Part-time employment","Total - Gender","15 years and over","Estimate","Seasonally adjusted","Persons in thousands","428","thousands","3","v2063947","7.5.1.1.1.1","1383.8","","","","1"
"2019-02","Ontario","2021A000235","Part-time employment","Total - Gender","15 years and over","Estimate","Seasonally adjusted","Persons in thousands","428","thousands","3","v2063947","7.5.1.1.1.1","1372.6","","","","1"
"2019-03","Ontario","2021A000235","Part-time employment","Total - Gender","15 years and over","Estimate","Seasonally adjusted","Persons in thousands","428","thousands","3","v2063947","7.5.1.1.1.1","1351.6","","","","1"
"2019-04","Ontario","2021A000235","Part-time employment","Total - Gender","15 years and over","Estimate","Seasonally adjusted","Persons in thousands","428","thousands","3","v2063947","7.5.1.1.1.1","1390.1","","","","1"
"2019-05","Ontario","2021A000235","Part-time employment","Total - Gender","15 years and over","Estimate","Seasonally adjusted","Persons in thousands","428","thousands","3","v2063947","7.5.1.1.1.1","1366.6","","","","1"
"2019-06","Ontario","2021A000235","Part-time employment","Total - Gender","15 years and over","Estimate","Seasonally adjusted","Persons in thousands","428","thousands","3","v2063947","7.5.1.1.1.1","1393.9","","","","1"
"2019-07","Ontario","2021A000235","Part-time employment","Total - Gender","15 years and over","Estimate","Seasonally adjusted","Persons in thousands","428","thousands","3","v2063947","7.5.1.1.1.1","1349.3","","","","1"
"2019-08","Ontario","2021A000235","Part-time employment","Total - Gender","15 years and over","Estimate","Seasonally adjusted","Persons in thousands","428","thousands","3","v2063947","7.5.1.1.1.1","1361.7","","","","1"
"2019-09","Ontario","2021A000235","Part-time employment","Total - Gender","15 years and over","Estimate","Seasonally adjusted","Persons in thousands","428","thousands","3","v2063947","7.5.1.1.1.1","1382.4","","","","1"
"2019-10","Ontario","2021A000235","Part-time employment","Total - Gender","15 years and over","Estimate","Seasonally adjusted","Persons in thousands","428","thousands","3","v2063947","7.5.1.1.1.1","1379.4","","","","1"
"2019-11","Ontario","2021A000235","Part-time employment","Total - Gender","15 years and over","Estimate","Seasonally adjusted","Persons in thousands","428","thousands","3","v2063947","7.5.1.1.1.1","1392.0","","","","1"
"2019-12","Ontario","2021A000235","Part-time employment","Total - Gender","15 years and over","Estimate","Seasonally adjusted","Persons in thousands","428","thousands","3","v2063947","7.5.1.1.1.1","1373.0","","","","1"
"2020-01","Ontario","2021A000235","Part-time employment","Total - Gender","15 years and over","Estimate","Seasonally adjusted","Persons in thousands","428","thousands","3","v2063947","7.5.1.1.1.1","1385.3","","","","1"
"2020-02","Ontario","2021A000235","Part-time employment","Total - Gender","15 years and over","Estimate","Seasonally adjusted","Persons in thousands","428","thousands","3","v2063947","7.5.1.1.1.1","1357.3","","","","1"
"2020-03","Ontario","2021A000235","Part-time employment","Total - Gender","15 years and over","Estimate","Seasonally adjusted","Persons in thousands","428","thousands","3","v2063947","7.5.1.1.1.1","1173.0","","","","1"
"2020-04","Ontario","2021A000235","Part-time employment","Total - Gender","15 years and over","Estimate","Seasonally adjusted","Persons in thousands","428","thousands","3","v2063947","7.5.1.1.1.1","953.8","","","","1"
"2020-05","Ontario","2021A000235","Part-time employment","Total - Gender","15 years and over","Estimate","Seasonally adjusted","Persons in thousands","428","thousands","3","v2063947","7.5.1.1.1.1","946.1","","","","1"
"2020-06","Ontario","2021A000235","Part-time employment","Total - Gender","15 years and over","Estimate","Seasonally adjusted","Persons in thousands","428","thousands","3","v2063947","7.5.1.1.1.1","1110.6","","","","1"
"2020-07","Ontario","2021A000235","Part-time employment","Total - Gender","15 years and over","Estimate","Seasonally adjusted","Persons in thousands","428","thousands","3","v2063947","7.5.1.1.1.1","1230.3","","","","1"
"2020-08","Ontario","2021A000235","Part-time employment","Total - Gender","15 years and over","Estimate","Seasonally adjusted","Persons in thousands","428","thousands","3","v2063947","7.5.1.1.1.1","1274.1","","","","1"
"2020-09","Ontario","2021A000235","Part-time employment","Total - Gender","15 years and over","Estimate","Seasonally adjusted","Persons in thousands","428","thousands","3","v2063947","7.5.1.1.1.1","1284.3","","","","1"
"2020-10","Ontario","2021A000235","Part-time employment","Total - Gender","15 years and over","Estimate","Seasonally adjusted","Persons in thousands","428","thousands","3","v2063947","7.5.1.1.1.1","1327.6","","","","1"
"2020-11","Ontario","2021A000235","Part-time employment","Total - Gender","15 years and over","Estimate","Seasonally adjusted","Persons in thousands","428","thousands","3","v2063947","7.5.1.1.1.1","1289.7","","","","1"
"2020-12","Ontario","2021A000235","Part-time employment","Total - Gender","15 years and over","Estimate","Seasonally adjusted","Persons in thousands","428","thousands","3","v2063947","7.5.1.1.1.1","1288.6","","","","1"
"2021-01","Ontario","2021A000235","Part-time employment","Total - Gender","15 years and over","Estimate","Seasonally adjusted","Persons in thousands","428","thousands","3","v2063947","7.5.1.1.1.1","1144.0","","","","1"
"2021-02","Ontario","2021A000235","Part-time employment","Total - Gender","15 years and over","Estimate","Seasonally adjusted","Persons in thousands","428","thousands","3","v2063947","7.5.1.1.1.1","1202.3","","","","1"
"2021-03","Ontario","2021A000235","Part-time employment","Total - Gender","15 years and over","Estimate","Seasonally adjusted","Persons in thousands","428","thousands","3","v2063947","7.5.1.1.1.1","1247.8","","","","1"
"2021-04","Ontario","2021A000235","Part-time employment","Total - Gender","15 years and over","Estimate","Seasonally adjusted","Persons in thousands","428","thousands","3","v2063947","7.5.1.1.1.1","1197.0","","","","1"
"2021-05","Ontario","2021A000235","Part-time employment","Total - Gender","15 years and over","Estimate","Seasonally adjusted","Persons in thousands","428","thousands","3","v2063947","7.5.1.1.1.1","1182.5","","","","1"
"2021-06","Ontario","2021A000235","Part-time employment","Total - Gender","15 years and over","Estimate","Seasonally adjusted","Persons in thousands","428","thousands","3","v2063947","7.5.1.1.1.1","1280.2","","","","1"
"2021-07","Ontario","2021A000235","Part-time employment","Total - Gender","15 years and over","Estimate","Seasonally adjusted","Persons in thousands","428","thousands","3","v2063947","7.5.1.1.1.1","1339.5","","","","1"
"2021-08","Ontario","2021A000235","Part-time employment","Total - Gender","15 years and over","Estimate","Seasonally adjusted","Persons in thousands","428","thousands","3","v2063947","7.5.1.1.1.1","1382.4","","","","1"
"2021-09","Ontario","2021A000235","Part-time employment","Total - Gender","15 years and over","Estimate","Seasonally adjusted","Persons in thousands","428","thousands","3","v2063947","7.5.1.1.1.1","1363.2","","","","1"
"2021-10","Ontario","2021A000235","Part-time employment","Total - Gender","15 years and over","Estimate","Seasonally adjusted","Persons in thousands","428","thousands","3","v2063947","7.5.1.1.1.1","1381.1","","","","1"
"2021-11","Ontario","2021A000235","Part-time employment","Total - Gender","15 years and over","Estimate","Seasonally adjusted","Persons in thousands","428","thousands","3","v2063947","7.5.1.1.1.1","1399.7","","","","1"
"2021-12","Ontario","2021A000235","Part-time employment","Total - Gender","15 years and over","Estimate","Seasonally adjusted","Persons in thousands","428","thousands","3","v2063947","7.5.1.1.1.1","1398.4","","","","1"
"2022-01","Ontario","2021A000235","Part-time employment","Total - Gender","15 years and over","Estimate","Seasonally adjusted","Persons in thousands","428","thousands","3","v2063947","7.5.1.1.1.1","1274.4","","","","1"
"2022-02","Ontario","2021A000235","Part-time employment","Total - Gender","15 years and over","Estimate","Seasonally adjusted","Persons in thousands","428","thousands","3","v2063947","7.5.1.1.1.1","1386.3","","","","1"
"2022-03","Ontario","2021A000235","Part-time employment","Total - Gender","15 years and over","Estimate","Seasonally adjusted","Persons in thousands","428","thousands","3","v2063947","7.5.1.1.1.1","1382.9","","","","1"
"2022-04","Ontario","2021A000235","Part-time employment","Total - Gender","15 years and over","Estimate","Seasonally adjusted","Persons in thousands","428","thousands","3","v2063947","7.5.1.1.1.1","1402.4","","","","1"
"2022-05","Ontario","2021A000235","Part-time employment","Total - Gender","15 years and over","Estimate","Seasonally adjusted","Persons in thousands","428","thousands","3","v2063947","7.5.1.1.1.1","1370.6","","","","1"
"2022-06","Ontario","2021A000235","Part-time employment","Total - Gender","15 years and over","Estimate","Seasonally adjusted","Persons in thousands","428","thousands","3","v2063947","7.5.1.1.1.1","1329.6","","","","1"
"2022-07","Ontario","2021A000235","Part-time employment","Total - Gender","15 years and over","Estimate","Seasonally adjusted","Persons in thousands","428","thousands","3","v2063947","7.5.1.1.1.1","1360.9","","","","1"
"2022-08","Ontario","2021A000235","Part-time employment","Total - Gender","15 years and over","Estimate","Seasonally adjusted","Persons in thousands","428","thousands","3","v2063947","7.5.1.1.1.1","1343.6","","","","1"
"2022-09","Ontario","2021A000235","Part-time employment","Total - Gender","15 years and over","Estimate","Seasonally adjusted","Persons in thousands","428","thousands","3","v2063947","7.5.1.1.1.1","1326.8","","","","1"
"2022-10","Ontario","2021A000235","Part-time employment","Total - Gender","15 years and over","Estimate","Seasonally adjusted","Persons in thousands","428","thousands","3","v2063947","7.5.1.1.1.1","1382.3","","","","1"
"2022-11","Ontario","2021A000235","Part-time employment","Total - Gender","15 years and over","Estimate","Seasonally adjusted","Persons in thousands","428","thousands","3","v2063947","7.5.1.1.1.1","1331.2","","","","1"
"2022-12","Ontario","2021A000235","Part-time employment","Total - Gender","15 years and over","Estimate","Seasonally adjusted","Persons in thousands","428","thousands","3","v2063947","7.5.1.1.1.1","1347.8","","","","1"
"2023-01","Ontario","2021A000235","Part-time employment","Total - Gender","15 years and over","Estimate","Seasonally adjusted","Persons in thousands","428","thousands","3","v2063947","7.5.1.1.1.1","1340.7","","","","1"
"2023-02","Ontario","2021A000235","Part-time employment","Total - Gender","15 years and over","Estimate","Seasonally adjusted","Persons in thousands","428","thousands","3","v2063947","7.5.1.1.1.1","1333.9","","","","1"
"2023-03","Ontario","2021A000235","Part-time employment","Total - Gender","15 years and over","Estimate","Seasonally adjusted","Persons in thousands","428","thousands","3","v2063947","7.5.1.1.1.1","1350.8","","","","1"
"2023-04","Ontario","2021A000235","Part-time employment","Total - Gender","15 years and over","Estimate","Seasonally adjusted","Persons in thousands","428","thousands","3","v2063947","7.5.1.1.1.1","1386.8","","","","1"
"2023-05","Ontario","2021A000235","Part-time employment","Total - Gender","15 years and over","Estimate","Seasonally adjusted","Persons in thousands","428","thousands","3","v2063947","7.5.1.1.1.1","1396.4","","","","1"
"2023-06","Ontario","2021A000235","Part-time employment","Total - Gender","15 years and over","Estimate","Seasonally adjusted","Persons in thousands","428","thousands","3","v2063947","7.5.1.1.1.1","1369.8","","","","1"
"2023-07","Ontario","2021A000235","Part-time employment","Total - Gender","15 years and over","Estimate","Seasonally adjusted","Persons in thousands","428","thousands","3","v2063947","7.5.1.1.1.1","1390.0","","","","1"
"2023-08","Ontario","2021A000235","Part-time employment","Total - Gender","15 years and over","Estimate","Seasonally adjusted","Persons in thousands","428","thousands","3","v2063947","7.5.1.1.1.1","1361.9","","","","1"
"2023-09","Ontario","2021A000235","Part-time employment","Total - Gender","15 years and over","Estimate","Seasonally adjusted","Persons in thousands","428","thousands","3","v2063947","7.5.1.1.1.1","1386.5","","","","1"
"2023-10","Ontario","2021A000235","Part-time employment","Total - Gender","15 years and over","Estimate","Seasonally adjusted","Persons in thousands","428","thousands","3","v2063947","7.5.1.1.1.1","1376.4","","","","1"
"2023-11","Ontario","2021A000235","Part-time employment","Total - Gender","15 years and over","Estimate","Seasonally adjusted","Persons in thousands","428","thousands","3","v2063947","7.5.1.1.1.1","1395.2","","","","1"
"2023-12","Ontario","2021A000235","Part-time employment","Total - Gender","15 years and over","Estimate","Seasonally adjusted","Persons in thousands","428","thousands","3","v2063947","7.5.1.1.1.1","1366.5","","","","1"
"2024-01","Ontario","2021A000235","Part-time employment","Total - Gender","15 years and over","Estimate","Seasonally adjusted","Persons in thousands","428","thousands","3","v2063947","7.5.1.1.1.1","1421.4","","","","1"
"2024-02","Ontario","2021A000235","Part-time employment","Total - Gender","15 years and over","Estimate","Seasonally adjusted","Persons in thousands","428","thousands","3","v2063947","7.5.1.1.1.1","1390.6","","","","1"
"2024-03","Ontario","2021A000235","Part-time employment","Total - Gender","15 years and over","Estimate","Seasonally adjusted","Persons in thousands","428","thousands","3","v2063947","7.5.1.1.1.1","1418.3","","","","1"
"2024-04","Ontario","2021A000235","Part-time employment","Total - Gender","15 years and over","Estimate","Seasonally adjusted","Persons in thousands","428","thousands","3","v2063947","7.5.1.1.1.1","1402.2","","","","1"
"2024-05","Ontario","2021A000235","Part-time employment","Total - Gender","15 years and over","Estimate","Seasonally adjusted","Persons in thousands","428","thousands","3","v2063947","7.5.1.1.1.1","1448.8","","","","1"
"2024-06","Ontario","2021A000235","Part-time employment","Total - Gender","15 years and over","Estimate","Seasonally adjusted","Persons in thousands","428","thousands","3","v2063947","7.5.1.1.1.1","1453.3","","","","1"
"2024-07","Ontario","2021A000235","Part-time employment","Total - Gender","15 years and over","Estimate","Seasonally adjusted","Persons in thousands","428","thousands","3","v2063947","7.5.1.1.1.1","1416.0","","","","1"
"2024-08","Ontario","2021A000235","Part-time employment","Total - Gender","15 years and over","Estimate","Seasonally adjusted","Persons in thousands","428","thousands","3","v2063947","7.5.1.1.1.1","1455.7","","","","1"
"2024-09","Ontario","2021A000235","Part-time employment","Total - Gender","15 years and over","Estimate","Seasonally adjusted","Persons in thousands","428","thousands","3","v2063947","7.5.1.1.1.1","1447.1","","","","1"
"2024-10","Ontario","2021A000235","Part-time employment","Total - Gender","15 years and over","Estimate","Seasonally adjusted","Persons in thousands","428","thousands","3","v2063947","7.5.1.1.1.1","1450.3","","","","1"
"2024-11","Ontario","2021A000235","Part-time employment","Total - Gender","15 years and over","Estimate","Seasonally adjusted","Persons in thousands","428","thousands","3","v2063947","7.5.1.1.1.1","1440.7","","","","1"
"2024-12","Ontario","2021A000235","Part-time employment","Total - Gender","15 years and over","Estimate","Seasonally adjusted","Persons in thousands","428","thousands","3","v2063947","7.5.1.1.1.1","1475.7","","","","1"
"2025-01","Ontario","2021A000235","Part-time employment","Total - Gender","15 years and over","Estimate","Seasonally adjusted","Persons in thousands","428","thousands","3","v2063947","7.5.1.1.1.1","1450.2","","","","1"
"2025-02","Ontario","2021A000235","Part-time employment","Total - Gender","15 years and over","Estimate","Seasonally adjusted","Persons in thousands","428","thousands","3","v2063947","7.5.1.1.1.1","1502.3","","","","1"
"2025-03","Ontario","2021A000235","Part-time employment","Total - Gender","15 years and over","Estimate","Seasonally adjusted","Persons in thousands","428","thousands","3","v2063947","7.5.1.1.1.1","1504.3","","","","1"
"2025-04","Ontario","2021A000235","Part-time employment","Total - Gender","15 years and over","Estimate","Seasonally adjusted","Persons in thousands","428","thousands","3","v2063947","7.5.1.1.1.1","1508.1","","","","1"
"2025-05","Ontario","2021A000235","Part-time employment","Total - Gender","15 years and over","Estimate","Seasonally adjusted","Persons in thousands","428","thousands","3","v2063947","7.5.1.1.1.1","1489.3","","","","1"
"2025-06","Ontario","2021A000235","Part-time employment","Total - Gender","15 years and over","Estimate","Seasonally adjusted","Persons in thousands","428","thousands","3","v2063947","7.5.1.1.1.1","1507.9","","","","1"
"2025-07","Ontario","2021A000235","Part-time employment","Total - Gender","15 years and over","Estimate","Seasonally adjusted","Persons in thousands","428","thousands","3","v2063947","7.5.1.1.1.1","1489.4","","","","1"
"2025-08","Ontario","2021A000235","Part-time employment","Total - Gender","15 years and over","Estimate","Seasonally adjusted","Persons in thousands","428","thousands","3","v2063947","7.5.1.1.1.1","1444.0","","","","1"
"2025-09","Ontario","2021A000235","Part-time employment","Total - Gender","15 years and over","Estimate","Seasonally adjusted","Persons in thousands","428","thousands","3","v2063947","7.5.1.1.1.1","1402.8","","","","1"
"2025-10","Ontario","2021A000235","Part-time employment","Total - Gender","15 years and over","Estimate","Seasonally adjusted","Persons in thousands","428","thousands","3","v2063947","7.5.1.1.1.1","1465.2","","","","1"
"2025-11","Ontario","2021A000235","Part-time employment","Total - Gender","15 years and over","Estimate","Seasonally adjusted","Persons in thousands","428","thousands","3","v2063947","7.5.1.1.1.1","1478.0","","","","1"
"2025-12","Ontario","2021A000235","Part-time employment","Total - Gender","15 years and over","Estimate","Seasonally adjusted","Persons in thousands","428","thousands","3","v2063947","7.5.1.1.1.1","1458.0","","","","1"
"2026-01","Ontario","2021A000235","Part-time employment","Total - Gender","15 years and over","Estimate","Seasonally adjusted","Persons in thousands","428","thousands","3","v2063947","7.5.1.1.1.1","1425.7","","","","1"
"2026-02","Ontario","2021A000235","Part-time employment","Total - Gender","15 years and over","Estimate","Seasonally adjusted","Persons in thousands","428","thousands","3","v2063947","7.5.1.1.1.1","1452.5","","","","1"
"2026-03","Ontario","2021A000235","Part-time employment","Total - Gender","15 years and over","Estimate","Seasonally adjusted","Persons in thousands","428","thousands","3","v2063947","7.5.1.1.1.1","1434.3","","","","1"
"2026-04","Ontario","2021A000235","Part-time employment","Total - Gender","15 years and over","Estimate","Seasonally adjusted","Persons in thousands","428","thousands","3","v2063947","7.5.1.1.1.1","1426.3","","","","1"
"2026-05","Ontario","2021A000235","Part-time employment","Total - Gender","15 years and over","Estimate","Seasonally adjusted","Persons in thousands","428","thousands","3","v2063947","7.5.1.1.1.1","1427.5","","","","1"
"2026-06","Ontario","2021A000235","Part-time employment","Total - Gender","15 years and over","Estimate","Seasonally adjusted","Persons in thousands","428","thousands","3","v2063947","7.5.1.1.1.1","1421.4","","","","1"
"2015-02","Ontario","2021A000235","Unemployment","Total - Gender","15 years and over","Estimate","Seasonally adjusted","Persons in thousands","428","thousands","3","v2063948","7.6.1.1.1.1","512.7","","","","1"
"2015-03","Ontario","2021A000235","Unemployment","Total - Gender","15 years and over","Estimate","Seasonally adjusted","Persons in thousands","428","thousands","3","v2063948","7.6.1.1.1.1","510.5","","","","1"
"2015-04","Ontario","2021A000235","Unemployment","Total - Gender","15 years and over","Estimate","Seasonally adjusted","Persons in thousands","428","thousands","3","v2063948","7.6.1.1.1.1","508.3","","","","1"
"2015-05","Ontario","2021A000235","Unemployment","Total - Gender","15 years and over","Estimate","Seasonally adjusted","Persons in thousands","428","thousands","3","v2063948","7.6.1.1.1.1","473.6","","","","1"
"2015-06","Ontario","2021A000235","Unemployment","Total - Gender","15 years and over","Estimate","Seasonally adjusted","Persons in thousands","428","thousands","3","v2063948","7.6.1.1.1.1","483.2","","","","1"
"2015-07","Ontario","2021A000235","Unemployment","Total - Gender","15 years and over","Estimate","Seasonally adjusted","Persons in thousands","428","thousands","3","v2063948","7.6.1.1.1.1","498.8","","","","1"
"2015-08","Ontario","2021A000235","Unemployment","Total - Gender","15 years and over","Estimate","Seasonally adjusted","Persons in thousands","428","thousands","3","v2063948","7.6.1.1.1.1","514.0","","","","1"
"2015-09","Ontario","2021A000235","Unemployment","Total - Gender","15 years and over","Estimate","Seasonally adjusted","Persons in thousands","428","thousands","3","v2063948","7.6.1.1.1.1","511.9","","","","1"
"2015-10","Ontario","2021A000235","Unemployment","Total - Gender","15 years and over","Estimate","Seasonally adjusted","Persons in thousands","428","thousands","3","v2063948","7.6.1.1.1.1","516.8","","","","1"
"2015-11","Ontario","2021A000235","Unemployment","Total - Gender","15 years and over","Estimate","Seasonally adjusted","Persons in thousands","428","thousands","3","v2063948","7.6.1.1.1.1","510.4","","","","1"
"2015-12","Ontario","2021A000235","Unemployment","Total - Gender","15 years and over","Estimate","Seasonally adjusted","Persons in thousands","428","thousands","3","v2063948","7.6.1.1.1.1","505.1","","","","1"
"2016-01","Ontario","2021A000235","Unemployment","Total - Gender","15 years and over","Estimate","Seasonally adjusted","Persons in thousands","428","thousands","3","v2063948","7.6.1.1.1.1","495.5","","","","1"
"2016-02","Ontario","2021A000235","Unemployment","Total - Gender","15 years and over","Estimate","Seasonally adjusted","Persons in thousands","428","thousands","3","v2063948","7.6.1.1.1.1","500.7","","","","1"
"2016-03","Ontario","2021A000235","Unemployment","Total - Gender","15 years and over","Estimate","Seasonally adjusted","Persons in thousands","428","thousands","3","v2063948","7.6.1.1.1.1","513.5","","","","1"
"2016-04","Ontario","2021A000235","Unemployment","Total - Gender","15 years and over","Estimate","Seasonally adjusted","Persons in thousands","428","thousands","3","v2063948","7.6.1.1.1.1","538.5","","","","1"
"2016-05","Ontario","2021A000235","Unemployment","Total - Gender","15 years and over","Estimate","Seasonally adjusted","Persons in thousands","428","thousands","3","v2063948","7.6.1.1.1.1","486.0","","","","1"
"2016-06","Ontario","2021A000235","Unemployment","Total - Gender","15 years and over","Estimate","Seasonally adjusted","Persons in thousands","428","thousands","3","v2063948","7.6.1.1.1.1","480.7","","","","1"
"2016-07","Ontario","2021A000235","Unemployment","Total - Gender","15 years and over","Estimate","Seasonally adjusted","Persons in thousands","428","thousands","3","v2063948","7.6.1.1.1.1","464.3","","","","1"
"2016-08","Ontario","2021A000235","Unemployment","Total - Gender","15 years and over","Estimate","Seasonally adjusted","Persons in thousands","428","thousands","3","v2063948","7.6.1.1.1.1","478.9","","","","1"
"2016-09","Ontario","2021A000235","Unemployment","Total - Gender","15 years and over","Estimate","Seasonally adjusted","Persons in thousands","428","thousands","3","v2063948","7.6.1.1.1.1","479.3","","","","1"
"2016-10","Ontario","2021A000235","Unemployment","Total - Gender","15 years and over","Estimate","Seasonally adjusted","Persons in thousands","428","thousands","3","v2063948","7.6.1.1.1.1","471.7","","","","1"
"2016-11","Ontario","2021A000235","Unemployment","Total - Gender","15 years and over","Estimate","Seasonally adjusted","Persons in thousands","428","thousands","3","v2063948","7.6.1.1.1.1","469.4","","","","1"
"2016-12","Ontario","2021A000235","Unemployment","Total - Gender","15 years and over","Estimate","Seasonally adjusted","Persons in thousands","428","thousands","3","v2063948","7.6.1.1.1.1","482.5","","","","1"
"2017-01","Ontario","2021A000235","Unemployment","Total - Gender","15 years and over","Estimate","Seasonally adjusted","Persons in thousands","428","thousands","3","v2063948","7.6.1.1.1.1","494.3","","","","1"
"2017-02","Ontario","2021A000235","Unemployment","Total - Gender","15 years and over","Estimate","Seasonally adjusted","Persons in thousands","428","thousands","3","v2063948","7.6.1.1.1.1","474.9","","","","1"
"2017-03","Ontario","2021A000235","Unemployment","Total - Gender","15 years and over","Estimate","Seasonally adjusted","Persons in thousands","428","thousands","3","v2063948","7.6.1.1.1.1","476.8","","","","1"
"2017-04","Ontario","2021A000235","Unemployment","Total - Gender","15 years and over","Estimate","Seasonally adjusted","Persons in thousands","428","thousands","3","v2063948","7.6.1.1.1.1","452.5","","","","1"
"2017-05","Ontario","2021A000235","Unemployment","Total - Gender","15 years and over","Estimate","Seasonally adjusted","Persons in thousands","428","thousands","3","v2063948","7.6.1.1.1.1","483.5","","","","1"
"2017-06","Ontario","2021A000235","Unemployment","Total - Gender","15 years and over","Estimate","Seasonally adjusted","Persons in thousands","428","thousands","3","v2063948","7.6.1.1.1.1","472.3","","","","1"
"2017-07","Ontario","2021A000235","Unemployment","Total - Gender","15 years and over","Estimate","Seasonally adjusted","Persons in thousands","428","thousands","3","v2063948","7.6.1.1.1.1","458.2","","","","1"
"2017-08","Ontario","2021A000235","Unemployment","Total - Gender","15 years and over","Estimate","Seasonally adjusted","Persons in thousands","428","thousands","3","v2063948","7.6.1.1.1.1","417.3","","","","1"
"2017-09","Ontario","2021A000235","Unemployment","Total - Gender","15 years and over","Estimate","Seasonally adjusted","Persons in thousands","428","thousands","3","v2063948","7.6.1.1.1.1","442.6","","","","1"
"2017-10","Ontario","2021A000235","Unemployment","Total - Gender","15 years and over","Estimate","Seasonally adjusted","Persons in thousands","428","thousands","3","v2063948","7.6.1.1.1.1","445.5","","","","1"
"2017-11","Ontario","2021A000235","Unemployment","Total - Gender","15 years and over","Estimate","Seasonally adjusted","Persons in thousands","428","thousands","3","v2063948","7.6.1.1.1.1","448.9","","","","1"
"2017-12","Ontario","2021A000235","Unemployment","Total - Gender","15 years and over","Estimate","Seasonally adjusted","Persons in thousands","428","thousands","3","v2063948","7.6.1.1.1.1","454.5","","","","1"
"2018-01","Ontario","2021A000235","Unemployment","Total - Gender","15 years and over","Estimate","Seasonally adjusted","Persons in thousands","428","thousands","3","v2063948","7.6.1.1.1.1","434.0","","","","1"
"2018-02","Ontario","2021A000235","Unemployment","Total - Gender","15 years and over","Estimate","Seasonally adjusted","Persons in thousands","428","thousands","3","v2063948","7.6.1.1.1.1","427.3","","","","1"
"2018-03","Ontario","2021A000235","Unemployment","Total - Gender","15 years and over","Estimate","Seasonally adjusted","Persons in thousands","428","thousands","3","v2063948","7.6.1.1.1.1","423.5","","","","1"
"2018-04","Ontario","2021A000235","Unemployment","Total - Gender","15 years and over","Estimate","Seasonally adjusted","Persons in thousands","428","thousands","3","v2063948","7.6.1.1.1.1","406.3","","","","1"
"2018-05","Ontario","2021A000235","Unemployment","Total - Gender","15 years and over","Estimate","Seasonally adjusted","Persons in thousands","428","thousands","3","v2063948","7.6.1.1.1.1","443.3","","","","1"
"2018-06","Ontario","2021A000235","Unemployment","Total - Gender","15 years and over","Estimate","Seasonally adjusted","Persons in thousands","428","thousands","3","v2063948","7.6.1.1.1.1","453.0","","","","1"
"2018-07","Ontario","2021A000235","Unemployment","Total - Gender","15 years and over","Estimate","Seasonally adjusted","Persons in thousands","428","thousands","3","v2063948","7.6.1.1.1.1","426.9","","","","1"
"2018-08","Ontario","2021A000235","Unemployment","Total - Gender","15 years and over","Estimate","Seasonally adjusted","Persons in thousands","428","thousands","3","v2063948","7.6.1.1.1.1","441.9","","","","1"
"2018-09","Ontario","2021A000235","Unemployment","Total - Gender","15 years and over","Estimate","Seasonally adjusted","Persons in thousands","428","thousands","3","v2063948","7.6.1.1.1.1","436.7","","","","1"
"2018-10","Ontario","2021A000235","Unemployment","Total - Gender","15 years and over","Estimate","Seasonally adjusted","Persons in thousands","428","thousands","3","v2063948","7.6.1.1.1.1","422.9","","","","1"
"2018-11","Ontario","2021A000235","Unemployment","Total - Gender","15 years and over","Estimate","Seasonally adjusted","Persons in thousands","428","thousands","3","v2063948","7.6.1.1.1.1","436.8","","","","1"
"2018-12","Ontario","2021A000235","Unemployment","Total - Gender","15 years and over","Estimate","Seasonally adjusted","Persons in thousands","428","thousands","3","v2063948","7.6.1.1.1.1","428.7","","","","1"
"2019-01","Ontario","2021A000235","Unemployment","Total - Gender","15 years and over","Estimate","Seasonally adjusted","Persons in thousands","428","thousands","3","v2063948","7.6.1.1.1.1","438.2","","","","1"
"2019-02","Ontario","2021A000235","Unemployment","Total - Gender","15 years and over","Estimate","Seasonally adjusted","Persons in thousands","428","thousands","3","v2063948","7.6.1.1.1.1","436.3","","","","1"
"2019-03","Ontario","2021A000235","Unemployment","Total - Gender","15 years and over","Estimate","Seasonally adjusted","Persons in thousands","428","thousands","3","v2063948","7.6.1.1.1.1","457.3","","","","1"
"2019-04","Ontario","2021A000235","Unemployment","Total - Gender","15 years and over","Estimate","Seasonally adjusted","Persons in thousands","428","thousands","3","v2063948","7.6.1.1.1.1","464.1","","","","1"
"2019-05","Ontario","2021A000235","Unemployment","Total - Gender","15 years and over","Estimate","Seasonally adjusted","Persons in thousands","428","thousands","3","v2063948","7.6.1.1.1.1","407.4","","","","1"
"2019-06","Ontario","2021A000235","Unemployment","Total - Gender","15 years and over","Estimate","Seasonally adjusted","Persons in thousands","428","thousands","3","v2063948","7.6.1.1.1.1","417.7","","","","1"
"2019-07","Ontario","2021A000235","Unemployment","Total - Gender","15 years and over","Estimate","Seasonally adjusted","Persons in thousands","428","thousands","3","v2063948","7.6.1.1.1.1","444.8","","","","1"
"2019-08","Ontario","2021A000235","Unemployment","Total - Gender","15 years and over","Estimate","Seasonally adjusted","Persons in thousands","428","thousands","3","v2063948","7.6.1.1.1.1","441.8","","","","1"
"2019-09","Ontario","2021A000235","Unemployment","Total - Gender","15 years and over","Estimate","Seasonally adjusted","Persons in thousands","428","thousands","3","v2063948","7.6.1.1.1.1","430.3","","","","1"
"2019-10","Ontario","2021A000235","Unemployment","Total - Gender","15 years and over","Estimate","Seasonally adjusted","Persons in thousands","428","thousands","3","v2063948","7.6.1.1.1.1","429.2","","","","1"
"2019-11","Ontario","2021A000235","Unemployment","Total - Gender","15 years and over","Estimate","Seasonally adjusted","Persons in thousands","428","thousands","3","v2063948","7.6.1.1.1.1","433.4","","","","1"
"2019-12","Ontario","2021A000235","Unemployment","Total - Gender","15 years and over","Estimate","Seasonally adjusted","Persons in thousands","428","thousands","3","v2063948","7.6.1.1.1.1","415.5","","","","1"
"2020-01","Ontario","2021A000235","Unemployment","Total - Gender","15 years and over","Estimate","Seasonally adjusted","Persons in thousands","428","thousands","3","v2063948","7.6.1.1.1.1","411.9","","","","1"
"2020-02","Ontario","2021A000235","Unemployment","Total - Gender","15 years and over","Estimate","Seasonally adjusted","Persons in thousands","428","thousands","3","v2063948","7.6.1.1.1.1","449.0","","","","1"
"2020-03","Ontario","2021A000235","Unemployment","Total - Gender","15 years and over","Estimate","Seasonally adjusted","Persons in thousands","428","thousands","3","v2063948","7.6.1.1.1.1","650.4","","","","1"
"2020-04","Ontario","2021A000235","Unemployment","Total - Gender","15 years and over","Estimate","Seasonally adjusted","Persons in thousands","428","thousands","3","v2063948","7.6.1.1.1.1","874.0","","","","1"
"2020-05","Ontario","2021A000235","Unemployment","Total - Gender","15 years and over","Estimate","Seasonally adjusted","Persons in thousands","428","thousands","3","v2063948","7.6.1.1.1.1","1049.3","","","","1"
"2020-06","Ontario","2021A000235","Unemployment","Total - Gender","15 years and over","Estimate","Seasonally adjusted","Persons in thousands","428","thousands","3","v2063948","7.6.1.1.1.1","973.2","","","","1"
"2020-07","Ontario","2021A000235","Unemployment","Total - Gender","15 years and over","Estimate","Seasonally adjusted","Persons in thousands","428","thousands","3","v2063948","7.6.1.1.1.1","892.5","","","","1"
"2020-08","Ontario","2021A000235","Unemployment","Total - Gender","15 years and over","Estimate","Seasonally adjusted","Persons in thousands","428","thousands","3","v2063948","7.6.1.1.1.1","819.7","","","","1"
"2020-09","Ontario","2021A000235","Unemployment","Total - Gender","15 years and over","Estimate","Seasonally adjusted","Persons in thousands","428","thousands","3","v2063948","7.6.1.1.1.1","765.3","","","","1"
"2020-10","Ontario","2021A000235","Unemployment","Total - Gender","15 years and over","Estimate","Seasonally adjusted","Persons in thousands","428","thousands","3","v2063948","7.6.1.1.1.1","750.9","","","","1"
"2020-11","Ontario","2021A000235","Unemployment","Total - Gender","15 years and over","Estimate","Seasonally adjusted","Persons in thousands","428","thousands","3","v2063948","7.6.1.1.1.1","721.6","","","","1"
"2020-12","Ontario","2021A000235","Unemployment","Total - Gender","15 years and over","Estimate","Seasonally adjusted","Persons in thousands","428","thousands","3","v2063948","7.6.1.1.1.1","801.9","","","","1"
"2021-01","Ontario","2021A000235","Unemployment","Total - Gender","15 years and over","Estimate","Seasonally adjusted","Persons in thousands","428","thousands","3","v2063948","7.6.1.1.1.1","805.6","","","","1"
"2021-02","Ontario","2021A000235","Unemployment","Total - Gender","15 years and over","Estimate","Seasonally adjusted","Persons in thousands","428","thousands","3","v2063948","7.6.1.1.1.1","757.3","","","","1"
"2021-03","Ontario","2021A000235","Unemployment","Total - Gender","15 years and over","Estimate","Seasonally adjusted","Persons in thousands","428","thousands","3","v2063948","7.6.1.1.1.1","623.5","","","","1"
"2021-04","Ontario","2021A000235","Unemployment","Total - Gender","15 years and over","Estimate","Seasonally adjusted","Persons in thousands","428","thousands","3","v2063948","7.6.1.1.1.1","747.4","","","","1"
"2021-05","Ontario","2021A000235","Unemployment","Total - Gender","15 years and over","Estimate","Seasonally adjusted","Persons in thousands","428","thousands","3","v2063948","7.6.1.1.1.1","749.3","","","","1"
"2021-06","Ontario","2021A000235","Unemployment","Total - Gender","15 years and over","Estimate","Seasonally adjusted","Persons in thousands","428","thousands","3","v2063948","7.6.1.1.1.1","705.4","","","","1"
"2021-07","Ontario","2021A000235","Unemployment","Total - Gender","15 years and over","Estimate","Seasonally adjusted","Persons in thousands","428","thousands","3","v2063948","7.6.1.1.1.1","640.2","","","","1"
"2021-08","Ontario","2021A000235","Unemployment","Total - Gender","15 years and over","Estimate","Seasonally adjusted","Persons in thousands","428","thousands","3","v2063948","7.6.1.1.1.1","620.5","","","","1"
"2021-09","Ontario","2021A000235","Unemployment","Total - Gender","15 years and over","Estimate","Seasonally adjusted","Persons in thousands","428","thousands","3","v2063948","7.6.1.1.1.1","607.0","","","","1"
"2021-10","Ontario","2021A000235","Unemployment","Total - Gender","15 years and over","Estimate","Seasonally adjusted","Persons in thousands","428","thousands","3","v2063948","7.6.1.1.1.1","548.8","","","","1"
"2021-11","Ontario","2021A000235","Unemployment","Total - Gender","15 years and over","Estimate","Seasonally adjusted","Persons in thousands","428","thousands","3","v2063948","7.6.1.1.1.1","529.8","","","","1"
"2021-12","Ontario","2021A000235","Unemployment","Total - Gender","15 years and over","Estimate","Seasonally adjusted","Persons in thousands","428","thousands","3","v2063948","7.6.1.1.1.1","518.8","","","","1"
"2022-01","Ontario","2021A000235","Unemployment","Total - Gender","15 years and over","Estimate","Seasonally adjusted","Persons in thousands","428","thousands","3","v2063948","7.6.1.1.1.1","600.9","","","","1"
"2022-02","Ontario","2021A000235","Unemployment","Total - Gender","15 years and over","Estimate","Seasonally adjusted","Persons in thousands","428","thousands","3","v2063948","7.6.1.1.1.1","463.7","","","","1"
"2022-03","Ontario","2021A000235","Unemployment","Total - Gender","15 years and over","Estimate","Seasonally adjusted","Persons in thousands","428","thousands","3","v2063948","7.6.1.1.1.1","445.5","","","","1"
"2022-04","Ontario","2021A000235","Unemployment","Total - Gender","15 years and over","Estimate","Seasonally adjusted","Persons in thousands","428","thousands","3","v2063948","7.6.1.1.1.1","458.8","","","","1"
"2022-05","Ontario","2021A000235","Unemployment","Total - Gender","15 years and over","Estimate","Seasonally adjusted","Persons in thousands","428","thousands","3","v2063948","7.6.1.1.1.1","444.1","","","","1"
"2022-06","Ontario","2021A000235","Unemployment","Total - Gender","15 years and over","Estimate","Seasonally adjusted","Persons in thousands","428","thousands","3","v2063948","7.6.1.1.1.1","421.3","","","","1"
"2022-07","Ontario","2021A000235","Unemployment","Total - Gender","15 years and over","Estimate","Seasonally adjusted","Persons in thousands","428","thousands","3","v2063948","7.6.1.1.1.1","416.7","","","","1"
"2022-08","Ontario","2021A000235","Unemployment","Total - Gender","15 years and over","Estimate","Seasonally adjusted","Persons in thousands","428","thousands","3","v2063948","7.6.1.1.1.1","443.8","","","","1"
"2022-09","Ontario","2021A000235","Unemployment","Total - Gender","15 years and over","Estimate","Seasonally adjusted","Persons in thousands","428","thousands","3","v2063948","7.6.1.1.1.1","448.0","","","","1"
"2022-10","Ontario","2021A000235","Unemployment","Total - Gender","15 years and over","Estimate","Seasonally adjusted","Persons in thousands","428","thousands","3","v2063948","7.6.1.1.1.1","451.5","","","","1"
"2022-11","Ontario","2021A000235","Unemployment","Total - Gender","15 years and over","Estimate","Seasonally adjusted","Persons in thousands","428","thousands","3","v2063948","7.6.1.1.1.1","461.3","","","","1"
"2022-12","Ontario","2021A000235","Unemployment","Total - Gender","15 years and over","Estimate","Seasonally adjusted","Persons in thousands","428","thousands","3","v2063948","7.6.1.1.1.1","439.0","","","","1"
"2023-01","Ontario","2021A000235","Unemployment","Total - Gender","15 years and over","Estimate","Seasonally adjusted","Persons in thousands","428","thousands","3","v2063948","7.6.1.1.1.1","440.0","","","","1"
"2023-02","Ontario","2021A000235","Unemployment","Total - Gender","15 years and over","Estimate","Seasonally adjusted","Persons in thousands","428","thousands","3","v2063948","7.6.1.1.1.1","431.3","","","","1"
"2023-03","Ontario","2021A000235","Unemployment","Total - Gender","15 years and over","Estimate","Seasonally adjusted","Persons in thousands","428","thousands","3","v2063948","7.6.1.1.1.1","442.4","","","","1"
"2023-04","Ontario","2021A000235","Unemployment","Total - Gender","15 years and over","Estimate","Seasonally adjusted","Persons in thousands","428","thousands","3","v2063948","7.6.1.1.1.1","422.3","","","","1"
"2023-05","Ontario","2021A000235","Unemployment","Total - Gender","15 years and over","Estimate","Seasonally adjusted","Persons in thousands","428","thousands","3","v2063948","7.6.1.1.1.1","465.0","","","","1"
"2023-06","Ontario","2021A000235","Unemployment","Total - Gender","15 years and over","Estimate","Seasonally adjusted","Persons in thousands","428","thousands","3","v2063948","7.6.1.1.1.1","477.3","","","","1"
"2023-07","Ontario","2021A000235","Unemployment","Total - Gender","15 years and over","Estimate","Seasonally adjusted","Persons in thousands","428","thousands","3","v2063948","7.6.1.1.1.1","476.1","","","","1"
"2023-08","Ontario","2021A000235","Unemployment","Total - Gender","15 years and over","Estimate","Seasonally adjusted","Persons in thousands","428","thousands","3","v2063948","7.6.1.1.1.1","491.6","","","","1"
"2023-09","Ontario","2021A000235","Unemployment","Total - Gender","15 years and over","Estimate","Seasonally adjusted","Persons in thousands","428","thousands","3","v2063948","7.6.1.1.1.1","497.4","","","","1"
"2023-10","Ontario","2021A000235","Unemployment","Total - Gender","15 years and over","Estimate","Seasonally adjusted","Persons in thousands","428","thousands","3","v2063948","7.6.1.1.1.1","529.0","","","","1"
"2023-11","Ontario","2021A000235","Unemployment","Total - Gender","15 years and over","Estimate","Seasonally adjusted","Persons in thousands","428","thousands","3","v2063948","7.6.1.1.1.1","522.5","","","","1"
"2023-12","Ontario","2021A000235","Unemployment","Total - Gender","15 years and over","Estimate","Seasonally adjusted","Persons in thousands","428","thousands","3","v2063948","7.6.1.1.1.1","533.5","","","","1"
"2024-01","Ontario","2021A000235","Unemployment","Total - Gender","15 years and over","Estimate","Seasonally adjusted","Persons in thousands","428","thousands","3","v2063948","7.6.1.1.1.1","523.8","","","","1"
"2024-02","Ontario","2021A000235","Unemployment","Total - Gender","15 years and over","Estimate","Seasonally adjusted","Persons in thousands","428","thousands","3","v2063948","7.6.1.1.1.1","570.4","","","","1"
"2024-03","Ontario","2021A000235","Unemployment","Total - Gender","15 years and over","Estimate","Seasonally adjusted","Persons in thousands","428","thousands","3","v2063948","7.6.1.1.1.1","587.9","","","","1"
"2024-04","Ontario","2021A000235","Unemployment","Total - Gender","15 years and over","Estimate","Seasonally adjusted","Persons in thousands","428","thousands","3","v2063948","7.6.1.1.1.1","587.4","","","","1"
"2024-05","Ontario","2021A000235","Unemployment","Total - Gender","15 years and over","Estimate","Seasonally adjusted","Persons in thousands","428","thousands","3","v2063948","7.6.1.1.1.1","589.0","","","","1"
"2024-06","Ontario","2021A000235","Unemployment","Total - Gender","15 years and over","Estimate","Seasonally adjusted","Persons in thousands","428","thousands","3","v2063948","7.6.1.1.1.1","613.8","","","","1"
"2024-07","Ontario","2021A000235","Unemployment","Total - Gender","15 years and over","Estimate","Seasonally adjusted","Persons in thousands","428","thousands","3","v2063948","7.6.1.1.1.1","600.5","","","","1"
"2024-08","Ontario","2021A000235","Unemployment","Total - Gender","15 years and over","Estimate","Seasonally adjusted","Persons in thousands","428","thousands","3","v2063948","7.6.1.1.1.1","636.1","","","","1"
"2024-09","Ontario","2021A000235","Unemployment","Total - Gender","15 years and over","Estimate","Seasonally adjusted","Persons in thousands","428","thousands","3","v2063948","7.6.1.1.1.1","614.9","","","","1"
"2024-10","Ontario","2021A000235","Unemployment","Total - Gender","15 years and over","Estimate","Seasonally adjusted","Persons in thousands","428","thousands","3","v2063948","7.6.1.1.1.1","623.9","","","","1"
"2024-11","Ontario","2021A000235","Unemployment","Total - Gender","15 years and over","Estimate","Seasonally adjusted","Persons in thousands","428","thousands","3","v2063948","7.6.1.1.1.1","693.1","","","","1"
"2024-12","Ontario","2021A000235","Unemployment","Total - Gender","15 years and over","Estimate","Seasonally adjusted","Persons in thousands","428","thousands","3","v2063948","7.6.1.1.1.1","666.4","","","","1"
"2025-01","Ontario","2021A000235","Unemployment","Total - Gender","15 years and over","Estimate","Seasonally adjusted","Persons in thousands","428","thousands","3","v2063948","7.6.1.1.1.1","674.0","","","","1"
"2025-02","Ontario","2021A000235","Unemployment","Total - Gender","15 years and over","Estimate","Seasonally adjusted","Persons in thousands","428","thousands","3","v2063948","7.6.1.1.1.1","656.1","","","","1"
"2025-03","Ontario","2021A000235","Unemployment","Total - Gender","15 years and over","Estimate","Seasonally adjusted","Persons in thousands","428","thousands","3","v2063948","7.6.1.1.1.1","670.0","","","","1"
"2025-04","Ontario","2021A000235","Unemployment","Total - Gender","15 years and over","Estimate","Seasonally adjusted","Persons in thousands","428","thousands","3","v2063948","7.6.1.1.1.1","690.5","","","","1"
"2025-05","Ontario","2021A000235","Unemployment","Total - Gender","15 years and over","Estimate","Seasonally adjusted","Persons in thousands","428","thousands","3","v2063948","7.6.1.1.1.1","702.1","","","","1"
"2025-06","Ontario","2021A000235","Unemployment","Total - Gender","15 years and over","Estimate","Seasonally adjusted","Persons in thousands","428","thousands","3","v2063948","7.6.1.1.1.1","690.9","","","","1"
"2025-07","Ontario","2021A000235","Unemployment","Total - Gender","15 years and over","Estimate","Seasonally adjusted","Persons in thousands","428","thousands","3","v2063948","7.6.1.1.1.1","696.4","","","","1"
"2025-08","Ontario","2021A000235","Unemployment","Total - Gender","15 years and over","Estimate","Seasonally adjusted","Persons in thousands","428","thousands","3","v2063948","7.6.1.1.1.1","685.9","","","","1"
"2025-09","Ontario","2021A000235","Unemployment","Total - Gender","15 years and over","Estimate","Seasonally adjusted","Persons in thousands","428","thousands","3","v2063948","7.6.1.1.1.1","702.9","","","","1"
"2025-10","Ontario","2021A000235","Unemployment","Total - Gender","15 years and over","Estimate","Seasonally adjusted","Persons in thousands","428","thousands","3","v2063948","7.6.1.1.1.1","675.8","","","","1"
"2025-11","Ontario","2021A000235","Unemployment","Total - Gender","15 years and over","Estimate","Seasonally adjusted","Persons in thousands","428","thousands","3","v2063948","7.6.1.1.1.1","658.1","","","","1"
"2025-12","Ontario","2021A000235","Unemployment","Total - Gender","15 years and over","Estimate","Seasonally adjusted","Persons in thousands","428","thousands","3","v2063948","7.6.1.1.1.1","714.3","","","","1"
"2026-01","Ontario","2021A000235","Unemployment","Total - Gender","15 years and over","Estimate","Seasonally adjusted","Persons in thousands","428","thousands","3","v2063948","7.6.1.1.1.1","644.5","","","","1"
"2026-02","Ontario","2021A000235","Unemployment","Total - Gender","15 years and over","Estimate","Seasonally adjusted","Persons in thousands","428","thousands","3","v2063948","7.6.1.1.1.1","672.4","","","","1"
"2026-03","Ontario","2021A000235","Unemployment","Total - Gender","15 years and over","Estimate","Seasonally adjusted","Persons in thousands","428","thousands","3","v2063948","7.6.1.1.1.1","676.1","","","","1"
"2026-04","Ontario","2021A000235","Unemployment","Total - Gender","15 years and over","Estimate","Seasonally adjusted","Persons in thousands","428","thousands","3","v2063948","7.6.1.1.1.1","672.9","","","","1"
"2026-05","Ontario","2021A000235","Unemployment","Total - Gender","15 years and over","Estimate","Seasonally adjusted","Persons in thousands","428","thousands","3","v2063948","7.6.1.1.1.1","620.7","","","","1"
"2026-06","Ontario","2021A000235","Unemployment","Total - Gender","15 years and over","Estimate","Seasonally adjusted","Persons in thousands","428","thousands","3","v2063948","7.6.1.1.1.1","620.5","","","","1"
"2015-02","Ontario","2021A000235","Unemployment rate","Total - Gender","15 years and over","Estimate","Seasonally adjusted","Percent","239","units","0","v2063949","7.7.1.1.1.1","7.0","","","","1"
"2015-03","Ontario","2021A000235","Unemployment rate","Total - Gender","15 years and over","Estimate","Seasonally adjusted","Percent","239","units","0","v2063949","7.7.1.1.1.1","6.9","","","","1"
"2015-04","Ontario","2021A000235","Unemployment rate","Total - Gender","15 years and over","Estimate","Seasonally adjusted","Percent","239","units","0","v2063949","7.7.1.1.1.1","6.9","","","","1"
"2015-05","Ontario","2021A000235","Unemployment rate","Total - Gender","15 years and over","Estimate","Seasonally adjusted","Percent","239","units","0","v2063949","7.7.1.1.1.1","6.5","","","","1"
"2015-06","Ontario","2021A000235","Unemployment rate","Total - Gender","15 years and over","Estimate","Seasonally adjusted","Percent","239","units","0","v2063949","7.7.1.1.1.1","6.6","","","","1"
"2015-07","Ontario","2021A000235","Unemployment rate","Total - Gender","15 years and over","Estimate","Seasonally adjusted","Percent","239","units","0","v2063949","7.7.1.1.1.1","6.8","","","","1"
"2015-08","Ontario","2021A000235","Unemployment rate","Total - Gender","15 years and over","Estimate","Seasonally adjusted","Percent","239","units","0","v2063949","7.7.1.1.1.1","6.9","","","","1"
"2015-09","Ontario","2021A000235","Unemployment rate","Total - Gender","15 years and over","Estimate","Seasonally adjusted","Percent","239","units","0","v2063949","7.7.1.1.1.1","6.9","","","","1"
"2015-10","Ontario","2021A000235","Unemployment rate","Total - Gender","15 years and over","Estimate","Seasonally adjusted","Percent","239","units","0","v2063949","7.7.1.1.1.1","7.0","","","","1"
"2015-11","Ontario","2021A000235","Unemployment rate","Total - Gender","15 years and over","Estimate","Seasonally adjusted","Percent","239","units","0","v2063949","7.7.1.1.1.1","6.9","","","","1"
"2015-12","Ontario","2021A000235","Unemployment rate","Total - Gender","15 years and over","Estimate","Seasonally adjusted","Percent","239","units","0","v2063949","7.7.1.1.1.1","6.8","","","","1"
"2016-01","Ontario","2021A000235","Unemployment rate","Total - Gender","15 years and over","Estimate","Seasonally adjusted","Percent","239","units","0","v2063949","7.7.1.1.1.1","6.7","","","","1"
"2016-02","Ontario","2021A000235","Unemployment rate","Total - Gender","15 years and over","Estimate","Seasonally adjusted","Percent","239","units","0","v2063949","7.7.1.1.1.1","6.8","","","","1"
"2016-03","Ontario","2021A000235","Unemployment rate","Total - Gender","15 years and over","Estimate","Seasonally adjusted","Percent","239","units","0","v2063949","7.7.1.1.1.1","6.9","","","","1"
"2016-04","Ontario","2021A000235","Unemployment rate","Total - Gender","15 years and over","Estimate","Seasonally adjusted","Percent","239","units","0","v2063949","7.7.1.1.1.1","7.2","","","","1"
"2016-05","Ontario","2021A000235","Unemployment rate","Total - Gender","15 years and over","Estimate","Seasonally adjusted","Percent","239","units","0","v2063949","7.7.1.1.1.1","6.5","","","","1"
"2016-06","Ontario","2021A000235","Unemployment rate","Total - Gender","15 years and over","Estimate","Seasonally adjusted","Percent","239","units","0","v2063949","7.7.1.1.1.1","6.5","","","","1"
"2016-07","Ontario","2021A000235","Unemployment rate","Total - Gender","15 years and over","Estimate","Seasonally adjusted","Percent","239","units","0","v2063949","7.7.1.1.1.1","6.3","","","","1"
"2016-08","Ontario","2021A000235","Unemployment rate","Total - Gender","15 years and over","Estimate","Seasonally adjusted","Percent","239","units","0","v2063949","7.7.1.1.1.1","6.5","","","","1"
"2016-09","Ontario","2021A000235","Unemployment rate","Total - Gender","15 years and over","Estimate","Seasonally adjusted","Percent","239","units","0","v2063949","7.7.1.1.1.1","6.5","","","","1"
"2016-10","Ontario","2021A000235","Unemployment rate","Total - Gender","15 years and over","Estimate","Seasonally adjusted","Percent","239","units","0","v2063949","7.7.1.1.1.1","6.4","","","","1"
"2016-11","Ontario","2021A000235","Unemployment rate","Total - Gender","15 years and over","Estimate","Seasonally adjusted","Percent","239","units","0","v2063949","7.7.1.1.1.1","6.3","","","","1"
"2016-12","Ontario","2021A000235","Unemployment rate","Total - Gender","15 years and over","Estimate","Seasonally adjusted","Percent","239","units","0","v2063949","7.7.1.1.1.1","6.5","","","","1"
"2017-01","Ontario","2021A000235","Unemployment rate","Total - Gender","15 years and over","Estimate","Seasonally adjusted","Percent","239","units","0","v2063949","7.7.1.1.1.1","6.6","","","","1"
"2017-02","Ontario","2021A000235","Unemployment rate","Total - Gender","15 years and over","Estimate","Seasonally adjusted","Percent","239","units","0","v2063949","7.7.1.1.1.1","6.3","","","","1"
"2017-03","Ontario","2021A000235","Unemployment rate","Total - Gender","15 years and over","Estimate","Seasonally adjusted","Percent","239","units","0","v2063949","7.7.1.1.1.1","6.3","","","","1"
"2017-04","Ontario","2021A000235","Unemployment rate","Total - Gender","15 years and over","Estimate","Seasonally adjusted","Percent","239","units","0","v2063949","7.7.1.1.1.1","6.0","","","","1"
"2017-05","Ontario","2021A000235","Unemployment rate","Total - Gender","15 years and over","Estimate","Seasonally adjusted","Percent","239","units","0","v2063949","7.7.1.1.1.1","6.4","","","","1"
"2017-06","Ontario","2021A000235","Unemployment rate","Total - Gender","15 years and over","Estimate","Seasonally adjusted","Percent","239","units","0","v2063949","7.7.1.1.1.1","6.2","","","","1"
"2017-07","Ontario","2021A000235","Unemployment rate","Total - Gender","15 years and over","Estimate","Seasonally adjusted","Percent","239","units","0","v2063949","7.7.1.1.1.1","6.0","","","","1"
"2017-08","Ontario","2021A000235","Unemployment rate","Total - Gender","15 years and over","Estimate","Seasonally adjusted","Percent","239","units","0","v2063949","7.7.1.1.1.1","5.5","","","","1"
"2017-09","Ontario","2021A000235","Unemployment rate","Total - Gender","15 years and over","Estimate","Seasonally adjusted","Percent","239","units","0","v2063949","7.7.1.1.1.1","5.8","","","","1"
"2017-10","Ontario","2021A000235","Unemployment rate","Total - Gender","15 years and over","Estimate","Seasonally adjusted","Percent","239","units","0","v2063949","7.7.1.1.1.1","5.8","","","","1"
"2017-11","Ontario","2021A000235","Unemployment rate","Total - Gender","15 years and over","Estimate","Seasonally adjusted","Percent","239","units","0","v2063949","7.7.1.1.1.1","5.9","","","","1"
"2017-12","Ontario","2021A000235","Unemployment rate","Total - Gender","15 years and over","Estimate","Seasonally adjusted","Percent","239","units","0","v2063949","7.7.1.1.1.1","5.9","","","","1"
"2018-01","Ontario","2021A000235","Unemployment rate","Total - Gender","15 years and over","Estimate","Seasonally adjusted","Percent","239","units","0","v2063949","7.7.1.1.1.1","5.7","","","","1"
"2018-02","Ontario","2021A000235","Unemployment rate","Total - Gender","15 years and over","Estimate","Seasonally adjusted","Percent","239","units","0","v2063949","7.7.1.1.1.1","5.6","","","","1"
"2018-03","Ontario","2021A000235","Unemployment rate","Total - Gender","15 years and over","Estimate","Seasonally adjusted","Percent","239","units","0","v2063949","7.7.1.1.1.1","5.6","","","","1"
"2018-04","Ontario","2021A000235","Unemployment rate","Total - Gender","15 years and over","Estimate","Seasonally adjusted","Percent","239","units","0","v2063949","7.7.1.1.1.1","5.3","","","","1"
"2018-05","Ontario","2021A000235","Unemployment rate","Total - Gender","15 years and over","Estimate","Seasonally adjusted","Percent","239","units","0","v2063949","7.7.1.1.1.1","5.8","","","","1"
"2018-06","Ontario","2021A000235","Unemployment rate","Total - Gender","15 years and over","Estimate","Seasonally adjusted","Percent","239","units","0","v2063949","7.7.1.1.1.1","5.9","","","","1"
"2018-07","Ontario","2021A000235","Unemployment rate","Total - Gender","15 years and over","Estimate","Seasonally adjusted","Percent","239","units","0","v2063949","7.7.1.1.1.1","5.5","","","","1"
"2018-08","Ontario","2021A000235","Unemployment rate","Total - Gender","15 years and over","Estimate","Seasonally adjusted","Percent","239","units","0","v2063949","7.7.1.1.1.1","5.8","","","","1"
"2018-09","Ontario","2021A000235","Unemployment rate","Total - Gender","15 years and over","Estimate","Seasonally adjusted","Percent","239","units","0","v2063949","7.7.1.1.1.1","5.7","","","","1"
"2018-10","Ontario","2021A000235","Unemployment rate","Total - Gender","15 years and over","Estimate","Seasonally adjusted","Percent","239","units","0","v2063949","7.7.1.1.1.1","5.5","","","","1"
"2018-11","Ontario","2021A000235","Unemployment rate","Total - Gender","15 years and over","Estimate","Seasonally adjusted","Percent","239","units","0","v2063949","7.7.1.1.1.1","5.7","","","","1"
"2018-12","Ontario","2021A000235","Unemployment rate","Total - Gender","15 years and over","Estimate","Seasonally adjusted","Percent","239","units","0","v2063949","7.7.1.1.1.1","5.5","","","","1"
"2019-01","Ontario","2021A000235","Unemployment rate","Total - Gender","15 years and over","Estimate","Seasonally adjusted","Percent","239","units","0","v2063949","7.7.1.1.1.1","5.6","","","","1"
"2019-02","Ontario","2021A000235","Unemployment rate","Total - Gender","15 years and over","Estimate","Seasonally adjusted","Percent","239","units","0","v2063949","7.7.1.1.1.1","5.6","","","","1"
"2019-03","Ontario","2021A000235","Unemployment rate","Total - Gender","15 years and over","Estimate","Seasonally adjusted","Percent","239","units","0","v2063949","7.7.1.1.1.1","5.9","","","","1"
"2019-04","Ontario","2021A000235","Unemployment rate","Total - Gender","15 years and over","Estimate","Seasonally adjusted","Percent","239","units","0","v2063949","7.7.1.1.1.1","5.9","","","","1"
"2019-05","Ontario","2021A000235","Unemployment rate","Total - Gender","15 years and over","Estimate","Seasonally adjusted","Percent","239","units","0","v2063949","7.7.1.1.1.1","5.2","","","","1"
"2019-06","Ontario","2021A000235","Unemployment rate","Total - Gender","15 years and over","Estimate","Seasonally adjusted","Percent","239","units","0","v2063949","7.7.1.1.1.1","5.3","","","","1"
"2019-07","Ontario","2021A000235","Unemployment rate","Total - Gender","15 years and over","Estimate","Seasonally adjusted","Percent","239","units","0","v2063949","7.7.1.1.1.1","5.7","","","","1"
"2019-08","Ontario","2021A000235","Unemployment rate","Total - Gender","15 years and over","Estimate","Seasonally adjusted","Percent","239","units","0","v2063949","7.7.1.1.1.1","5.6","","","","1"
"2019-09","Ontario","2021A000235","Unemployment rate","Total - Gender","15 years and over","Estimate","Seasonally adjusted","Percent","239","units","0","v2063949","7.7.1.1.1.1","5.5","","","","1"
"2019-10","Ontario","2021A000235","Unemployment rate","Total - Gender","15 years and over","Estimate","Seasonally adjusted","Percent","239","units","0","v2063949","7.7.1.1.1.1","5.5","","","","1"
"2019-11","Ontario","2021A000235","Unemployment rate","Total - Gender","15 years and over","Estimate","Seasonally adjusted","Percent","239","units","0","v2063949","7.7.1.1.1.1","5.5","","","","1"
"2019-12","Ontario","2021A000235","Unemployment rate","Total - Gender","15 years and over","Estimate","Seasonally adjusted","Percent","239","units","0","v2063949","7.7.1.1.1.1","5.2","","","","1"
"2020-01","Ontario","2021A000235","Unemployment rate","Total - Gender","15 years and over","Estimate","Seasonally adjusted","Percent","239","units","0","v2063949","7.7.1.1.1.1","5.2","","","","1"
"2020-02","Ontario","2021A000235","Unemployment rate","Total - Gender","15 years and over","Estimate","Seasonally adjusted","Percent","239","units","0","v2063949","7.7.1.1.1.1","5.6","","","","1"
"2020-03","Ontario","2021A000235","Unemployment rate","Total - Gender","15 years and over","Estimate","Seasonally adjusted","Percent","239","units","0","v2063949","7.7.1.1.1.1","8.5","","","","1"
"2020-04","Ontario","2021A000235","Unemployment rate","Total - Gender","15 years and over","Estimate","Seasonally adjusted","Percent","239","units","0","v2063949","7.7.1.1.1.1","12.1","","","","1"
"2020-05","Ontario","2021A000235","Unemployment rate","Total - Gender","15 years and over","Estimate","Seasonally adjusted","Percent","239","units","0","v2063949","7.7.1.1.1.1","14.2","","","","1"
"2020-06","Ontario","2021A000235","Unemployment rate","Total - Gender","15 years and over","Estimate","Seasonally adjusted","Percent","239","units","0","v2063949","7.7.1.1.1.1","12.6","","","","1"
"2020-07","Ontario","2021A000235","Unemployment rate","Total - Gender","15 years and over","Estimate","Seasonally adjusted","Percent","239","units","0","v2063949","7.7.1.1.1.1","11.4","","","","1"
"2020-08","Ontario","2021A000235","Unemployment rate","Total - Gender","15 years and over","Estimate","Seasonally adjusted","Percent","239","units","0","v2063949","7.7.1.1.1.1","10.4","","","","1"
"2020-09","Ontario","2021A000235","Unemployment rate","Total - Gender","15 years and over","Estimate","Seasonally adjusted","Percent","239","units","0","v2063949","7.7.1.1.1.1","9.6","","","","1"
"2020-10","Ontario","2021A000235","Unemployment rate","Total - Gender","15 years and over","Estimate","Seasonally adjusted","Percent","239","units","0","v2063949","7.7.1.1.1.1","9.4","","","","1"
"2020-11","Ontario","2021A000235","Unemployment rate","Total - Gender","15 years and over","Estimate","Seasonally adjusted","Percent","239","units","0","v2063949","7.7.1.1.1.1","9.0","","","","1"
"2020-12","Ontario","2021A000235","Unemployment rate","Total - Gender","15 years and over","Estimate","Seasonally adjusted","Percent","239","units","0","v2063949","7.7.1.1.1.1","9.9","","","","1"
"2021-01","Ontario","2021A000235","Unemployment rate","Total - Gender","15 years and over","Estimate","Seasonally adjusted","Percent","239","units","0","v2063949","7.7.1.1.1.1","10.2","","","","1"
"2021-02","Ontario","2021A000235","Unemployment rate","Total - Gender","15 years and over","Estimate","Seasonally adjusted","Percent","239","units","0","v2063949","7.7.1.1.1.1","9.5","","","","1"
"2021-03","Ontario","2021A000235","Unemployment rate","Total - Gender","15 years and over","Estimate","Seasonally adjusted","Percent","239","units","0","v2063949","7.7.1.1.1.1","7.8","","","","1"
"2021-04","Ontario","2021A000235","Unemployment rate","Total - Gender","15 years and over","Estimate","Seasonally adjusted","Percent","239","units","0","v2063949","7.7.1.1.1.1","9.4","","","","1"
"2021-05","Ontario","2021A000235","Unemployment rate","Total - Gender","15 years and over","Estimate","Seasonally adjusted","Percent","239","units","0","v2063949","7.7.1.1.1.1","9.4","","","","1"
"2021-06","Ontario","2021A000235","Unemployment rate","Total - Gender","15 years and over","Estimate","Seasonally adjusted","Percent","239","units","0","v2063949","7.7.1.1.1.1","8.8","","","","1"
"2021-07","Ontario","2021A000235","Unemployment rate","Total - Gender","15 years and over","Estimate","Seasonally adjusted","Percent","239","units","0","v2063949","7.7.1.1.1.1","7.9","","","","1"
"2021-08","Ontario","2021A000235","Unemployment rate","Total - Gender","15 years and over","Estimate","Seasonally adjusted","Percent","239","units","0","v2063949","7.7.1.1.1.1","7.7","","","","1"
"2021-09","Ontario","2021A000235","Unemployment rate","Total - Gender","15 years and over","Estimate","Seasonally adjusted","Percent","239","units","0","v2063949","7.7.1.1.1.1","7.4","","","","1"
"2021-10","Ontario","2021A000235","Unemployment rate","Total - Gender","15 years and over","Estimate","Seasonally adjusted","Percent","239","units","0","v2063949","7.7.1.1.1.1","6.7","","","","1"
"2021-11","Ontario","2021A000235","Unemployment rate","Total - Gender","15 years and over","Estimate","Seasonally adjusted","Percent","239","units","0","v2063949","7.7.1.1.1.1","6.5","","","","1"
"2021-12","Ontario","2021A000235","Unemployment rate","Total - Gender","15 years and over","Estimate","Seasonally adjusted","Percent","239","units","0","v2063949","7.7.1.1.1.1","6.3","","","","1"
"2022-01","Ontario","2021A000235","Unemployment rate","Total - Gender","15 years and over","Estimate","Seasonally adjusted","Percent","239","units","0","v2063949","7.7.1.1.1.1","7.4","","","","1"
"2022-02","Ontario","2021A000235","Unemployment rate","Total - Gender","15 years and over","Estimate","Seasonally adjusted","Percent","239","units","0","v2063949","7.7.1.1.1.1","5.7","","","","1"
"2022-03","Ontario","2021A000235","Unemployment rate","Total - Gender","15 years and over","Estimate","Seasonally adjusted","Percent","239","units","0","v2063949","7.7.1.1.1.1","5.4","","","","1"
"2022-04","Ontario","2021A000235","Unemployment rate","Total - Gender","15 years and over","Estimate","Seasonally adjusted","Percent","239","units","0","v2063949","7.7.1.1.1.1","5.6","","","","1"
"2022-05","Ontario","2021A000235","Unemployment rate","Total - Gender","15 years and over","Estimate","Seasonally adjusted","Percent","239","units","0","v2063949","7.7.1.1.1.1","5.4","","","","1"
"2022-06","Ontario","2021A000235","Unemployment rate","Total - Gender","15 years and over","Estimate","Seasonally adjusted","Percent","239","units","0","v2063949","7.7.1.1.1.1","5.1","","","","1"
"2022-07","Ontario","2021A000235","Unemployment rate","Total - Gender","15 years and over","Estimate","Seasonally adjusted","Percent","239","units","0","v2063949","7.7.1.1.1.1","5.1","","","","1"
"2022-08","Ontario","2021A000235","Unemployment rate","Total - Gender","15 years and over","Estimate","Seasonally adjusted","Percent","239","units","0","v2063949","7.7.1.1.1.1","5.4","","","","1"
"2022-09","Ontario","2021A000235","Unemployment rate","Total - Gender","15 years and over","Estimate","Seasonally adjusted","Percent","239","units","0","v2063949","7.7.1.1.1.1","5.5","","","","1"
"2022-10","Ontario","2021A000235","Unemployment rate","Total - Gender","15 years and over","Estimate","Seasonally adjusted","Percent","239","units","0","v2063949","7.7.1.1.1.1","5.5","","","","1"
"2022-11","Ontario","2021A000235","Unemployment rate","Total - Gender","15 years and over","Estimate","Seasonally adjusted","Percent","239","units","0","v2063949","7.7.1.1.1.1","5.6","","","","1"
"2022-12","Ontario","2021A000235","Unemployment rate","Total - Gender","15 years and over","Estimate","Seasonally adjusted","Percent","239","units","0","v2063949","7.7.1.1.1.1","5.3","","","","1"
"2023-01","Ontario","2021A000235","Unemployment rate","Total - Gender","15 years and over","Estimate","Seasonally adjusted","Percent","239","units","0","v2063949","7.7.1.1.1.1","5.3","","","","1"
"2023-02","Ontario","2021A000235","Unemployment rate","Total - Gender","15 years and over","Estimate","Seasonally adjusted","Percent","239","units","0","v2063949","7.7.1.1.1.1","5.2","","","","1"
"2023-03","Ontario","2021A000235","Unemployment rate","Total - Gender","15 years and over","Estimate","Seasonally adjusted","Percent","239","units","0","v2063949","7.7.1.1.1.1","5.3","","","","1"
"2023-04","Ontario","2021A000235","Unemployment rate","Total - Gender","15 years and over","Estimate","Seasonally adjusted","Percent","239","units","0","v2063949","7.7.1.1.1.1","5.0","","","","1"
"2023-05","Ontario","2021A000235","Unemployment rate","Total - Gender","15 years and over","Estimate","Seasonally adjusted","Percent","239","units","0","v2063949","7.7.1.1.1.1","5.5","","","","1"
"2023-06","Ontario","2021A000235","Unemployment rate","Total - Gender","15 years and over","Estimate","Seasonally adjusted","Percent","239","units","0","v2063949","7.7.1.1.1.1","5.6","","","","1"
"2023-07","Ontario","2021A000235","Unemployment rate","Total - Gender","15 years and over","Estimate","Seasonally adjusted","Percent","239","units","0","v2063949","7.7.1.1.1.1","5.6","","","","1"
"2023-08","Ontario","2021A000235","Unemployment rate","Total - Gender","15 years and over","Estimate","Seasonally adjusted","Percent","239","units","0","v2063949","7.7.1.1.1.1","5.8","","","","1"
"2023-09","Ontario","2021A000235","Unemployment rate","Total - Gender","15 years and over","Estimate","Seasonally adjusted","Percent","239","units","0","v2063949","7.7.1.1.1.1","5.8","","","","1"
"2023-10","Ontario","2021A000235","Unemployment rate","Total - Gender","15 years and over","Estimate","Seasonally adjusted","Percent","239","units","0","v2063949","7.7.1.1.1.1","6.2","","","","1"
"2023-11","Ontario","2021A000235","Unemployment rate","Total - Gender","15 years and over","Estimate","Seasonally adjusted","Percent","239","units","0","v2063949","7.7.1.1.1.1","6.1","","","","1"
"2023-12","Ontario","2021A000235","Unemployment rate","Total - Gender","15 years and over","Estimate","Seasonally adjusted","Percent","239","units","0","v2063949","7.7.1.1.1.1","6.2","","","","1"
"2024-01","Ontario","2021A000235","Unemployment rate","Total - Gender","15 years and over","Estimate","Seasonally adjusted","Percent","239","units","0","v2063949","7.7.1.1.1.1","6.1","","","","1"
"2024-02","Ontario","2021A000235","Unemployment rate","Total - Gender","15 years and over","Estimate","Seasonally adjusted","Percent","239","units","0","v2063949","7.7.1.1.1.1","6.6","","","","1"
"2024-03","Ontario","2021A000235","Unemployment rate","Total - Gender","15 years and over","Estimate","Seasonally adjusted","Percent","239","units","0","v2063949","7.7.1.1.1.1","6.8","","","","1"
"2024-04","Ontario","2021A000235","Unemployment rate","Total - Gender","15 years and over","Estimate","Seasonally adjusted","Percent","239","units","0","v2063949","7.7.1.1.1.1","6.8","","","","1"
"2024-05","Ontario","2021A000235","Unemployment rate","Total - Gender","15 years and over","Estimate","Seasonally adjusted","Percent","239","units","0","v2063949","7.7.1.1.1.1","6.7","","","","1"
"2024-06","Ontario","2021A000235","Unemployment rate","Total - Gender","15 years and over","Estimate","Seasonally adjusted","Percent","239","units","0","v2063949","7.7.1.1.1.1","7.0","","","","1"
"2024-07","Ontario","2021A000235","Unemployment rate","Total - Gender","15 years and over","Estimate","Seasonally adjusted","Percent","239","units","0","v2063949","7.7.1.1.1.1","6.8","","","","1"
"2024-08","Ontario","2021A000235","Unemployment rate","Total - Gender","15 years and over","Estimate","Seasonally adjusted","Percent","239","units","0","v2063949","7.7.1.1.1.1","7.2","","","","1"
"2024-09","Ontario","2021A000235","Unemployment rate","Total - Gender","15 years and over","Estimate","Seasonally adjusted","Percent","239","units","0","v2063949","7.7.1.1.1.1","7.0","","","","1"
"2024-10","Ontario","2021A000235","Unemployment rate","Total - Gender","15 years and over","Estimate","Seasonally adjusted","Percent","239","units","0","v2063949","7.7.1.1.1.1","7.1","","","","1"
"2024-11","Ontario","2021A000235","Unemployment rate","Total - Gender","15 years and over","Estimate","Seasonally adjusted","Percent","239","units","0","v2063949","7.7.1.1.1.1","7.8","","","","1"
"2024-12","Ontario","2021A000235","Unemployment rate","Total - Gender","15 years and over","Estimate","Seasonally adjusted","Percent","239","units","0","v2063949","7.7.1.1.1.1","7.5","","","","1"
"2025-01","Ontario","2021A000235","Unemployment rate","Total - Gender","15 years and over","Estimate","Seasonally adjusted","Percent","239","units","0","v2063949","7.7.1.1.1.1","7.6","","","","1"
"2025-02","Ontario","2021A000235","Unemployment rate","Total - Gender","15 years and over","Estimate","Seasonally adjusted","Percent","239","units","0","v2063949","7.7.1.1.1.1","7.4","","","","1"
"2025-03","Ontario","2021A000235","Unemployment rate","Total - Gender","15 years and over","Estimate","Seasonally adjusted","Percent","239","units","0","v2063949","7.7.1.1.1.1","7.5","","","","1"
"2025-04","Ontario","2021A000235","Unemployment rate","Total - Gender","15 years and over","Estimate","Seasonally adjusted","Percent","239","units","0","v2063949","7.7.1.1.1.1","7.8","","","","1"
"2025-05","Ontario","2021A000235","Unemployment rate","Total - Gender","15 years and over","Estimate","Seasonally adjusted","Percent","239","units","0","v2063949","7.7.1.1.1.1","7.9","","","","1"
"2025-06","Ontario","2021A000235","Unemployment rate","Total - Gender","15 years and over","Estimate","Seasonally adjusted","Percent","239","units","0","v2063949","7.7.1.1.1.1","7.8","","","","1"
"2025-07","Ontario","2021A000235","Unemployment rate","Total - Gender","15 years and over","Estimate","Seasonally adjusted","Percent","239","units","0","v2063949","7.7.1.1.1.1","7.8","","","","1"
"2025-08","Ontario","2021A000235","Unemployment rate","Total - Gender","15 years and over","Estimate","Seasonally adjusted","Percent","239","units","0","v2063949","7.7.1.1.1.1","7.7","","","","1"
"2025-09","Ontario","2021A000235","Unemployment rate","Total - Gender","15 years and over","Estimate","Seasonally adjusted","Percent","239","units","0","v2063949","7.7.1.1.1.1","7.9","","","","1"
"2025-10","Ontario","2021A000235","Unemployment rate","Total - Gender","15 years and over","Estimate","Seasonally adjusted","Percent","239","units","0","v2063949","7.7.1.1.1.1","7.6","","","","1"
"2025-11","Ontario","2021A000235","Unemployment rate","Total - Gender","15 years and over","Estimate","Seasonally adjusted","Percent","239","units","0","v2063949","7.7.1.1.1.1","7.4","","","","1"
"2025-12","Ontario","2021A000235","Unemployment rate","Total - Gender","15 years and over","Estimate","Seasonally adjusted","Percent","239","units","0","v2063949","7.7.1.1.1.1","7.9","","","","1"
"2026-01","Ontario","2021A000235","Unemployment rate","Total - Gender","15 years and over","Estimate","Seasonally adjusted","Percent","239","units","0","v2063949","7.7.1.1.1.1","7.3","","","","1"
"2026-02","Ontario","2021A000235","Unemployment rate","Total - Gender","15 years and over","Estimate","Seasonally adjusted","Percent","239","units","0","v2063949","7.7.1.1.1.1","7.6","","","","1"
"2026-03","Ontario","2021A000235","Unemployment rate","Total - Gender","15 years and over","Estimate","Seasonally adjusted","Percent","239","units","0","v2063949","7.7.1.1.1.1","7.6","","","","1"
"2026-04","Ontario","2021A000235","Unemployment rate","Total - Gender","15 years and over","Estimate","Seasonally adjusted","Percent","239","units","0","v2063949","7.7.1.1.1.1","7.5","","","","1"
"2026-05","Ontario","2021A000235","Unemployment rate","Total - Gender","15 years and over","Estimate","Seasonally adjusted","Percent","239","units","0","v2063949","7.7.1.1.1.1","7.0","","","","1"
"2026-06","Ontario","2021A000235","Unemployment rate","Total - Gender","15 years and over","Estimate","Seasonally adjusted","Percent","239","units","0","v2063949","7.7.1.1.1.1","7.0","","","","1"
"2015-02","Ontario","2021A000235","Participation rate","Total - Gender","15 years and over","Estimate","Seasonally adjusted","Percent","239","units","0","v2063950","7.8.1.1.1.1","65.5","","","","1"
"2015-03","Ontario","2021A000235","Participation rate","Total - Gender","15 years and over","Estimate","Seasonally adjusted","Percent","239","units","0","v2063950","7.8.1.1.1.1","65.5","","","","1"
"2015-04","Ontario","2021A000235","Participation rate","Total - Gender","15 years and over","Estimate","Seasonally adjusted","Percent","239","units","0","v2063950","7.8.1.1.1.1","65.3","","","","1"
"2015-05","Ontario","2021A000235","Participation rate","Total - Gender","15 years and over","Estimate","Seasonally adjusted","Percent","239","units","0","v2063950","7.8.1.1.1.1","65.2","","","","1"
"2015-06","Ontario","2021A000235","Participation rate","Total - Gender","15 years and over","Estimate","Seasonally adjusted","Percent","239","units","0","v2063950","7.8.1.1.1.1","65.3","","","","1"
"2015-07","Ontario","2021A000235","Participation rate","Total - Gender","15 years and over","Estimate","Seasonally adjusted","Percent","239","units","0","v2063950","7.8.1.1.1.1","65.4","","","","1"
"2015-08","Ontario","2021A000235","Participation rate","Total - Gender","15 years and over","Estimate","Seasonally adjusted","Percent","239","units","0","v2063950","7.8.1.1.1.1","65.5","","","","1"
"2015-09","Ontario","2021A000235","Participation rate","Total - Gender","15 years and over","Estimate","Seasonally adjusted","Percent","239","units","0","v2063950","7.8.1.1.1.1","65.2","","","","1"
"2015-10","Ontario","2021A000235","Participation rate","Total - Gender","15 years and over","Estimate","Seasonally adjusted","Percent","239","units","0","v2063950","7.8.1.1.1.1","65.2","","","","1"
"2015-11","Ontario","2021A000235","Participation rate","Total - Gender","15 years and over","Estimate","Seasonally adjusted","Percent","239","units","0","v2063950","7.8.1.1.1.1","65.1","","","","1"
"2015-12","Ontario","2021A000235","Participation rate","Total - Gender","15 years and over","Estimate","Seasonally adjusted","Percent","239","units","0","v2063950","7.8.1.1.1.1","65.2","","","","1"
"2016-01","Ontario","2021A000235","Participation rate","Total - Gender","15 years and over","Estimate","Seasonally adjusted","Percent","239","units","0","v2063950","7.8.1.1.1.1","65.3","","","","1"
"2016-02","Ontario","2021A000235","Participation rate","Total - Gender","15 years and over","Estimate","Seasonally adjusted","Percent","239","units","0","v2063950","7.8.1.1.1.1","65.2","","","","1"
"2016-03","Ontario","2021A000235","Participation rate","Total - Gender","15 years and over","Estimate","Seasonally adjusted","Percent","239","units","0","v2063950","7.8.1.1.1.1","65.3","","","","1"
"2016-04","Ontario","2021A000235","Participation rate","Total - Gender","15 years and over","Estimate","Seasonally adjusted","Percent","239","units","0","v2063950","7.8.1.1.1.1","65.4","","","","1"
"2016-05","Ontario","2021A000235","Participation rate","Total - Gender","15 years and over","Estimate","Seasonally adjusted","Percent","239","units","0","v2063950","7.8.1.1.1.1","65.2","","","","1"
"2016-06","Ontario","2021A000235","Participation rate","Total - Gender","15 years and over","Estimate","Seasonally adjusted","Percent","239","units","0","v2063950","7.8.1.1.1.1","65.1","","","","1"
"2016-07","Ontario","2021A000235","Participation rate","Total - Gender","15 years and over","Estimate","Seasonally adjusted","Percent","239","units","0","v2063950","7.8.1.1.1.1","64.6","","","","1"
"2016-08","Ontario","2021A000235","Participation rate","Total - Gender","15 years and over","Estimate","Seasonally adjusted","Percent","239","units","0","v2063950","7.8.1.1.1.1","64.7","","","","1"
"2016-09","Ontario","2021A000235","Participation rate","Total - Gender","15 years and over","Estimate","Seasonally adjusted","Percent","239","units","0","v2063950","7.8.1.1.1.1","64.7","","","","1"
"2016-10","Ontario","2021A000235","Participation rate","Total - Gender","15 years and over","Estimate","Seasonally adjusted","Percent","239","units","0","v2063950","7.8.1.1.1.1","64.7","","","","1"
"2016-11","Ontario","2021A000235","Participation rate","Total - Gender","15 years and over","Estimate","Seasonally adjusted","Percent","239","units","0","v2063950","7.8.1.1.1.1","64.9","","","","1"
"2016-12","Ontario","2021A000235","Participation rate","Total - Gender","15 years and over","Estimate","Seasonally adjusted","Percent","239","units","0","v2063950","7.8.1.1.1.1","64.9","","","","1"
"2017-01","Ontario","2021A000235","Participation rate","Total - Gender","15 years and over","Estimate","Seasonally adjusted","Percent","239","units","0","v2063950","7.8.1.1.1.1","65.3","","","","1"
"2017-02","Ontario","2021A000235","Participation rate","Total - Gender","15 years and over","Estimate","Seasonally adjusted","Percent","239","units","0","v2063950","7.8.1.1.1.1","65.2","","","","1"
"2017-03","Ontario","2021A000235","Participation rate","Total - Gender","15 years and over","Estimate","Seasonally adjusted","Percent","239","units","0","v2063950","7.8.1.1.1.1","65.1","","","","1"
"2017-04","Ontario","2021A000235","Participation rate","Total - Gender","15 years and over","Estimate","Seasonally adjusted","Percent","239","units","0","v2063950","7.8.1.1.1.1","64.9","","","","1"
"2017-05","Ontario","2021A000235","Participation rate","Total - Gender","15 years and over","Estimate","Seasonally adjusted","Percent","239","units","0","v2063950","7.8.1.1.1.1","65.3","","","","1"
"2017-06","Ontario","2021A000235","Participation rate","Total - Gender","15 years and over","Estimate","Seasonally adjusted","Percent","239","units","0","v2063950","7.8.1.1.1.1","65.2","","","","1"
"2017-07","Ontario","2021A000235","Participation rate","Total - Gender","15 years and over","Estimate","Seasonally adjusted","Percent","239","units","0","v2063950","7.8.1.1.1.1","65.4","","","","1"
"2017-08","Ontario","2021A000235","Participation rate","Total - Gender","15 years and over","Estimate","Seasonally adjusted","Percent","239","units","0","v2063950","7.8.1.1.1.1","64.9","","","","1"
"2017-09","Ontario","2021A000235","Participation rate","Total - Gender","15 years and over","Estimate","Seasonally adjusted","Percent","239","units","0","v2063950","7.8.1.1.1.1","65.3","","","","1"
"2017-10","Ontario","2021A000235","Participation rate","Total - Gender","15 years and over","Estimate","Seasonally adjusted","Percent","239","units","0","v2063950","7.8.1.1.1.1","65.3","","","","1"
"2017-11","Ontario","2021A000235","Participation rate","Total - Gender","15 years and over","Estimate","Seasonally adjusted","Percent","239","units","0","v2063950","7.8.1.1.1.1","65.5","","","","1"
"2017-12","Ontario","2021A000235","Participation rate","Total - Gender","15 years and over","Estimate","Seasonally adjusted","Percent","239","units","0","v2063950","7.8.1.1.1.1","65.4","","","","1"
"2018-01","Ontario","2021A000235","Participation rate","Total - Gender","15 years and over","Estimate","Seasonally adjusted","Percent","239","units","0","v2063950","7.8.1.1.1.1","64.9","","","","1"
"2018-02","Ontario","2021A000235","Participation rate","Total - Gender","15 years and over","Estimate","Seasonally adjusted","Percent","239","units","0","v2063950","7.8.1.1.1.1","64.7","","","","1"
"2018-03","Ontario","2021A000235","Participation rate","Total - Gender","15 years and over","Estimate","Seasonally adjusted","Percent","239","units","0","v2063950","7.8.1.1.1.1","64.9","","","","1"
"2018-04","Ontario","2021A000235","Participation rate","Total - Gender","15 years and over","Estimate","Seasonally adjusted","Percent","239","units","0","v2063950","7.8.1.1.1.1","64.6","","","","1"
"2018-05","Ontario","2021A000235","Participation rate","Total - Gender","15 years and over","Estimate","Seasonally adjusted","Percent","239","units","0","v2063950","7.8.1.1.1.1","64.8","","","","1"
"2018-06","Ontario","2021A000235","Participation rate","Total - Gender","15 years and over","Estimate","Seasonally adjusted","Percent","239","units","0","v2063950","7.8.1.1.1.1","65.1","","","","1"
"2018-07","Ontario","2021A000235","Participation rate","Total - Gender","15 years and over","Estimate","Seasonally adjusted","Percent","239","units","0","v2063950","7.8.1.1.1.1","65.3","","","","1"
"2018-08","Ontario","2021A000235","Participation rate","Total - Gender","15 years and over","Estimate","Seasonally adjusted","Percent","239","units","0","v2063950","7.8.1.1.1.1","64.6","","","","1"
"2018-09","Ontario","2021A000235","Participation rate","Total - Gender","15 years and over","Estimate","Seasonally adjusted","Percent","239","units","0","v2063950","7.8.1.1.1.1","65.0","","","","1"
"2018-10","Ontario","2021A000235","Participation rate","Total - Gender","15 years and over","Estimate","Seasonally adjusted","Percent","239","units","0","v2063950","7.8.1.1.1.1","64.9","","","","1"
"2018-11","Ontario","2021A000235","Participation rate","Total - Gender","15 years and over","Estimate","Seasonally adjusted","Percent","239","units","0","v2063950","7.8.1.1.1.1","64.9","","","","1"
"2018-12","Ontario","2021A000235","Participation rate","Total - Gender","15 years and over","Estimate","Seasonally adjusted","Percent","239","units","0","v2063950","7.8.1.1.1.1","64.9","","","","1"
"2019-01","Ontario","2021A000235","Participation rate","Total - Gender","15 years and over","Estimate","Seasonally adjusted","Percent","239","units","0","v2063950","7.8.1.1.1.1","65.0","","","","1"
"2019-02","Ontario","2021A000235","Participation rate","Total - Gender","15 years and over","Estimate","Seasonally adjusted","Percent","239","units","0","v2063950","7.8.1.1.1.1","65.2","","","","1"
"2019-03","Ontario","2021A000235","Participation rate","Total - Gender","15 years and over","Estimate","Seasonally adjusted","Percent","239","units","0","v2063950","7.8.1.1.1.1","65.2","","","","1"
"2019-04","Ontario","2021A000235","Participation rate","Total - Gender","15 years and over","Estimate","Seasonally adjusted","Percent","239","units","0","v2063950","7.8.1.1.1.1","65.5","","","","1"
"2019-05","Ontario","2021A000235","Participation rate","Total - Gender","15 years and over","Estimate","Seasonally adjusted","Percent","239","units","0","v2063950","7.8.1.1.1.1","65.1","","","","1"
"2019-06","Ontario","2021A000235","Participation rate","Total - Gender","15 years and over","Estimate","Seasonally adjusted","Percent","239","units","0","v2063950","7.8.1.1.1.1","65.1","","","","1"
"2019-07","Ontario","2021A000235","Participation rate","Total - Gender","15 years and over","Estimate","Seasonally adjusted","Percent","239","units","0","v2063950","7.8.1.1.1.1","65.1","","","","1"
"2019-08","Ontario","2021A000235","Participation rate","Total - Gender","15 years and over","Estimate","Seasonally adjusted","Percent","239","units","0","v2063950","7.8.1.1.1.1","65.4","","","","1"
"2019-09","Ontario","2021A000235","Participation rate","Total - Gender","15 years and over","Estimate","Seasonally adjusted","Percent","239","units","0","v2063950","7.8.1.1.1.1","65.2","","","","1"
"2019-10","Ontario","2021A000235","Participation rate","Total - Gender","15 years and over","Estimate","Seasonally adjusted","Percent","239","units","0","v2063950","7.8.1.1.1.1","65.0","","","","1"
"2019-11","Ontario","2021A000235","Participation rate","Total - Gender","15 years and over","Estimate","Seasonally adjusted","Percent","239","units","0","v2063950","7.8.1.1.1.1","65.2","","","","1"
"2019-12","Ontario","2021A000235","Participation rate","Total - Gender","15 years and over","Estimate","Seasonally adjusted","Percent","239","units","0","v2063950","7.8.1.1.1.1","65.2","","","","1"
"2020-01","Ontario","2021A000235","Participation rate","Total - Gender","15 years and over","Estimate","Seasonally adjusted","Percent","239","units","0","v2063950","7.8.1.1.1.1","65.2","","","","1"
"2020-02","Ontario","2021A000235","Participation rate","Total - Gender","15 years and over","Estimate","Seasonally adjusted","Percent","239","units","0","v2063950","7.8.1.1.1.1","65.2","","","","1"
"2020-03","Ontario","2021A000235","Participation rate","Total - Gender","15 years and over","Estimate","Seasonally adjusted","Percent","239","units","0","v2063950","7.8.1.1.1.1","63.0","","","","1"
"2020-04","Ontario","2021A000235","Participation rate","Total - Gender","15 years and over","Estimate","Seasonally adjusted","Percent","239","units","0","v2063950","7.8.1.1.1.1","59.1","","","","1"
"2020-05","Ontario","2021A000235","Participation rate","Total - Gender","15 years and over","Estimate","Seasonally adjusted","Percent","239","units","0","v2063950","7.8.1.1.1.1","60.4","","","","1"
"2020-06","Ontario","2021A000235","Participation rate","Total - Gender","15 years and over","Estimate","Seasonally adjusted","Percent","239","units","0","v2063950","7.8.1.1.1.1","63.1","","","","1"
"2020-07","Ontario","2021A000235","Participation rate","Total - Gender","15 years and over","Estimate","Seasonally adjusted","Percent","239","units","0","v2063950","7.8.1.1.1.1","63.7","","","","1"
"2020-08","Ontario","2021A000235","Participation rate","Total - Gender","15 years and over","Estimate","Seasonally adjusted","Percent","239","units","0","v2063950","7.8.1.1.1.1","64.1","","","","1"
"2020-09","Ontario","2021A000235","Participation rate","Total - Gender","15 years and over","Estimate","Seasonally adjusted","Percent","239","units","0","v2063950","7.8.1.1.1.1","65.1","","","","1"
"2020-10","Ontario","2021A000235","Participation rate","Total - Gender","15 years and over","Estimate","Seasonally adjusted","Percent","239","units","0","v2063950","7.8.1.1.1.1","65.3","","","","1"
"2020-11","Ontario","2021A000235","Participation rate","Total - Gender","15 years and over","Estimate","Seasonally adjusted","Percent","239","units","0","v2063950","7.8.1.1.1.1","65.2","","","","1"
"2020-12","Ontario","2021A000235","Participation rate","Total - Gender","15 years and over","Estimate","Seasonally adjusted","Percent","239","units","0","v2063950","7.8.1.1.1.1","65.7","","","","1"
"2021-01","Ontario","2021A000235","Participation rate","Total - Gender","15 years and over","Estimate","Seasonally adjusted","Percent","239","units","0","v2063950","7.8.1.1.1.1","64.3","","","","1"
"2021-02","Ontario","2021A000235","Participation rate","Total - Gender","15 years and over","Estimate","Seasonally adjusted","Percent","239","units","0","v2063950","7.8.1.1.1.1","64.8","","","","1"
"2021-03","Ontario","2021A000235","Participation rate","Total - Gender","15 years and over","Estimate","Seasonally adjusted","Percent","239","units","0","v2063950","7.8.1.1.1.1","64.9","","","","1"
"2021-04","Ontario","2021A000235","Participation rate","Total - Gender","15 years and over","Estimate","Seasonally adjusted","Percent","239","units","0","v2063950","7.8.1.1.1.1","64.7","","","","1"
"2021-05","Ontario","2021A000235","Participation rate","Total - Gender","15 years and over","Estimate","Seasonally adjusted","Percent","239","units","0","v2063950","7.8.1.1.1.1","64.5","","","","1"
"2021-06","Ontario","2021A000235","Participation rate","Total - Gender","15 years and over","Estimate","Seasonally adjusted","Percent","239","units","0","v2063950","7.8.1.1.1.1","65.1","","","","1"
"2021-07","Ontario","2021A000235","Participation rate","Total - Gender","15 years and over","Estimate","Seasonally adjusted","Percent","239","units","0","v2063950","7.8.1.1.1.1","65.3","","","","1"
"2021-08","Ontario","2021A000235","Participation rate","Total - Gender","15 years and over","Estimate","Seasonally adjusted","Percent","239","units","0","v2063950","7.8.1.1.1.1","65.3","","","","1"
"2021-09","Ontario","2021A000235","Participation rate","Total - Gender","15 years and over","Estimate","Seasonally adjusted","Percent","239","units","0","v2063950","7.8.1.1.1.1","65.9","","","","1"
"2021-10","Ontario","2021A000235","Participation rate","Total - Gender","15 years and over","Estimate","Seasonally adjusted","Percent","239","units","0","v2063950","7.8.1.1.1.1","65.7","","","","1"
"2021-11","Ontario","2021A000235","Participation rate","Total - Gender","15 years and over","Estimate","Seasonally adjusted","Percent","239","units","0","v2063950","7.8.1.1.1.1","65.9","","","","1"
"2021-12","Ontario","2021A000235","Participation rate","Total - Gender","15 years and over","Estimate","Seasonally adjusted","Percent","239","units","0","v2063950","7.8.1.1.1.1","66.2","","","","1"
"2022-01","Ontario","2021A000235","Participation rate","Total - Gender","15 years and over","Estimate","Seasonally adjusted","Percent","239","units","0","v2063950","7.8.1.1.1.1","65.4","","","","1"
"2022-02","Ontario","2021A000235","Participation rate","Total - Gender","15 years and over","Estimate","Seasonally adjusted","Percent","239","units","0","v2063950","7.8.1.1.1.1","65.7","","","","1"
"2022-03","Ontario","2021A000235","Participation rate","Total - Gender","15 years and over","Estimate","Seasonally adjusted","Percent","239","units","0","v2063950","7.8.1.1.1.1","65.6","","","","1"
"2022-04","Ontario","2021A000235","Participation rate","Total - Gender","15 years and over","Estimate","Seasonally adjusted","Percent","239","units","0","v2063950","7.8.1.1.1.1","65.9","","","","1"
"2022-05","Ontario","2021A000235","Participation rate","Total - Gender","15 years and over","Estimate","Seasonally adjusted","Percent","239","units","0","v2063950","7.8.1.1.1.1","65.7","","","","1"
"2022-06","Ontario","2021A000235","Participation rate","Total - Gender","15 years and over","Estimate","Seasonally adjusted","Percent","239","units","0","v2063950","7.8.1.1.1.1","65.3","","","","1"
"2022-07","Ontario","2021A000235","Participation rate","Total - Gender","15 years and over","Estimate","Seasonally adjusted","Percent","239","units","0","v2063950","7.8.1.1.1.1","65.3","","","","1"
"2022-08","Ontario","2021A000235","Participation rate","Total - Gender","15 years and over","Estimate","Seasonally adjusted","Percent","239","units","0","v2063950","7.8.1.1.1.1","65.2","","","","1"
"2022-09","Ontario","2021A000235","Participation rate","Total - Gender","15 years and over","Estimate","Seasonally adjusted","Percent","239","units","0","v2063950","7.8.1.1.1.1","65.0","","","","1"
"2022-10","Ontario","2021A000235","Participation rate","Total - Gender","15 years and over","Estimate","Seasonally adjusted","Percent","239","units","0","v2063950","7.8.1.1.1.1","65.3","","","","1"
"2022-11","Ontario","2021A000235","Participation rate","Total - Gender","15 years and over","Estimate","Seasonally adjusted","Percent","239","units","0","v2063950","7.8.1.1.1.1","65.4","","","","1"
"2022-12","Ontario","2021A000235","Participation rate","Total - Gender","15 years and over","Estimate","Seasonally adjusted","Percent","239","units","0","v2063950","7.8.1.1.1.1","65.4","","","","1"
"2023-01","Ontario","2021A000235","Participation rate","Total - Gender","15 years and over","Estimate","Seasonally adjusted","Percent","239","units","0","v2063950","7.8.1.1.1.1","65.6","","","","1"
"2023-02","Ontario","2021A000235","Participation rate","Total - Gender","15 years and over","Estimate","Seasonally adjusted","Percent","239","units","0","v2063950","7.8.1.1.1.1","65.6","","","","1"
"2023-03","Ontario","2021A000235","Participation rate","Total - Gender","15 years and over","Estimate","Seasonally adjusted","Percent","239","units","0","v2063950","7.8.1.1.1.1","65.7","","","","1"
"2023-04","Ontario","2021A000235","Participation rate","Total - Gender","15 years and over","Estimate","Seasonally adjusted","Percent","239","units","0","v2063950","7.8.1.1.1.1","65.6","","","","1"
"2023-05","Ontario","2021A000235","Participation rate","Total - Gender","15 years and over","Estimate","Seasonally adjusted","Percent","239","units","0","v2063950","7.8.1.1.1.1","65.7","","","","1"
"2023-06","Ontario","2021A000235","Participation rate","Total - Gender","15 years and over","Estimate","Seasonally adjusted","Percent","239","units","0","v2063950","7.8.1.1.1.1","66.0","","","","1"
"2023-07","Ontario","2021A000235","Participation rate","Total - Gender","15 years and over","Estimate","Seasonally adjusted","Percent","239","units","0","v2063950","7.8.1.1.1.1","65.8","","","","1"
"2023-08","Ontario","2021A000235","Participation rate","Total - Gender","15 years and over","Estimate","Seasonally adjusted","Percent","239","units","0","v2063950","7.8.1.1.1.1","65.8","","","","1"
"2023-09","Ontario","2021A000235","Participation rate","Total - Gender","15 years and over","Estimate","Seasonally adjusted","Percent","239","units","0","v2063950","7.8.1.1.1.1","65.8","","","","1"
"2023-10","Ontario","2021A000235","Participation rate","Total - Gender","15 years and over","Estimate","Seasonally adjusted","Percent","239","units","0","v2063950","7.8.1.1.1.1","65.7","","","","1"
"2023-11","Ontario","2021A000235","Participation rate","Total - Gender","15 years and over","Estimate","Seasonally adjusted","Percent","239","units","0","v2063950","7.8.1.1.1.1","65.5","","","","1"
"2023-12","Ontario","2021A000235","Participation rate","Total - Gender","15 years and over","Estimate","Seasonally adjusted","Percent","239","units","0","v2063950","7.8.1.1.1.1","65.2","","","","1"
"2024-01","Ontario","2021A000235","Participation rate","Total - Gender","15 years and over","Estimate","Seasonally adjusted","Percent","239","units","0","v2063950","7.8.1.1.1.1","65.0","","","","1"
"2024-02","Ontario","2021A000235","Participation rate","Total - Gender","15 years and over","Estimate","Seasonally adjusted","Percent","239","units","0","v2063950","7.8.1.1.1.1","65.2","","","","1"
"2024-03","Ontario","2021A000235","Participation rate","Total - Gender","15 years and over","Estimate","Seasonally adjusted","Percent","239","units","0","v2063950","7.8.1.1.1.1","65.4","","","","1"
"2024-04","Ontario","2021A000235","Participation rate","Total - Gender","15 years and over","Estimate","Seasonally adjusted","Percent","239","units","0","v2063950","7.8.1.1.1.1","65.3","","","","1"
"2024-05","Ontario","2021A000235","Participation rate","Total - Gender","15 years and over","Estimate","Seasonally adjusted","Percent","239","units","0","v2063950","7.8.1.1.1.1","65.4","","","","1"
"2024-06","Ontario","2021A000235","Participation rate","Total - Gender","15 years and over","Estimate","Seasonally adjusted","Percent","239","units","0","v2063950","7.8.1.1.1.1","65.4","","","","1"
"2024-07","Ontario","2021A000235","Participation rate","Total - Gender","15 years and over","Estimate","Seasonally adjusted","Percent","239","units","0","v2063950","7.8.1.1.1.1","65.2","","","","1"
"2024-08","Ontario","2021A000235","Participation rate","Total - Gender","15 years and over","Estimate","Seasonally adjusted","Percent","239","units","0","v2063950","7.8.1.1.1.1","65.3","","","","1"
"2024-09","Ontario","2021A000235","Participation rate","Total - Gender","15 years and over","Estimate","Seasonally adjusted","Percent","239","units","0","v2063950","7.8.1.1.1.1","65.2","","","","1"
"2024-10","Ontario","2021A000235","Participation rate","Total - Gender","15 years and over","Estimate","Seasonally adjusted","Percent","239","units","0","v2063950","7.8.1.1.1.1","64.9","","","","1"
"2024-11","Ontario","2021A000235","Participation rate","Total - Gender","15 years and over","Estimate","Seasonally adjusted","Percent","239","units","0","v2063950","7.8.1.1.1.1","65.3","","","","1"
"2024-12","Ontario","2021A000235","Participation rate","Total - Gender","15 years and over","Estimate","Seasonally adjusted","Percent","239","units","0","v2063950","7.8.1.1.1.1","65.2","","","","1"
"2025-01","Ontario","2021A000235","Participation rate","Total - Gender","15 years and over","Estimate","Seasonally adjusted","Percent","239","units","0","v2063950","7.8.1.1.1.1","65.4","","","","1"
"2025-02","Ontario","2021A000235","Participation rate","Total - Gender","15 years and over","Estimate","Seasonally adjusted","Percent","239","units","0","v2063950","7.8.1.1.1.1","65.2","","","","1"
"2025-03","Ontario","2021A000235","Participation rate","Total - Gender","15 years and over","Estimate","Seasonally adjusted","Percent","239","units","0","v2063950","7.8.1.1.1.1","65.1","","","","1"
"2025-04","Ontario","2021A000235","Participation rate","Total - Gender","15 years and over","Estimate","Seasonally adjusted","Percent","239","units","0","v2063950","7.8.1.1.1.1","64.9","","","","1"
"2025-05","Ontario","2021A000235","Participation rate","Total - Gender","15 years and over","Estimate","Seasonally adjusted","Percent","239","units","0","v2063950","7.8.1.1.1.1","65.0","","","","1"
"2025-06","Ontario","2021A000235","Participation rate","Total - Gender","15 years and over","Estimate","Seasonally adjusted","Percent","239","units","0","v2063950","7.8.1.1.1.1","64.9","","","","1"
"2025-07","Ontario","2021A000235","Participation rate","Total - Gender","15 years and over","Estimate","Seasonally adjusted","Percent","239","units","0","v2063950","7.8.1.1.1.1","65.0","","","","1"
"2025-08","Ontario","2021A000235","Participation rate","Total - Gender","15 years and over","Estimate","Seasonally adjusted","Percent","239","units","0","v2063950","7.8.1.1.1.1","64.7","","","","1"
"2025-09","Ontario","2021A000235","Participation rate","Total - Gender","15 years and over","Estimate","Seasonally adjusted","Percent","239","units","0","v2063950","7.8.1.1.1.1","64.8","","","","1"
"2025-10","Ontario","2021A000235","Participation rate","Total - Gender","15 years and over","Estimate","Seasonally adjusted","Percent","239","units","0","v2063950","7.8.1.1.1.1","65.0","","","","1"
"2025-11","Ontario","2021A000235","Participation rate","Total - Gender","15 years and over","Estimate","Seasonally adjusted","Percent","239","units","0","v2063950","7.8.1.1.1.1","64.8","","","","1"
"2025-12","Ontario","2021A000235","Participation rate","Total - Gender","15 years and over","Estimate","Seasonally adjusted","Percent","239","units","0","v2063950","7.8.1.1.1.1","65.4","","","","1"
"2026-01","Ontario","2021A000235","Participation rate","Total - Gender","15 years and over","Estimate","Seasonally adjusted","Percent","239","units","0","v2063950","7.8.1.1.1.1","64.4","","","","1"
"2026-02","Ontario","2021A000235","Participation rate","Total - Gender","15 years and over","Estimate","Seasonally adjusted","Percent","239","units","0","v2063950","7.8.1.1.1.1","64.6","","","","1"
"2026-03","Ontario","2021A000235","Participation rate","Total - Gender","15 years and over","Estimate","Seasonally adjusted","Percent","239","units","0","v2063950","7.8.1.1.1.1","64.6","","","","1"
"2026-04","Ontario","2021A000235","Participation rate","Total - Gender","15 years and over","Estimate","Seasonally adjusted","Percent","239","units","0","v2063950","7.8.1.1.1.1","64.8","","","","1"
"2026-05","Ontario","2021A000235","Participation rate","Total - Gender","15 years and over","Estimate","Seasonally adjusted","Percent","239","units","0","v2063950","7.8.1.1.1.1","64.7","","","","1"
"2026-06","Ontario","2021A000235","Participation rate","Total - Gender","15 years and over","Estimate","Seasonally adjusted","Percent","239","units","0","v2063950","7.8.1.1.1.1","64.6","","","","1"
"2015-02","Ontario","2021A000235","Employment rate","Total - Gender","15 years and over","Estimate","Seasonally adjusted","Percent","239","units","0","v2063951","7.9.1.1.1.1","60.9","","","","1"
"2015-03","Ontario","2021A000235","Employment rate","Total - Gender","15 years and over","Estimate","Seasonally adjusted","Percent","239","units","0","v2063951","7.9.1.1.1.1","61.0","","","","1"
"2015-04","Ontario","2021A000235","Employment rate","Total - Gender","15 years and over","Estimate","Seasonally adjusted","Percent","239","units","0","v2063951","7.9.1.1.1.1","60.8","","","","1"
"2015-05","Ontario","2021A000235","Employment rate","Total - Gender","15 years and over","Estimate","Seasonally adjusted","Percent","239","units","0","v2063951","7.9.1.1.1.1","61.0","","","","1"
"2015-06","Ontario","2021A000235","Employment rate","Total - Gender","15 years and over","Estimate","Seasonally adjusted","Percent","239","units","0","v2063951","7.9.1.1.1.1","61.0","","","","1"
"2015-07","Ontario","2021A000235","Employment rate","Total - Gender","15 years and over","Estimate","Seasonally adjusted","Percent","239","units","0","v2063951","7.9.1.1.1.1","60.9","","","","1"
"2015-08","Ontario","2021A000235","Employment rate","Total - Gender","15 years and over","Estimate","Seasonally adjusted","Percent","239","units","0","v2063951","7.9.1.1.1.1","61.0","","","","1"
"2015-09","Ontario","2021A000235","Employment rate","Total - Gender","15 years and over","Estimate","Seasonally adjusted","Percent","239","units","0","v2063951","7.9.1.1.1.1","60.7","","","","1"
"2015-10","Ontario","2021A000235","Employment rate","Total - Gender","15 years and over","Estimate","Seasonally adjusted","Percent","239","units","0","v2063951","7.9.1.1.1.1","60.7","","","","1"
"2015-11","Ontario","2021A000235","Employment rate","Total - Gender","15 years and over","Estimate","Seasonally adjusted","Percent","239","units","0","v2063951","7.9.1.1.1.1","60.6","","","","1"
"2015-12","Ontario","2021A000235","Employment rate","Total - Gender","15 years and over","Estimate","Seasonally adjusted","Percent","239","units","0","v2063951","7.9.1.1.1.1","60.8","","","","1"
"2016-01","Ontario","2021A000235","Employment rate","Total - Gender","15 years and over","Estimate","Seasonally adjusted","Percent","239","units","0","v2063951","7.9.1.1.1.1","60.9","","","","1"
"2016-02","Ontario","2021A000235","Employment rate","Total - Gender","15 years and over","Estimate","Seasonally adjusted","Percent","239","units","0","v2063951","7.9.1.1.1.1","60.8","","","","1"
"2016-03","Ontario","2021A000235","Employment rate","Total - Gender","15 years and over","Estimate","Seasonally adjusted","Percent","239","units","0","v2063951","7.9.1.1.1.1","60.8","","","","1"
"2016-04","Ontario","2021A000235","Employment rate","Total - Gender","15 years and over","Estimate","Seasonally adjusted","Percent","239","units","0","v2063951","7.9.1.1.1.1","60.7","","","","1"
"2016-05","Ontario","2021A000235","Employment rate","Total - Gender","15 years and over","Estimate","Seasonally adjusted","Percent","239","units","0","v2063951","7.9.1.1.1.1","60.9","","","","1"
"2016-06","Ontario","2021A000235","Employment rate","Total - Gender","15 years and over","Estimate","Seasonally adjusted","Percent","239","units","0","v2063951","7.9.1.1.1.1","60.9","","","","1"
"2016-07","Ontario","2021A000235","Employment rate","Total - Gender","15 years and over","Estimate","Seasonally adjusted","Percent","239","units","0","v2063951","7.9.1.1.1.1","60.5","","","","1"
"2016-08","Ontario","2021A000235","Employment rate","Total - Gender","15 years and over","Estimate","Seasonally adjusted","Percent","239","units","0","v2063951","7.9.1.1.1.1","60.6","","","","1"
"2016-09","Ontario","2021A000235","Employment rate","Total - Gender","15 years and over","Estimate","Seasonally adjusted","Percent","239","units","0","v2063951","7.9.1.1.1.1","60.6","","","","1"
"2016-10","Ontario","2021A000235","Employment rate","Total - Gender","15 years and over","Estimate","Seasonally adjusted","Percent","239","units","0","v2063951","7.9.1.1.1.1","60.6","","","","1"
"2016-11","Ontario","2021A000235","Employment rate","Total - Gender","15 years and over","Estimate","Seasonally adjusted","Percent","239","units","0","v2063951","7.9.1.1.1.1","60.8","","","","1"
"2016-12","Ontario","2021A000235","Employment rate","Total - Gender","15 years and over","Estimate","Seasonally adjusted","Percent","239","units","0","v2063951","7.9.1.1.1.1","60.7","","","","1"
"2017-01","Ontario","2021A000235","Employment rate","Total - Gender","15 years and over","Estimate","Seasonally adjusted","Percent","239","units","0","v2063951","7.9.1.1.1.1","61.0","","","","1"
"2017-02","Ontario","2021A000235","Employment rate","Total - Gender","15 years and over","Estimate","Seasonally adjusted","Percent","239","units","0","v2063951","7.9.1.1.1.1","61.0","","","","1"
"2017-03","Ontario","2021A000235","Employment rate","Total - Gender","15 years and over","Estimate","Seasonally adjusted","Percent","239","units","0","v2063951","7.9.1.1.1.1","61.0","","","","1"
"2017-04","Ontario","2021A000235","Employment rate","Total - Gender","15 years and over","Estimate","Seasonally adjusted","Percent","239","units","0","v2063951","7.9.1.1.1.1","61.0","","","","1"
"2017-05","Ontario","2021A000235","Employment rate","Total - Gender","15 years and over","Estimate","Seasonally adjusted","Percent","239","units","0","v2063951","7.9.1.1.1.1","61.1","","","","1"
"2017-06","Ontario","2021A000235","Employment rate","Total - Gender","15 years and over","Estimate","Seasonally adjusted","Percent","239","units","0","v2063951","7.9.1.1.1.1","61.1","","","","1"
"2017-07","Ontario","2021A000235","Employment rate","Total - Gender","15 years and over","Estimate","Seasonally adjusted","Percent","239","units","0","v2063951","7.9.1.1.1.1","61.4","","","","1"
"2017-08","Ontario","2021A000235","Employment rate","Total - Gender","15 years and over","Estimate","Seasonally adjusted","Percent","239","units","0","v2063951","7.9.1.1.1.1","61.3","","","","1"
"2017-09","Ontario","2021A000235","Employment rate","Total - Gender","15 years and over","Estimate","Seasonally adjusted","Percent","239","units","0","v2063951","7.9.1.1.1.1","61.5","","","","1"
"2017-10","Ontario","2021A000235","Employment rate","Total - Gender","15 years and over","Estimate","Seasonally adjusted","Percent","239","units","0","v2063951","7.9.1.1.1.1","61.5","","","","1"
"2017-11","Ontario","2021A000235","Employment rate","Total - Gender","15 years and over","Estimate","Seasonally adjusted","Percent","239","units","0","v2063951","7.9.1.1.1.1","61.7","","","","1"
"2017-12","Ontario","2021A000235","Employment rate","Total - Gender","15 years and over","Estimate","Seasonally adjusted","Percent","239","units","0","v2063951","7.9.1.1.1.1","61.6","","","","1"
"2018-01","Ontario","2021A000235","Employment rate","Total - Gender","15 years and over","Estimate","Seasonally adjusted","Percent","239","units","0","v2063951","7.9.1.1.1.1","61.2","","","","1"
"2018-02","Ontario","2021A000235","Employment rate","Total - Gender","15 years and over","Estimate","Seasonally adjusted","Percent","239","units","0","v2063951","7.9.1.1.1.1","61.1","","","","1"
"2018-03","Ontario","2021A000235","Employment rate","Total - Gender","15 years and over","Estimate","Seasonally adjusted","Percent","239","units","0","v2063951","7.9.1.1.1.1","61.3","","","","1"
"2018-04","Ontario","2021A000235","Employment rate","Total - Gender","15 years and over","Estimate","Seasonally adjusted","Percent","239","units","0","v2063951","7.9.1.1.1.1","61.2","","","","1"
"2018-05","Ontario","2021A000235","Employment rate","Total - Gender","15 years and over","Estimate","Seasonally adjusted","Percent","239","units","0","v2063951","7.9.1.1.1.1","61.0","","","","1"
"2018-06","Ontario","2021A000235","Employment rate","Total - Gender","15 years and over","Estimate","Seasonally adjusted","Percent","239","units","0","v2063951","7.9.1.1.1.1","61.2","","","","1"
"2018-07","Ontario","2021A000235","Employment rate","Total - Gender","15 years and over","Estimate","Seasonally adjusted","Percent","239","units","0","v2063951","7.9.1.1.1.1","61.7","","","","1"
"2018-08","Ontario","2021A000235","Employment rate","Total - Gender","15 years and over","Estimate","Seasonally adjusted","Percent","239","units","0","v2063951","7.9.1.1.1.1","60.9","","","","1"
"2018-09","Ontario","2021A000235","Employment rate","Total - Gender","15 years and over","Estimate","Seasonally adjusted","Percent","239","units","0","v2063951","7.9.1.1.1.1","61.4","","","","1"
"2018-10","Ontario","2021A000235","Employment rate","Total - Gender","15 years and over","Estimate","Seasonally adjusted","Percent","239","units","0","v2063951","7.9.1.1.1.1","61.3","","","","1"
"2018-11","Ontario","2021A000235","Employment rate","Total - Gender","15 years and over","Estimate","Seasonally adjusted","Percent","239","units","0","v2063951","7.9.1.1.1.1","61.2","","","","1"
"2018-12","Ontario","2021A000235","Employment rate","Total - Gender","15 years and over","Estimate","Seasonally adjusted","Percent","239","units","0","v2063951","7.9.1.1.1.1","61.3","","","","1"
"2019-01","Ontario","2021A000235","Employment rate","Total - Gender","15 years and over","Estimate","Seasonally adjusted","Percent","239","units","0","v2063951","7.9.1.1.1.1","61.3","","","","1"
"2019-02","Ontario","2021A000235","Employment rate","Total - Gender","15 years and over","Estimate","Seasonally adjusted","Percent","239","units","0","v2063951","7.9.1.1.1.1","61.6","","","","1"
"2019-03","Ontario","2021A000235","Employment rate","Total - Gender","15 years and over","Estimate","Seasonally adjusted","Percent","239","units","0","v2063951","7.9.1.1.1.1","61.4","","","","1"
"2019-04","Ontario","2021A000235","Employment rate","Total - Gender","15 years and over","Estimate","Seasonally adjusted","Percent","239","units","0","v2063951","7.9.1.1.1.1","61.6","","","","1"
"2019-05","Ontario","2021A000235","Employment rate","Total - Gender","15 years and over","Estimate","Seasonally adjusted","Percent","239","units","0","v2063951","7.9.1.1.1.1","61.7","","","","1"
"2019-06","Ontario","2021A000235","Employment rate","Total - Gender","15 years and over","Estimate","Seasonally adjusted","Percent","239","units","0","v2063951","7.9.1.1.1.1","61.6","","","","1"
"2019-07","Ontario","2021A000235","Employment rate","Total - Gender","15 years and over","Estimate","Seasonally adjusted","Percent","239","units","0","v2063951","7.9.1.1.1.1","61.4","","","","1"
"2019-08","Ontario","2021A000235","Employment rate","Total - Gender","15 years and over","Estimate","Seasonally adjusted","Percent","239","units","0","v2063951","7.9.1.1.1.1","61.7","","","","1"
"2019-09","Ontario","2021A000235","Employment rate","Total - Gender","15 years and over","Estimate","Seasonally adjusted","Percent","239","units","0","v2063951","7.9.1.1.1.1","61.7","","","","1"
"2019-10","Ontario","2021A000235","Employment rate","Total - Gender","15 years and over","Estimate","Seasonally adjusted","Percent","239","units","0","v2063951","7.9.1.1.1.1","61.5","","","","1"
"2019-11","Ontario","2021A000235","Employment rate","Total - Gender","15 years and over","Estimate","Seasonally adjusted","Percent","239","units","0","v2063951","7.9.1.1.1.1","61.6","","","","1"
"2019-12","Ontario","2021A000235","Employment rate","Total - Gender","15 years and over","Estimate","Seasonally adjusted","Percent","239","units","0","v2063951","7.9.1.1.1.1","61.8","","","","1"
"2020-01","Ontario","2021A000235","Employment rate","Total - Gender","15 years and over","Estimate","Seasonally adjusted","Percent","239","units","0","v2063951","7.9.1.1.1.1","61.8","","","","1"
"2020-02","Ontario","2021A000235","Employment rate","Total - Gender","15 years and over","Estimate","Seasonally adjusted","Percent","239","units","0","v2063951","7.9.1.1.1.1","61.6","","","","1"
"2020-03","Ontario","2021A000235","Employment rate","Total - Gender","15 years and over","Estimate","Seasonally adjusted","Percent","239","units","0","v2063951","7.9.1.1.1.1","57.7","","","","1"
"2020-04","Ontario","2021A000235","Employment rate","Total - Gender","15 years and over","Estimate","Seasonally adjusted","Percent","239","units","0","v2063951","7.9.1.1.1.1","51.9","","","","1"
"2020-05","Ontario","2021A000235","Employment rate","Total - Gender","15 years and over","Estimate","Seasonally adjusted","Percent","239","units","0","v2063951","7.9.1.1.1.1","51.8","","","","1"
"2020-06","Ontario","2021A000235","Employment rate","Total - Gender","15 years and over","Estimate","Seasonally adjusted","Percent","239","units","0","v2063951","7.9.1.1.1.1","55.1","","","","1"
"2020-07","Ontario","2021A000235","Employment rate","Total - Gender","15 years and over","Estimate","Seasonally adjusted","Percent","239","units","0","v2063951","7.9.1.1.1.1","56.4","","","","1"
"2020-08","Ontario","2021A000235","Employment rate","Total - Gender","15 years and over","Estimate","Seasonally adjusted","Percent","239","units","0","v2063951","7.9.1.1.1.1","57.4","","","","1"
"2020-09","Ontario","2021A000235","Employment rate","Total - Gender","15 years and over","Estimate","Seasonally adjusted","Percent","239","units","0","v2063951","7.9.1.1.1.1","58.9","","","","1"
"2020-10","Ontario","2021A000235","Employment rate","Total - Gender","15 years and over","Estimate","Seasonally adjusted","Percent","239","units","0","v2063951","7.9.1.1.1.1","59.2","","","","1"
"2020-11","Ontario","2021A000235","Employment rate","Total - Gender","15 years and over","Estimate","Seasonally adjusted","Percent","239","units","0","v2063951","7.9.1.1.1.1","59.4","","","","1"
"2020-12","Ontario","2021A000235","Employment rate","Total - Gender","15 years and over","Estimate","Seasonally adjusted","Percent","239","units","0","v2063951","7.9.1.1.1.1","59.2","","","","1"
"2021-01","Ontario","2021A000235","Employment rate","Total - Gender","15 years and over","Estimate","Seasonally adjusted","Percent","239","units","0","v2063951","7.9.1.1.1.1","57.8","","","","1"
"2021-02","Ontario","2021A000235","Employment rate","Total - Gender","15 years and over","Estimate","Seasonally adjusted","Percent","239","units","0","v2063951","7.9.1.1.1.1","58.7","","","","1"
"2021-03","Ontario","2021A000235","Employment rate","Total - Gender","15 years and over","Estimate","Seasonally adjusted","Percent","239","units","0","v2063951","7.9.1.1.1.1","59.8","","","","1"
"2021-04","Ontario","2021A000235","Employment rate","Total - Gender","15 years and over","Estimate","Seasonally adjusted","Percent","239","units","0","v2063951","7.9.1.1.1.1","58.7","","","","1"
"2021-05","Ontario","2021A000235","Employment rate","Total - Gender","15 years and over","Estimate","Seasonally adjusted","Percent","239","units","0","v2063951","7.9.1.1.1.1","58.4","","","","1"
"2021-06","Ontario","2021A000235","Employment rate","Total - Gender","15 years and over","Estimate","Seasonally adjusted","Percent","239","units","0","v2063951","7.9.1.1.1.1","59.4","","","","1"
"2021-07","Ontario","2021A000235","Employment rate","Total - Gender","15 years and over","Estimate","Seasonally adjusted","Percent","239","units","0","v2063951","7.9.1.1.1.1","60.1","","","","1"
"2021-08","Ontario","2021A000235","Employment rate","Total - Gender","15 years and over","Estimate","Seasonally adjusted","Percent","239","units","0","v2063951","7.9.1.1.1.1","60.3","","","","1"
"2021-09","Ontario","2021A000235","Employment rate","Total - Gender","15 years and over","Estimate","Seasonally adjusted","Percent","239","units","0","v2063951","7.9.1.1.1.1","61.0","","","","1"
"2021-10","Ontario","2021A000235","Employment rate","Total - Gender","15 years and over","Estimate","Seasonally adjusted","Percent","239","units","0","v2063951","7.9.1.1.1.1","61.2","","","","1"
"2021-11","Ontario","2021A000235","Employment rate","Total - Gender","15 years and over","Estimate","Seasonally adjusted","Percent","239","units","0","v2063951","7.9.1.1.1.1","61.7","","","","1"
"2021-12","Ontario","2021A000235","Employment rate","Total - Gender","15 years and over","Estimate","Seasonally adjusted","Percent","239","units","0","v2063951","7.9.1.1.1.1","62.0","","","","1"
"2022-01","Ontario","2021A000235","Employment rate","Total - Gender","15 years and over","Estimate","Seasonally adjusted","Percent","239","units","0","v2063951","7.9.1.1.1.1","60.6","","","","1"
"2022-02","Ontario","2021A000235","Employment rate","Total - Gender","15 years and over","Estimate","Seasonally adjusted","Percent","239","units","0","v2063951","7.9.1.1.1.1","62.0","","","","1"
"2022-03","Ontario","2021A000235","Employment rate","Total - Gender","15 years and over","Estimate","Seasonally adjusted","Percent","239","units","0","v2063951","7.9.1.1.1.1","62.0","","","","1"
"2022-04","Ontario","2021A000235","Employment rate","Total - Gender","15 years and over","Estimate","Seasonally adjusted","Percent","239","units","0","v2063951","7.9.1.1.1.1","62.2","","","","1"
"2022-05","Ontario","2021A000235","Employment rate","Total - Gender","15 years and over","Estimate","Seasonally adjusted","Percent","239","units","0","v2063951","7.9.1.1.1.1","62.2","","","","1"
"2022-06","Ontario","2021A000235","Employment rate","Total - Gender","15 years and over","Estimate","Seasonally adjusted","Percent","239","units","0","v2063951","7.9.1.1.1.1","61.9","","","","1"
"2022-07","Ontario","2021A000235","Employment rate","Total - Gender","15 years and over","Estimate","Seasonally adjusted","Percent","239","units","0","v2063951","7.9.1.1.1.1","62.0","","","","1"
"2022-08","Ontario","2021A000235","Employment rate","Total - Gender","15 years and over","Estimate","Seasonally adjusted","Percent","239","units","0","v2063951","7.9.1.1.1.1","61.7","","","","1"
"2022-09","Ontario","2021A000235","Employment rate","Total - Gender","15 years and over","Estimate","Seasonally adjusted","Percent","239","units","0","v2063951","7.9.1.1.1.1","61.4","","","","1"
"2022-10","Ontario","2021A000235","Employment rate","Total - Gender","15 years and over","Estimate","Seasonally adjusted","Percent","239","units","0","v2063951","7.9.1.1.1.1","61.7","","","","1"
"2022-11","Ontario","2021A000235","Employment rate","Total - Gender","15 years and over","Estimate","Seasonally adjusted","Percent","239","units","0","v2063951","7.9.1.1.1.1","61.7","","","","1"
"2022-12","Ontario","2021A000235","Employment rate","Total - Gender","15 years and over","Estimate","Seasonally adjusted","Percent","239","units","0","v2063951","7.9.1.1.1.1","62.0","","","","1"
"2023-01","Ontario","2021A000235","Employment rate","Total - Gender","15 years and over","Estimate","Seasonally adjusted","Percent","239","units","0","v2063951","7.9.1.1.1.1","62.1","","","","1"
"2023-02","Ontario","2021A000235","Employment rate","Total - Gender","15 years and over","Estimate","Seasonally adjusted","Percent","239","units","0","v2063951","7.9.1.1.1.1","62.2","","","","1"
"2023-03","Ontario","2021A000235","Employment rate","Total - Gender","15 years and over","Estimate","Seasonally adjusted","Percent","239","units","0","v2063951","7.9.1.1.1.1","62.3","","","","1"
"2023-04","Ontario","2021A000235","Employment rate","Total - Gender","15 years and over","Estimate","Seasonally adjusted","Percent","239","units","0","v2063951","7.9.1.1.1.1","62.3","","","","1"
"2023-05","Ontario","2021A000235","Employment rate","Total - Gender","15 years and over","Estimate","Seasonally adjusted","Percent","239","units","0","v2063951","7.9.1.1.1.1","62.1","","","","1"
"2023-06","Ontario","2021A000235","Employment rate","Total - Gender","15 years and over","Estimate","Seasonally adjusted","Percent","239","units","0","v2063951","7.9.1.1.1.1","62.3","","","","1"
"2023-07","Ontario","2021A000235","Employment rate","Total - Gender","15 years and over","Estimate","Seasonally adjusted","Percent","239","units","0","v2063951","7.9.1.1.1.1","62.1","","","","1"
"2023-08","Ontario","2021A000235","Employment rate","Total - Gender","15 years and over","Estimate","Seasonally adjusted","Percent","239","units","0","v2063951","7.9.1.1.1.1","62.0","","","","1"
"2023-09","Ontario","2021A000235","Employment rate","Total - Gender","15 years and over","Estimate","Seasonally adjusted","Percent","239","units","0","v2063951","7.9.1.1.1.1","62.0","","","","1"
"2023-10","Ontario","2021A000235","Employment rate","Total - Gender","15 years and over","Estimate","Seasonally adjusted","Percent","239","units","0","v2063951","7.9.1.1.1.1","61.7","","","","1"
"2023-11","Ontario","2021A000235","Employment rate","Total - Gender","15 years and over","Estimate","Seasonally adjusted","Percent","239","units","0","v2063951","7.9.1.1.1.1","61.6","","","","1"
"2023-12","Ontario","2021A000235","Employment rate","Total - Gender","15 years and over","Estimate","Seasonally adjusted","Percent","239","units","0","v2063951","7.9.1.1.1.1","61.2","","","","1"
"2024-01","Ontario","2021A000235","Employment rate","Total - Gender","15 years and over","Estimate","Seasonally adjusted","Percent","239","units","0","v2063951","7.9.1.1.1.1","61.0","","","","1"
"2024-02","Ontario","2021A000235","Employment rate","Total - Gender","15 years and over","Estimate","Seasonally adjusted","Percent","239","units","0","v2063951","7.9.1.1.1.1","60.9","","","","1"
"2024-03","Ontario","2021A000235","Employment rate","Total - Gender","15 years and over","Estimate","Seasonally adjusted","Percent","239","units","0","v2063951","7.9.1.1.1.1","61.0","","","","1"
"2024-04","Ontario","2021A000235","Employment rate","Total - Gender","15 years and over","Estimate","Seasonally adjusted","Percent","239","units","0","v2063951","7.9.1.1.1.1","60.9","","","","1"
"2024-05","Ontario","2021A000235","Employment rate","Total - Gender","15 years and over","Estimate","Seasonally adjusted","Percent","239","units","0","v2063951","7.9.1.1.1.1","61.0","","","","1"
"2024-06","Ontario","2021A000235","Employment rate","Total - Gender","15 years and over","Estimate","Seasonally adjusted","Percent","239","units","0","v2063951","7.9.1.1.1.1","60.8","","","","1"
"2024-07","Ontario","2021A000235","Employment rate","Total - Gender","15 years and over","Estimate","Seasonally adjusted","Percent","239","units","0","v2063951","7.9.1.1.1.1","60.8","","","","1"
"2024-08","Ontario","2021A000235","Employment rate","Total - Gender","15 years and over","Estimate","Seasonally adjusted","Percent","239","units","0","v2063951","7.9.1.1.1.1","60.6","","","","1"
"2024-09","Ontario","2021A000235","Employment rate","Total - Gender","15 years and over","Estimate","Seasonally adjusted","Percent","239","units","0","v2063951","7.9.1.1.1.1","60.6","","","","1"
"2024-10","Ontario","2021A000235","Employment rate","Total - Gender","15 years and over","Estimate","Seasonally adjusted","Percent","239","units","0","v2063951","7.9.1.1.1.1","60.3","","","","1"
"2024-11","Ontario","2021A000235","Employment rate","Total - Gender","15 years and over","Estimate","Seasonally adjusted","Percent","239","units","0","v2063951","7.9.1.1.1.1","60.2","","","","1"
"2024-12","Ontario","2021A000235","Employment rate","Total - Gender","15 years and over","Estimate","Seasonally adjusted","Percent","239","units","0","v2063951","7.9.1.1.1.1","60.3","","","","1"
"2025-01","Ontario","2021A000235","Employment rate","Total - Gender","15 years and over","Estimate","Seasonally adjusted","Percent","239","units","0","v2063951","7.9.1.1.1.1","60.4","","","","1"
"2025-02","Ontario","2021A000235","Employment rate","Total - Gender","15 years and over","Estimate","Seasonally adjusted","Percent","239","units","0","v2063951","7.9.1.1.1.1","60.4","","","","1"
"2025-03","Ontario","2021A000235","Employment rate","Total - Gender","15 years and over","Estimate","Seasonally adjusted","Percent","239","units","0","v2063951","7.9.1.1.1.1","60.2","","","","1"
"2025-04","Ontario","2021A000235","Employment rate","Total - Gender","15 years and over","Estimate","Seasonally adjusted","Percent","239","units","0","v2063951","7.9.1.1.1.1","59.9","","","","1"
"2025-05","Ontario","2021A000235","Employment rate","Total - Gender","15 years and over","Estimate","Seasonally adjusted","Percent","239","units","0","v2063951","7.9.1.1.1.1","59.9","","","","1"
"2025-06","Ontario","2021A000235","Employment rate","Total - Gender","15 years and over","Estimate","Seasonally adjusted","Percent","239","units","0","v2063951","7.9.1.1.1.1","59.9","","","","1"
"2025-07","Ontario","2021A000235","Employment rate","Total - Gender","15 years and over","Estimate","Seasonally adjusted","Percent","239","units","0","v2063951","7.9.1.1.1.1","59.9","","","","1"
"2025-08","Ontario","2021A000235","Employment rate","Total - Gender","15 years and over","Estimate","Seasonally adjusted","Percent","239","units","0","v2063951","7.9.1.1.1.1","59.7","","","","1"
"2025-09","Ontario","2021A000235","Employment rate","Total - Gender","15 years and over","Estimate","Seasonally adjusted","Percent","239","units","0","v2063951","7.9.1.1.1.1","59.7","","","","1"
"2025-10","Ontario","2021A000235","Employment rate","Total - Gender","15 years and over","Estimate","Seasonally adjusted","Percent","239","units","0","v2063951","7.9.1.1.1.1","60.1","","","","1"
"2025-11","Ontario","2021A000235","Employment rate","Total - Gender","15 years and over","Estimate","Seasonally adjusted","Percent","239","units","0","v2063951","7.9.1.1.1.1","60.1","","","","1"
"2025-12","Ontario","2021A000235","Employment rate","Total - Gender","15 years and over","Estimate","Seasonally adjusted","Percent","239","units","0","v2063951","7.9.1.1.1.1","60.2","","","","1"
"2026-01","Ontario","2021A000235","Employment rate","Total - Gender","15 years and over","Estimate","Seasonally adjusted","Percent","239","units","0","v2063951","7.9.1.1.1.1","59.7","","","","1"
"2026-02","Ontario","2021A000235","Employment rate","Total - Gender","15 years and over","Estimate","Seasonally adjusted","Percent","239","units","0","v2063951","7.9.1.1.1.1","59.7","","","","1"
"2026-03","Ontario","2021A000235","Employment rate","Total - Gender","15 years and over","Estimate","Seasonally adjusted","Percent","239","units","0","v2063951","7.9.1.1.1.1","59.6","","","","1"
"2026-04","Ontario","2021A000235","Employment rate","Total - Gender","15 years and over","Estimate","Seasonally adjusted","Percent","239","units","0","v2063951","7.9.1.1.1.1","59.9","","","","1"
"2026-05","Ontario","2021A000235","Employment rate","Total - Gender","15 years and over","Estimate","Seasonally adjusted","Percent","239","units","0","v2063951","7.9.1.1.1.1","60.2","","","","1"
"2026-06","Ontario","2021A000235","Employment rate","Total - Gender","15 years and over","Estimate","Seasonally adjusted","Percent","239","units","0","v2063951","7.9.1.1.1.1","60.1","","","","1"


