"REF_DATE","GEO","DGUID","Products and product groups","UOM","UOM_ID","SCALAR_FACTOR","SCALAR_ID","VECTOR","COORDINATE","VALUE","STATUS","SYMBOL","TERMINATED","DECIMALS"
"2015-01","Ontario","2016A000235","All-items","2002=100","17","units","0","v41691919","14.2","125.3","","","","1"
"2015-02","Ontario","2016A000235","All-items","2002=100","17","units","0","v41691919","14.2","126.2","","","","1"
"2015-03","Ontario","2016A000235","All-items","2002=100","17","units","0","v41691919","14.2","127.1","","","","1"
"2015-04","Ontario","2016A000235","All-items","2002=100","17","units","0","v41691919","14.2","126.9","","","","1"
"2015-05","Ontario","2016A000235","All-items","2002=100","17","units","0","v41691919","14.2","127.7","","","","1"
"2015-06","Ontario","2016A000235","All-items","2002=100","17","units","0","v41691919","14.2","128.2","","","","1"
"2015-07","Ontario","2016A000235","All-items","2002=100","17","units","0","v41691919","14.2","128.4","","","","1"
"2015-08","Ontario","2016A000235","All-items","2002=100","17","units","0","v41691919","14.2","128.0","","","","1"
"2015-09","Ontario","2016A000235","All-items","2002=100","17","units","0","v41691919","14.2","127.8","","","","1"
"2015-10","Ontario","2016A000235","All-items","2002=100","17","units","0","v41691919","14.2","127.9","","","","1"
"2015-11","Ontario","2016A000235","All-items","2002=100","17","units","0","v41691919","14.2","127.9","","","","1"
"2015-12","Ontario","2016A000235","All-items","2002=100","17","units","0","v41691919","14.2","127.5","","","","1"
"2016-01","Ontario","2016A000235","All-items","2002=100","17","units","0","v41691919","14.2","127.8","","","","1"
"2016-02","Ontario","2016A000235","All-items","2002=100","17","units","0","v41691919","14.2","128.2","","","","1"
"2016-03","Ontario","2016A000235","All-items","2002=100","17","units","0","v41691919","14.2","129.0","","","","1"
"2016-04","Ontario","2016A000235","All-items","2002=100","17","units","0","v41691919","14.2","129.6","","","","1"
"2016-05","Ontario","2016A000235","All-items","2002=100","17","units","0","v41691919","14.2","130.1","","","","1"
"2016-06","Ontario","2016A000235","All-items","2002=100","17","units","0","v41691919","14.2","130.4","","","","1"
"2016-07","Ontario","2016A000235","All-items","2002=100","17","units","0","v41691919","14.2","130.3","","","","1"
"2016-08","Ontario","2016A000235","All-items","2002=100","17","units","0","v41691919","14.2","129.9","","","","1"
"2016-09","Ontario","2016A000235","All-items","2002=100","17","units","0","v41691919","14.2","130.1","","","","1"
"2016-10","Ontario","2016A000235","All-items","2002=100","17","units","0","v41691919","14.2","130.6","","","","1"
"2016-11","Ontario","2016A000235","All-items","2002=100","17","units","0","v41691919","14.2","130.2","","","","1"
"2016-12","Ontario","2016A000235","All-items","2002=100","17","units","0","v41691919","14.2","130.0","","","","1"
"2017-01","Ontario","2016A000235","All-items","2002=100","17","units","0","v41691919","14.2","130.8","","","","1"
"2017-02","Ontario","2016A000235","All-items","2002=100","17","units","0","v41691919","14.2","131.2","","","","1"
"2017-03","Ontario","2016A000235","All-items","2002=100","17","units","0","v41691919","14.2","131.4","","","","1"
"2017-04","Ontario","2016A000235","All-items","2002=100","17","units","0","v41691919","14.2","132.0","","","","1"
"2017-05","Ontario","2016A000235","All-items","2002=100","17","units","0","v41691919","14.2","131.9","","","","1"
"2017-06","Ontario","2016A000235","All-items","2002=100","17","units","0","v41691919","14.2","132.1","","","","1"
"2017-07","Ontario","2016A000235","All-items","2002=100","17","units","0","v41691919","14.2","131.9","","","","1"
"2017-08","Ontario","2016A000235","All-items","2002=100","17","units","0","v41691919","14.2","131.8","","","","1"
"2017-09","Ontario","2016A000235","All-items","2002=100","17","units","0","v41691919","14.2","132.3","","","","1"
"2017-10","Ontario","2016A000235","All-items","2002=100","17","units","0","v41691919","14.2","132.3","","","","1"
"2017-11","Ontario","2016A000235","All-items","2002=100","17","units","0","v41691919","14.2","132.7","","","","1"
"2017-12","Ontario","2016A000235","All-items","2002=100","17","units","0","v41691919","14.2","132.0","","","","1"
"2018-01","Ontario","2016A000235","All-items","2002=100","17","units","0","v41691919","14.2","133.2","","","","1"
"2018-02","Ontario","2016A000235","All-items","2002=100","17","units","0","v41691919","14.2","134.0","","","","1"
"2018-03","Ontario","2016A000235","All-items","2002=100","17","units","0","v41691919","14.2","134.6","","","","1"
"2018-04","Ontario","2016A000235","All-items","2002=100","17","units","0","v41691919","14.2","134.8","","","","1"
"2018-05","Ontario","2016A000235","All-items","2002=100","17","units","0","v41691919","14.2","134.9","","","","1"
"2018-06","Ontario","2016A000235","All-items","2002=100","17","units","0","v41691919","14.2","135.3","","","","1"
"2018-07","Ontario","2016A000235","All-items","2002=100","17","units","0","v41691919","14.2","136.0","","","","1"
"2018-08","Ontario","2016A000235","All-items","2002=100","17","units","0","v41691919","14.2","135.9","","","","1"
"2018-09","Ontario","2016A000235","All-items","2002=100","17","units","0","v41691919","14.2","135.2","","","","1"
"2018-10","Ontario","2016A000235","All-items","2002=100","17","units","0","v41691919","14.2","135.6","","","","1"
"2018-11","Ontario","2016A000235","All-items","2002=100","17","units","0","v41691919","14.2","135.1","","","","1"
"2018-12","Ontario","2016A000235","All-items","2002=100","17","units","0","v41691919","14.2","135.0","","","","1"
"2019-01","Ontario","2016A000235","All-items","2002=100","17","units","0","v41691919","14.2","135.2","","","","1"
"2019-02","Ontario","2016A000235","All-items","2002=100","17","units","0","v41691919","14.2","136.0","","","","1"
"2019-03","Ontario","2016A000235","All-items","2002=100","17","units","0","v41691919","14.2","137.0","","","","1"
"2019-04","Ontario","2016A000235","All-items","2002=100","17","units","0","v41691919","14.2","137.4","","","","1"
"2019-05","Ontario","2016A000235","All-items","2002=100","17","units","0","v41691919","14.2","138.1","","","","1"
"2019-06","Ontario","2016A000235","All-items","2002=100","17","units","0","v41691919","14.2","138.0","","","","1"
"2019-07","Ontario","2016A000235","All-items","2002=100","17","units","0","v41691919","14.2","138.8","","","","1"
"2019-08","Ontario","2016A000235","All-items","2002=100","17","units","0","v41691919","14.2","138.5","","","","1"
"2019-09","Ontario","2016A000235","All-items","2002=100","17","units","0","v41691919","14.2","137.5","","","","1"
"2019-10","Ontario","2016A000235","All-items","2002=100","17","units","0","v41691919","14.2","137.9","","","","1"
"2019-11","Ontario","2016A000235","All-items","2002=100","17","units","0","v41691919","14.2","137.7","","","","1"
"2019-12","Ontario","2016A000235","All-items","2002=100","17","units","0","v41691919","14.2","137.8","","","","1"
"2020-01","Ontario","2016A000235","All-items","2002=100","17","units","0","v41691919","14.2","138.0","","","","1"
"2020-02","Ontario","2016A000235","All-items","2002=100","17","units","0","v41691919","14.2","138.7","","","","1"
"2020-03","Ontario","2016A000235","All-items","2002=100","17","units","0","v41691919","14.2","137.9","","","","1"
"2020-04","Ontario","2016A000235","All-items","2002=100","17","units","0","v41691919","14.2","137.3","","","","1"
"2020-05","Ontario","2016A000235","All-items","2002=100","17","units","0","v41691919","14.2","137.5","","","","1"
"2020-06","Ontario","2016A000235","All-items","2002=100","17","units","0","v41691919","14.2","138.6","","","","1"
"2020-07","Ontario","2016A000235","All-items","2002=100","17","units","0","v41691919","14.2","138.8","","","","1"
"2020-08","Ontario","2016A000235","All-items","2002=100","17","units","0","v41691919","14.2","138.6","","","","1"
"2020-09","Ontario","2016A000235","All-items","2002=100","17","units","0","v41691919","14.2","138.3","","","","1"
"2020-10","Ontario","2016A000235","All-items","2002=100","17","units","0","v41691919","14.2","138.9","","","","1"
"2020-11","Ontario","2016A000235","All-items","2002=100","17","units","0","v41691919","14.2","139.0","","","","1"
"2020-12","Ontario","2016A000235","All-items","2002=100","17","units","0","v41691919","14.2","138.8","","","","1"
"2021-01","Ontario","2016A000235","All-items","2002=100","17","units","0","v41691919","14.2","139.5","","","","1"
"2021-02","Ontario","2016A000235","All-items","2002=100","17","units","0","v41691919","14.2","140.2","","","","1"
"2021-03","Ontario","2016A000235","All-items","2002=100","17","units","0","v41691919","14.2","141.0","","","","1"
"2021-04","Ontario","2016A000235","All-items","2002=100","17","units","0","v41691919","14.2","141.8","","","","1"
"2021-05","Ontario","2016A000235","All-items","2002=100","17","units","0","v41691919","14.2","142.6","","","","1"
"2021-06","Ontario","2016A000235","All-items","2002=100","17","units","0","v41691919","14.2","143.1","","","","1"
"2021-07","Ontario","2016A000235","All-items","2002=100","17","units","0","v41691919","14.2","143.7","","","","1"
"2021-08","Ontario","2016A000235","All-items","2002=100","17","units","0","v41691919","14.2","144.1","","","","1"
"2021-09","Ontario","2016A000235","All-items","2002=100","17","units","0","v41691919","14.2","144.4","","","","1"
"2021-10","Ontario","2016A000235","All-items","2002=100","17","units","0","v41691919","14.2","145.7","","","","1"
"2021-11","Ontario","2016A000235","All-items","2002=100","17","units","0","v41691919","14.2","146.0","","","","1"
"2021-12","Ontario","2016A000235","All-items","2002=100","17","units","0","v41691919","14.2","146.0","","","","1"
"2022-01","Ontario","2016A000235","All-items","2002=100","17","units","0","v41691919","14.2","147.4","","","","1"
"2022-02","Ontario","2016A000235","All-items","2002=100","17","units","0","v41691919","14.2","148.8","","","","1"
"2022-03","Ontario","2016A000235","All-items","2002=100","17","units","0","v41691919","14.2","150.8","","","","1"
"2022-04","Ontario","2016A000235","All-items","2002=100","17","units","0","v41691919","14.2","151.6","","","","1"
"2022-05","Ontario","2016A000235","All-items","2002=100","17","units","0","v41691919","14.2","153.7","","","","1"
"2022-06","Ontario","2016A000235","All-items","2002=100","17","units","0","v41691919","14.2","154.4","","","","1"
"2022-07","Ontario","2016A000235","All-items","2002=100","17","units","0","v41691919","14.2","154.6","","","","1"
"2022-08","Ontario","2016A000235","All-items","2002=100","17","units","0","v41691919","14.2","154.1","","","","1"
"2022-09","Ontario","2016A000235","All-items","2002=100","17","units","0","v41691919","14.2","154.1","","","","1"
"2022-10","Ontario","2016A000235","All-items","2002=100","17","units","0","v41691919","14.2","155.2","","","","1"
"2022-11","Ontario","2016A000235","All-items","2002=100","17","units","0","v41691919","14.2","155.4","","","","1"
"2022-12","Ontario","2016A000235","All-items","2002=100","17","units","0","v41691919","14.2","154.8","","","","1"
"2023-01","Ontario","2016A000235","All-items","2002=100","17","units","0","v41691919","14.2","155.7","","","","1"
"2023-02","Ontario","2016A000235","All-items","2002=100","17","units","0","v41691919","14.2","156.4","","","","1"
"2023-03","Ontario","2016A000235","All-items","2002=100","17","units","0","v41691919","14.2","157.3","","","","1"
"2023-04","Ontario","2016A000235","All-items","2002=100","17","units","0","v41691919","14.2","157.9","","","","1"
"2023-05","Ontario","2016A000235","All-items","2002=100","17","units","0","v41691919","14.2","158.5","","","","1"
"2023-06","Ontario","2016A000235","All-items","2002=100","17","units","0","v41691919","14.2","158.4","","","","1"
"2023-07","Ontario","2016A000235","All-items","2002=100","17","units","0","v41691919","14.2","159.6","","","","1"
"2023-08","Ontario","2016A000235","All-items","2002=100","17","units","0","v41691919","14.2","159.9","","","","1"
"2023-09","Ontario","2016A000235","All-items","2002=100","17","units","0","v41691919","14.2","159.7","","","","1"
"2023-10","Ontario","2016A000235","All-items","2002=100","17","units","0","v41691919","14.2","160.3","","","","1"
"2023-11","Ontario","2016A000235","All-items","2002=100","17","units","0","v41691919","14.2","160.6","","","","1"
"2023-12","Ontario","2016A000235","All-items","2002=100","17","units","0","v41691919","14.2","160.0","","","","1"
"2024-01","Ontario","2016A000235","All-items","2002=100","17","units","0","v41691919","14.2","159.9","","","","1"
"2024-02","Ontario","2016A000235","All-items","2002=100","17","units","0","v41691919","14.2","160.2","","","","1"
"2024-03","Ontario","2016A000235","All-items","2002=100","17","units","0","v41691919","14.2","161.4","","","","1"
"2024-04","Ontario","2016A000235","All-items","2002=100","17","units","0","v41691919","14.2","162.2","","","","1"
"2024-05","Ontario","2016A000235","All-items","2002=100","17","units","0","v41691919","14.2","163.2","","","","1"
"2024-06","Ontario","2016A000235","All-items","2002=100","17","units","0","v41691919","14.2","163.1","","","","1"
"2024-07","Ontario","2016A000235","All-items","2002=100","17","units","0","v41691919","14.2","163.9","","","","1"
"2024-08","Ontario","2016A000235","All-items","2002=100","17","units","0","v41691919","14.2","163.3","","","","1"
"2024-09","Ontario","2016A000235","All-items","2002=100","17","units","0","v41691919","14.2","162.8","","","","1"
"2024-10","Ontario","2016A000235","All-items","2002=100","17","units","0","v41691919","14.2","163.5","","","","1"
"2024-11","Ontario","2016A000235","All-items","2002=100","17","units","0","v41691919","14.2","163.5","","","","1"
"2024-12","Ontario","2016A000235","All-items","2002=100","17","units","0","v41691919","14.2","162.7","","","","1"
"2025-01","Ontario","2016A000235","All-items","2002=100","17","units","0","v41691919","14.2","162.6","","","","1"
"2025-02","Ontario","2016A000235","All-items","2002=100","17","units","0","v41691919","14.2","164.6","","","","1"
"2025-03","Ontario","2016A000235","All-items","2002=100","17","units","0","v41691919","14.2","165.1","","","","1"
"2025-04","Ontario","2016A000235","All-items","2002=100","17","units","0","v41691919","14.2","164.8","","","","1"
"2025-05","Ontario","2016A000235","All-items","2002=100","17","units","0","v41691919","14.2","165.9","","","","1"
"2025-06","Ontario","2016A000235","All-items","2002=100","17","units","0","v41691919","14.2","166.0","","","","1"
"2025-07","Ontario","2016A000235","All-items","2002=100","17","units","0","v41691919","14.2","166.5","","","","1"
"2025-08","Ontario","2016A000235","All-items","2002=100","17","units","0","v41691919","14.2","166.0","","","","1"
"2025-09","Ontario","2016A000235","All-items","2002=100","17","units","0","v41691919","14.2","166.1","","","","1"
"2025-10","Ontario","2016A000235","All-items","2002=100","17","units","0","v41691919","14.2","166.4","","","","1"
"2025-11","Ontario","2016A000235","All-items","2002=100","17","units","0","v41691919","14.2","166.6","","","","1"
"2025-12","Ontario","2016A000235","All-items","2002=100","17","units","0","v41691919","14.2","166.1","","","","1"
"2026-01","Ontario","2016A000235","All-items","2002=100","17","units","0","v41691919","14.2","165.9","","","","1"
"2026-02","Ontario","2016A000235","All-items","2002=100","17","units","0","v41691919","14.2","166.7","","","","1"
"2026-03","Ontario","2016A000235","All-items","2002=100","17","units","0","v41691919","14.2","168.2","","","","1"
"2026-04","Ontario","2016A000235","All-items","2002=100","17","units","0","v41691919","14.2","168.8","","","","1"
"2026-05","Ontario","2016A000235","All-items","2002=100","17","units","0","v41691919","14.2","170.2","","","","1"
"2026-06","Ontario","2016A000235","All-items","2002=100","17","units","0","v41691919","14.2","169.3","","","","1"
"2015-01","Ontario","2016A000235","Food","2002=100","17","units","0","v41691920","14.3","140.2","","","","1"
"2015-02","Ontario","2016A000235","Food","2002=100","17","units","0","v41691920","14.3","140.3","","","","1"
"2015-03","Ontario","2016A000235","Food","2002=100","17","units","0","v41691920","14.3","140.2","","","","1"
"2015-04","Ontario","2016A000235","Food","2002=100","17","units","0","v41691920","14.3","140.0","","","","1"
"2015-05","Ontario","2016A000235","Food","2002=100","17","units","0","v41691920","14.3","141.7","","","","1"
"2015-06","Ontario","2016A000235","Food","2002=100","17","units","0","v41691920","14.3","141.9","","","","1"
"2015-07","Ontario","2016A000235","Food","2002=100","17","units","0","v41691920","14.3","141.6","","","","1"
"2015-08","Ontario","2016A000235","Food","2002=100","17","units","0","v41691920","14.3","141.4","","","","1"
"2015-09","Ontario","2016A000235","Food","2002=100","17","units","0","v41691920","14.3","140.0","","","","1"
"2015-10","Ontario","2016A000235","Food","2002=100","17","units","0","v41691920","14.3","141.3","","","","1"
"2015-11","Ontario","2016A000235","Food","2002=100","17","units","0","v41691920","14.3","142.4","","","","1"
"2015-12","Ontario","2016A000235","Food","2002=100","17","units","0","v41691920","14.3","143.6","","","","1"
"2016-01","Ontario","2016A000235","Food","2002=100","17","units","0","v41691920","14.3","145.7","","","","1"
"2016-02","Ontario","2016A000235","Food","2002=100","17","units","0","v41691920","14.3","146.9","","","","1"
"2016-03","Ontario","2016A000235","Food","2002=100","17","units","0","v41691920","14.3","146.1","","","","1"
"2016-04","Ontario","2016A000235","Food","2002=100","17","units","0","v41691920","14.3","145.1","","","","1"
"2016-05","Ontario","2016A000235","Food","2002=100","17","units","0","v41691920","14.3","144.0","","","","1"
"2016-06","Ontario","2016A000235","Food","2002=100","17","units","0","v41691920","14.3","143.8","","","","1"
"2016-07","Ontario","2016A000235","Food","2002=100","17","units","0","v41691920","14.3","144.0","","","","1"
"2016-08","Ontario","2016A000235","Food","2002=100","17","units","0","v41691920","14.3","142.4","","","","1"
"2016-09","Ontario","2016A000235","Food","2002=100","17","units","0","v41691920","14.3","140.5","","","","1"
"2016-10","Ontario","2016A000235","Food","2002=100","17","units","0","v41691920","14.3","140.8","","","","1"
"2016-11","Ontario","2016A000235","Food","2002=100","17","units","0","v41691920","14.3","141.6","","","","1"
"2016-12","Ontario","2016A000235","Food","2002=100","17","units","0","v41691920","14.3","141.5","","","","1"
"2017-01","Ontario","2016A000235","Food","2002=100","17","units","0","v41691920","14.3","142.1","","","","1"
"2017-02","Ontario","2016A000235","Food","2002=100","17","units","0","v41691920","14.3","142.6","","","","1"
"2017-03","Ontario","2016A000235","Food","2002=100","17","units","0","v41691920","14.3","142.4","","","","1"
"2017-04","Ontario","2016A000235","Food","2002=100","17","units","0","v41691920","14.3","143.0","","","","1"
"2017-05","Ontario","2016A000235","Food","2002=100","17","units","0","v41691920","14.3","143.6","","","","1"
"2017-06","Ontario","2016A000235","Food","2002=100","17","units","0","v41691920","14.3","144.1","","","","1"
"2017-07","Ontario","2016A000235","Food","2002=100","17","units","0","v41691920","14.3","145.1","","","","1"
"2017-08","Ontario","2016A000235","Food","2002=100","17","units","0","v41691920","14.3","144.3","","","","1"
"2017-09","Ontario","2016A000235","Food","2002=100","17","units","0","v41691920","14.3","142.8","","","","1"
"2017-10","Ontario","2016A000235","Food","2002=100","17","units","0","v41691920","14.3","142.0","","","","1"
"2017-11","Ontario","2016A000235","Food","2002=100","17","units","0","v41691920","14.3","143.3","","","","1"
"2017-12","Ontario","2016A000235","Food","2002=100","17","units","0","v41691920","14.3","144.3","","","","1"
"2018-01","Ontario","2016A000235","Food","2002=100","17","units","0","v41691920","14.3","146.3","","","","1"
"2018-02","Ontario","2016A000235","Food","2002=100","17","units","0","v41691920","14.3","146.6","","","","1"
"2018-03","Ontario","2016A000235","Food","2002=100","17","units","0","v41691920","14.3","146.0","","","","1"
"2018-04","Ontario","2016A000235","Food","2002=100","17","units","0","v41691920","14.3","147.0","","","","1"
"2018-05","Ontario","2016A000235","Food","2002=100","17","units","0","v41691920","14.3","146.7","","","","1"
"2018-06","Ontario","2016A000235","Food","2002=100","17","units","0","v41691920","14.3","148.3","","","","1"
"2018-07","Ontario","2016A000235","Food","2002=100","17","units","0","v41691920","14.3","148.9","","","","1"
"2018-08","Ontario","2016A000235","Food","2002=100","17","units","0","v41691920","14.3","148.1","","","","1"
"2018-09","Ontario","2016A000235","Food","2002=100","17","units","0","v41691920","14.3","146.7","","","","1"
"2018-10","Ontario","2016A000235","Food","2002=100","17","units","0","v41691920","14.3","146.3","","","","1"
"2018-11","Ontario","2016A000235","Food","2002=100","17","units","0","v41691920","14.3","148.0","","","","1"
"2018-12","Ontario","2016A000235","Food","2002=100","17","units","0","v41691920","14.3","150.2","","","","1"
"2019-01","Ontario","2016A000235","Food","2002=100","17","units","0","v41691920","14.3","151.6","","","","1"
"2019-02","Ontario","2016A000235","Food","2002=100","17","units","0","v41691920","14.3","151.9","","","","1"
"2019-03","Ontario","2016A000235","Food","2002=100","17","units","0","v41691920","14.3","151.9","","","","1"
"2019-04","Ontario","2016A000235","Food","2002=100","17","units","0","v41691920","14.3","151.8","","","","1"
"2019-05","Ontario","2016A000235","Food","2002=100","17","units","0","v41691920","14.3","152.7","","","","1"
"2019-06","Ontario","2016A000235","Food","2002=100","17","units","0","v41691920","14.3","153.7","","","","1"
"2019-07","Ontario","2016A000235","Food","2002=100","17","units","0","v41691920","14.3","153.8","","","","1"
"2019-08","Ontario","2016A000235","Food","2002=100","17","units","0","v41691920","14.3","153.3","","","","1"
"2019-09","Ontario","2016A000235","Food","2002=100","17","units","0","v41691920","14.3","151.9","","","","1"
"2019-10","Ontario","2016A000235","Food","2002=100","17","units","0","v41691920","14.3","151.4","","","","1"
"2019-11","Ontario","2016A000235","Food","2002=100","17","units","0","v41691920","14.3","152.6","","","","1"
"2019-12","Ontario","2016A000235","Food","2002=100","17","units","0","v41691920","14.3","154.2","","","","1"
"2020-01","Ontario","2016A000235","Food","2002=100","17","units","0","v41691920","14.3","155.3","","","","1"
"2020-02","Ontario","2016A000235","Food","2002=100","17","units","0","v41691920","14.3","154.4","","","","1"
"2020-03","Ontario","2016A000235","Food","2002=100","17","units","0","v41691920","14.3","154.5","","","","1"
"2020-04","Ontario","2016A000235","Food","2002=100","17","units","0","v41691920","14.3","156.4","","","","1"
"2020-05","Ontario","2016A000235","Food","2002=100","17","units","0","v41691920","14.3","156.1","","","","1"
"2020-06","Ontario","2016A000235","Food","2002=100","17","units","0","v41691920","14.3","156.6","","","","1"
"2020-07","Ontario","2016A000235","Food","2002=100","17","units","0","v41691920","14.3","157.0","","","","1"
"2020-08","Ontario","2016A000235","Food","2002=100","17","units","0","v41691920","14.3","155.9","","","","1"
"2020-09","Ontario","2016A000235","Food","2002=100","17","units","0","v41691920","14.3","154.6","","","","1"
"2020-10","Ontario","2016A000235","Food","2002=100","17","units","0","v41691920","14.3","155.0","","","","1"
"2020-11","Ontario","2016A000235","Food","2002=100","17","units","0","v41691920","14.3","155.3","","","","1"
"2020-12","Ontario","2016A000235","Food","2002=100","17","units","0","v41691920","14.3","155.2","","","","1"
"2021-01","Ontario","2016A000235","Food","2002=100","17","units","0","v41691920","14.3","157.1","","","","1"
"2021-02","Ontario","2016A000235","Food","2002=100","17","units","0","v41691920","14.3","157.1","","","","1"
"2021-03","Ontario","2016A000235","Food","2002=100","17","units","0","v41691920","14.3","157.6","","","","1"
"2021-04","Ontario","2016A000235","Food","2002=100","17","units","0","v41691920","14.3","157.2","","","","1"
"2021-05","Ontario","2016A000235","Food","2002=100","17","units","0","v41691920","14.3","158.1","","","","1"
"2021-06","Ontario","2016A000235","Food","2002=100","17","units","0","v41691920","14.3","158.1","","","","1"
"2021-07","Ontario","2016A000235","Food","2002=100","17","units","0","v41691920","14.3","159.2","","","","1"
"2021-08","Ontario","2016A000235","Food","2002=100","17","units","0","v41691920","14.3","160.0","","","","1"
"2021-09","Ontario","2016A000235","Food","2002=100","17","units","0","v41691920","14.3","160.3","","","","1"
"2021-10","Ontario","2016A000235","Food","2002=100","17","units","0","v41691920","14.3","160.6","","","","1"
"2021-11","Ontario","2016A000235","Food","2002=100","17","units","0","v41691920","14.3","162.8","","","","1"
"2021-12","Ontario","2016A000235","Food","2002=100","17","units","0","v41691920","14.3","164.1","","","","1"
"2022-01","Ontario","2016A000235","Food","2002=100","17","units","0","v41691920","14.3","166.7","","","","1"
"2022-02","Ontario","2016A000235","Food","2002=100","17","units","0","v41691920","14.3","168.8","","","","1"
"2022-03","Ontario","2016A000235","Food","2002=100","17","units","0","v41691920","14.3","170.5","","","","1"
"2022-04","Ontario","2016A000235","Food","2002=100","17","units","0","v41691920","14.3","171.6","","","","1"
"2022-05","Ontario","2016A000235","Food","2002=100","17","units","0","v41691920","14.3","173.4","","","","1"
"2022-06","Ontario","2016A000235","Food","2002=100","17","units","0","v41691920","14.3","173.2","","","","1"
"2022-07","Ontario","2016A000235","Food","2002=100","17","units","0","v41691920","14.3","174.6","","","","1"
"2022-08","Ontario","2016A000235","Food","2002=100","17","units","0","v41691920","14.3","175.9","","","","1"
"2022-09","Ontario","2016A000235","Food","2002=100","17","units","0","v41691920","14.3","176.9","","","","1"
"2022-10","Ontario","2016A000235","Food","2002=100","17","units","0","v41691920","14.3","176.4","","","","1"
"2022-11","Ontario","2016A000235","Food","2002=100","17","units","0","v41691920","14.3","178.8","","","","1"
"2022-12","Ontario","2016A000235","Food","2002=100","17","units","0","v41691920","14.3","180.4","","","","1"
"2023-01","Ontario","2016A000235","Food","2002=100","17","units","0","v41691920","14.3","183.5","","","","1"
"2023-02","Ontario","2016A000235","Food","2002=100","17","units","0","v41691920","14.3","184.6","","","","1"
"2023-03","Ontario","2016A000235","Food","2002=100","17","units","0","v41691920","14.3","185.2","","","","1"
"2023-04","Ontario","2016A000235","Food","2002=100","17","units","0","v41691920","14.3","185.3","","","","1"
"2023-05","Ontario","2016A000235","Food","2002=100","17","units","0","v41691920","14.3","187.0","","","","1"
"2023-06","Ontario","2016A000235","Food","2002=100","17","units","0","v41691920","14.3","186.5","","","","1"
"2023-07","Ontario","2016A000235","Food","2002=100","17","units","0","v41691920","14.3","187.2","","","","1"
"2023-08","Ontario","2016A000235","Food","2002=100","17","units","0","v41691920","14.3","187.0","","","","1"
"2023-09","Ontario","2016A000235","Food","2002=100","17","units","0","v41691920","14.3","186.7","","","","1"
"2023-10","Ontario","2016A000235","Food","2002=100","17","units","0","v41691920","14.3","186.5","","","","1"
"2023-11","Ontario","2016A000235","Food","2002=100","17","units","0","v41691920","14.3","187.9","","","","1"
"2023-12","Ontario","2016A000235","Food","2002=100","17","units","0","v41691920","14.3","187.8","","","","1"
"2024-01","Ontario","2016A000235","Food","2002=100","17","units","0","v41691920","14.3","189.5","","","","1"
"2024-02","Ontario","2016A000235","Food","2002=100","17","units","0","v41691920","14.3","189.3","","","","1"
"2024-03","Ontario","2016A000235","Food","2002=100","17","units","0","v41691920","14.3","189.4","","","","1"
"2024-04","Ontario","2016A000235","Food","2002=100","17","units","0","v41691920","14.3","189.2","","","","1"
"2024-05","Ontario","2016A000235","Food","2002=100","17","units","0","v41691920","14.3","190.7","","","","1"
"2024-06","Ontario","2016A000235","Food","2002=100","17","units","0","v41691920","14.3","192.3","","","","1"
"2024-07","Ontario","2016A000235","Food","2002=100","17","units","0","v41691920","14.3","192.7","","","","1"
"2024-08","Ontario","2016A000235","Food","2002=100","17","units","0","v41691920","14.3","192.4","","","","1"
"2024-09","Ontario","2016A000235","Food","2002=100","17","units","0","v41691920","14.3","192.5","","","","1"
"2024-10","Ontario","2016A000235","Food","2002=100","17","units","0","v41691920","14.3","193.1","","","","1"
"2024-11","Ontario","2016A000235","Food","2002=100","17","units","0","v41691920","14.3","193.9","","","","1"
"2024-12","Ontario","2016A000235","Food","2002=100","17","units","0","v41691920","14.3","188.3","","","","1"
"2025-01","Ontario","2016A000235","Food","2002=100","17","units","0","v41691920","14.3","186.1","","","","1"
"2025-02","Ontario","2016A000235","Food","2002=100","17","units","0","v41691920","14.3","190.8","","","","1"
"2025-03","Ontario","2016A000235","Food","2002=100","17","units","0","v41691920","14.3","195.3","","","","1"
"2025-04","Ontario","2016A000235","Food","2002=100","17","units","0","v41691920","14.3","196.3","","","","1"
"2025-05","Ontario","2016A000235","Food","2002=100","17","units","0","v41691920","14.3","197.5","","","","1"
"2025-06","Ontario","2016A000235","Food","2002=100","17","units","0","v41691920","14.3","198.1","","","","1"
"2025-07","Ontario","2016A000235","Food","2002=100","17","units","0","v41691920","14.3","199.3","","","","1"
"2025-08","Ontario","2016A000235","Food","2002=100","17","units","0","v41691920","14.3","199.3","","","","1"
"2025-09","Ontario","2016A000235","Food","2002=100","17","units","0","v41691920","14.3","199.9","","","","1"
"2025-10","Ontario","2016A000235","Food","2002=100","17","units","0","v41691920","14.3","199.5","","","","1"
"2025-11","Ontario","2016A000235","Food","2002=100","17","units","0","v41691920","14.3","201.9","","","","1"
"2025-12","Ontario","2016A000235","Food","2002=100","17","units","0","v41691920","14.3","202.4","","","","1"
"2026-01","Ontario","2016A000235","Food","2002=100","17","units","0","v41691920","14.3","203.5","","","","1"
"2026-02","Ontario","2016A000235","Food","2002=100","17","units","0","v41691920","14.3","203.4","","","","1"
"2026-03","Ontario","2016A000235","Food","2002=100","17","units","0","v41691920","14.3","204.4","","","","1"
"2026-04","Ontario","2016A000235","Food","2002=100","17","units","0","v41691920","14.3","203.8","","","","1"
"2026-05","Ontario","2016A000235","Food","2002=100","17","units","0","v41691920","14.3","206.0","","","","1"
"2026-06","Ontario","2016A000235","Food","2002=100","17","units","0","v41691920","14.3","204.8","","","","1"
"2015-01","Ontario","2016A000235","Shelter","2002=100","17","units","0","v41691952","14.79","133.4","","","","1"
"2015-02","Ontario","2016A000235","Shelter","2002=100","17","units","0","v41691952","14.79","133.5","","","","1"
"2015-03","Ontario","2016A000235","Shelter","2002=100","17","units","0","v41691952","14.79","133.8","","","","1"
"2015-04","Ontario","2016A000235","Shelter","2002=100","17","units","0","v41691952","14.79","133.5","","","","1"
"2015-05","Ontario","2016A000235","Shelter","2002=100","17","units","0","v41691952","14.79","134.1","","","","1"
"2015-06","Ontario","2016A000235","Shelter","2002=100","17","units","0","v41691952","14.79","134.4","","","","1"
"2015-07","Ontario","2016A000235","Shelter","2002=100","17","units","0","v41691952","14.79","134.9","","","","1"
"2015-08","Ontario","2016A000235","Shelter","2002=100","17","units","0","v41691952","14.79","135.0","","","","1"
"2015-09","Ontario","2016A000235","Shelter","2002=100","17","units","0","v41691952","14.79","135.1","","","","1"
"2015-10","Ontario","2016A000235","Shelter","2002=100","17","units","0","v41691952","14.79","135.0","","","","1"
"2015-11","Ontario","2016A000235","Shelter","2002=100","17","units","0","v41691952","14.79","135.3","","","","1"
"2015-12","Ontario","2016A000235","Shelter","2002=100","17","units","0","v41691952","14.79","135.5","","","","1"
"2016-01","Ontario","2016A000235","Shelter","2002=100","17","units","0","v41691952","14.79","136.1","","","","1"
"2016-02","Ontario","2016A000235","Shelter","2002=100","17","units","0","v41691952","14.79","136.2","","","","1"
"2016-03","Ontario","2016A000235","Shelter","2002=100","17","units","0","v41691952","14.79","136.5","","","","1"
"2016-04","Ontario","2016A000235","Shelter","2002=100","17","units","0","v41691952","14.79","136.9","","","","1"
"2016-05","Ontario","2016A000235","Shelter","2002=100","17","units","0","v41691952","14.79","137.5","","","","1"
"2016-06","Ontario","2016A000235","Shelter","2002=100","17","units","0","v41691952","14.79","138.0","","","","1"
"2016-07","Ontario","2016A000235","Shelter","2002=100","17","units","0","v41691952","14.79","138.5","","","","1"
"2016-08","Ontario","2016A000235","Shelter","2002=100","17","units","0","v41691952","14.79","138.7","","","","1"
"2016-09","Ontario","2016A000235","Shelter","2002=100","17","units","0","v41691952","14.79","138.9","","","","1"
"2016-10","Ontario","2016A000235","Shelter","2002=100","17","units","0","v41691952","14.79","139.5","","","","1"
"2016-11","Ontario","2016A000235","Shelter","2002=100","17","units","0","v41691952","14.79","139.9","","","","1"
"2016-12","Ontario","2016A000235","Shelter","2002=100","17","units","0","v41691952","14.79","140.1","","","","1"
"2017-01","Ontario","2016A000235","Shelter","2002=100","17","units","0","v41691952","14.79","140.2","","","","1"
"2017-02","Ontario","2016A000235","Shelter","2002=100","17","units","0","v41691952","14.79","140.2","","","","1"
"2017-03","Ontario","2016A000235","Shelter","2002=100","17","units","0","v41691952","14.79","140.5","","","","1"
"2017-04","Ontario","2016A000235","Shelter","2002=100","17","units","0","v41691952","14.79","140.7","","","","1"
"2017-05","Ontario","2016A000235","Shelter","2002=100","17","units","0","v41691952","14.79","140.3","","","","1"
"2017-06","Ontario","2016A000235","Shelter","2002=100","17","units","0","v41691952","14.79","140.6","","","","1"
"2017-07","Ontario","2016A000235","Shelter","2002=100","17","units","0","v41691952","14.79","139.8","","","","1"
"2017-08","Ontario","2016A000235","Shelter","2002=100","17","units","0","v41691952","14.79","140.0","","","","1"
"2017-09","Ontario","2016A000235","Shelter","2002=100","17","units","0","v41691952","14.79","140.1","","","","1"
"2017-10","Ontario","2016A000235","Shelter","2002=100","17","units","0","v41691952","14.79","140.5","","","","1"
"2017-11","Ontario","2016A000235","Shelter","2002=100","17","units","0","v41691952","14.79","140.8","","","","1"
"2017-12","Ontario","2016A000235","Shelter","2002=100","17","units","0","v41691952","14.79","141.1","","","","1"
"2018-01","Ontario","2016A000235","Shelter","2002=100","17","units","0","v41691952","14.79","141.7","","","","1"
"2018-02","Ontario","2016A000235","Shelter","2002=100","17","units","0","v41691952","14.79","141.9","","","","1"
"2018-03","Ontario","2016A000235","Shelter","2002=100","17","units","0","v41691952","14.79","141.9","","","","1"
"2018-04","Ontario","2016A000235","Shelter","2002=100","17","units","0","v41691952","14.79","141.9","","","","1"
"2018-05","Ontario","2016A000235","Shelter","2002=100","17","units","0","v41691952","14.79","142.1","","","","1"
"2018-06","Ontario","2016A000235","Shelter","2002=100","17","units","0","v41691952","14.79","142.4","","","","1"
"2018-07","Ontario","2016A000235","Shelter","2002=100","17","units","0","v41691952","14.79","142.6","","","","1"
"2018-08","Ontario","2016A000235","Shelter","2002=100","17","units","0","v41691952","14.79","142.9","","","","1"
"2018-09","Ontario","2016A000235","Shelter","2002=100","17","units","0","v41691952","14.79","143.2","","","","1"
"2018-10","Ontario","2016A000235","Shelter","2002=100","17","units","0","v41691952","14.79","143.7","","","","1"
"2018-11","Ontario","2016A000235","Shelter","2002=100","17","units","0","v41691952","14.79","143.9","","","","1"
"2018-12","Ontario","2016A000235","Shelter","2002=100","17","units","0","v41691952","14.79","144.1","","","","1"
"2019-01","Ontario","2016A000235","Shelter","2002=100","17","units","0","v41691952","14.79","145.0","","","","1"
"2019-02","Ontario","2016A000235","Shelter","2002=100","17","units","0","v41691952","14.79","145.5","","","","1"
"2019-03","Ontario","2016A000235","Shelter","2002=100","17","units","0","v41691952","14.79","145.8","","","","1"
"2019-04","Ontario","2016A000235","Shelter","2002=100","17","units","0","v41691952","14.79","146.5","","","","1"
"2019-05","Ontario","2016A000235","Shelter","2002=100","17","units","0","v41691952","14.79","146.6","","","","1"
"2019-06","Ontario","2016A000235","Shelter","2002=100","17","units","0","v41691952","14.79","146.8","","","","1"
"2019-07","Ontario","2016A000235","Shelter","2002=100","17","units","0","v41691952","14.79","147.3","","","","1"
"2019-08","Ontario","2016A000235","Shelter","2002=100","17","units","0","v41691952","14.79","147.4","","","","1"
"2019-09","Ontario","2016A000235","Shelter","2002=100","17","units","0","v41691952","14.79","147.3","","","","1"
"2019-10","Ontario","2016A000235","Shelter","2002=100","17","units","0","v41691952","14.79","148.3","","","","1"
"2019-11","Ontario","2016A000235","Shelter","2002=100","17","units","0","v41691952","14.79","148.6","","","","1"
"2019-12","Ontario","2016A000235","Shelter","2002=100","17","units","0","v41691952","14.79","148.9","","","","1"
"2020-01","Ontario","2016A000235","Shelter","2002=100","17","units","0","v41691952","14.79","149.0","","","","1"
"2020-02","Ontario","2016A000235","Shelter","2002=100","17","units","0","v41691952","14.79","149.3","","","","1"
"2020-03","Ontario","2016A000235","Shelter","2002=100","17","units","0","v41691952","14.79","149.3","","","","1"
"2020-04","Ontario","2016A000235","Shelter","2002=100","17","units","0","v41691952","14.79","148.4","","","","1"
"2020-05","Ontario","2016A000235","Shelter","2002=100","17","units","0","v41691952","14.79","148.0","","","","1"
"2020-06","Ontario","2016A000235","Shelter","2002=100","17","units","0","v41691952","14.79","149.7","","","","1"
"2020-07","Ontario","2016A000235","Shelter","2002=100","17","units","0","v41691952","14.79","149.5","","","","1"
"2020-08","Ontario","2016A000235","Shelter","2002=100","17","units","0","v41691952","14.79","150.2","","","","1"
"2020-09","Ontario","2016A000235","Shelter","2002=100","17","units","0","v41691952","14.79","150.5","","","","1"
"2020-10","Ontario","2016A000235","Shelter","2002=100","17","units","0","v41691952","14.79","152.2","","","","1"
"2020-11","Ontario","2016A000235","Shelter","2002=100","17","units","0","v41691952","14.79","152.4","","","","1"
"2020-12","Ontario","2016A000235","Shelter","2002=100","17","units","0","v41691952","14.79","152.3","","","","1"
"2021-01","Ontario","2016A000235","Shelter","2002=100","17","units","0","v41691952","14.79","151.1","","","","1"
"2021-02","Ontario","2016A000235","Shelter","2002=100","17","units","0","v41691952","14.79","151.9","","","","1"
"2021-03","Ontario","2016A000235","Shelter","2002=100","17","units","0","v41691952","14.79","153.5","","","","1"
"2021-04","Ontario","2016A000235","Shelter","2002=100","17","units","0","v41691952","14.79","154.6","","","","1"
"2021-05","Ontario","2016A000235","Shelter","2002=100","17","units","0","v41691952","14.79","155.7","","","","1"
"2021-06","Ontario","2016A000235","Shelter","2002=100","17","units","0","v41691952","14.79","156.9","","","","1"
"2021-07","Ontario","2016A000235","Shelter","2002=100","17","units","0","v41691952","14.79","157.2","","","","1"
"2021-08","Ontario","2016A000235","Shelter","2002=100","17","units","0","v41691952","14.79","157.4","","","","1"
"2021-09","Ontario","2016A000235","Shelter","2002=100","17","units","0","v41691952","14.79","158.4","","","","1"
"2021-10","Ontario","2016A000235","Shelter","2002=100","17","units","0","v41691952","14.79","159.8","","","","1"
"2021-11","Ontario","2016A000235","Shelter","2002=100","17","units","0","v41691952","14.79","160.5","","","","1"
"2021-12","Ontario","2016A000235","Shelter","2002=100","17","units","0","v41691952","14.79","161.5","","","","1"
"2022-01","Ontario","2016A000235","Shelter","2002=100","17","units","0","v41691952","14.79","161.8","","","","1"
"2022-02","Ontario","2016A000235","Shelter","2002=100","17","units","0","v41691952","14.79","162.8","","","","1"
"2022-03","Ontario","2016A000235","Shelter","2002=100","17","units","0","v41691952","14.79","164.8","","","","1"
"2022-04","Ontario","2016A000235","Shelter","2002=100","17","units","0","v41691952","14.79","166.4","","","","1"
"2022-05","Ontario","2016A000235","Shelter","2002=100","17","units","0","v41691952","14.79","167.2","","","","1"
"2022-06","Ontario","2016A000235","Shelter","2002=100","17","units","0","v41691952","14.79","167.4","","","","1"
"2022-07","Ontario","2016A000235","Shelter","2002=100","17","units","0","v41691952","14.79","168.8","","","","1"
"2022-08","Ontario","2016A000235","Shelter","2002=100","17","units","0","v41691952","14.79","168.6","","","","1"
"2022-09","Ontario","2016A000235","Shelter","2002=100","17","units","0","v41691952","14.79","169.4","","","","1"
"2022-10","Ontario","2016A000235","Shelter","2002=100","17","units","0","v41691952","14.79","170.7","","","","1"
"2022-11","Ontario","2016A000235","Shelter","2002=100","17","units","0","v41691952","14.79","171.6","","","","1"
"2022-12","Ontario","2016A000235","Shelter","2002=100","17","units","0","v41691952","14.79","172.0","","","","1"
"2023-01","Ontario","2016A000235","Shelter","2002=100","17","units","0","v41691952","14.79","172.8","","","","1"
"2023-02","Ontario","2016A000235","Shelter","2002=100","17","units","0","v41691952","14.79","173.1","","","","1"
"2023-03","Ontario","2016A000235","Shelter","2002=100","17","units","0","v41691952","14.79","173.8","","","","1"
"2023-04","Ontario","2016A000235","Shelter","2002=100","17","units","0","v41691952","14.79","174.0","","","","1"
"2023-05","Ontario","2016A000235","Shelter","2002=100","17","units","0","v41691952","14.79","174.6","","","","1"
"2023-06","Ontario","2016A000235","Shelter","2002=100","17","units","0","v41691952","14.79","175.4","","","","1"
"2023-07","Ontario","2016A000235","Shelter","2002=100","17","units","0","v41691952","14.79","176.3","","","","1"
"2023-08","Ontario","2016A000235","Shelter","2002=100","17","units","0","v41691952","14.79","177.2","","","","1"
"2023-09","Ontario","2016A000235","Shelter","2002=100","17","units","0","v41691952","14.79","177.7","","","","1"
"2023-10","Ontario","2016A000235","Shelter","2002=100","17","units","0","v41691952","14.79","179.8","","","","1"
"2023-11","Ontario","2016A000235","Shelter","2002=100","17","units","0","v41691952","14.79","180.2","","","","1"
"2023-12","Ontario","2016A000235","Shelter","2002=100","17","units","0","v41691952","14.79","181.3","","","","1"
"2024-01","Ontario","2016A000235","Shelter","2002=100","17","units","0","v41691952","14.79","181.8","","","","1"
"2024-02","Ontario","2016A000235","Shelter","2002=100","17","units","0","v41691952","14.79","182.5","","","","1"
"2024-03","Ontario","2016A000235","Shelter","2002=100","17","units","0","v41691952","14.79","183.4","","","","1"
"2024-04","Ontario","2016A000235","Shelter","2002=100","17","units","0","v41691952","14.79","183.7","","","","1"
"2024-05","Ontario","2016A000235","Shelter","2002=100","17","units","0","v41691952","14.79","185.2","","","","1"
"2024-06","Ontario","2016A000235","Shelter","2002=100","17","units","0","v41691952","14.79","185.5","","","","1"
"2024-07","Ontario","2016A000235","Shelter","2002=100","17","units","0","v41691952","14.79","185.9","","","","1"
"2024-08","Ontario","2016A000235","Shelter","2002=100","17","units","0","v41691952","14.79","186.4","","","","1"
"2024-09","Ontario","2016A000235","Shelter","2002=100","17","units","0","v41691952","14.79","186.6","","","","1"
"2024-10","Ontario","2016A000235","Shelter","2002=100","17","units","0","v41691952","14.79","187.7","","","","1"
"2024-11","Ontario","2016A000235","Shelter","2002=100","17","units","0","v41691952","14.79","188.1","","","","1"
"2024-12","Ontario","2016A000235","Shelter","2002=100","17","units","0","v41691952","14.79","188.8","","","","1"
"2025-01","Ontario","2016A000235","Shelter","2002=100","17","units","0","v41691952","14.79","189.4","","","","1"
"2025-02","Ontario","2016A000235","Shelter","2002=100","17","units","0","v41691952","14.79","189.8","","","","1"
"2025-03","Ontario","2016A000235","Shelter","2002=100","17","units","0","v41691952","14.79","189.7","","","","1"
"2025-04","Ontario","2016A000235","Shelter","2002=100","17","units","0","v41691952","14.79","189.3","","","","1"
"2025-05","Ontario","2016A000235","Shelter","2002=100","17","units","0","v41691952","14.79","189.1","","","","1"
"2025-06","Ontario","2016A000235","Shelter","2002=100","17","units","0","v41691952","14.79","189.3","","","","1"
"2025-07","Ontario","2016A000235","Shelter","2002=100","17","units","0","v41691952","14.79","189.9","","","","1"
"2025-08","Ontario","2016A000235","Shelter","2002=100","17","units","0","v41691952","14.79","189.6","","","","1"
"2025-09","Ontario","2016A000235","Shelter","2002=100","17","units","0","v41691952","14.79","189.5","","","","1"
"2025-10","Ontario","2016A000235","Shelter","2002=100","17","units","0","v41691952","14.79","189.9","","","","1"
"2025-11","Ontario","2016A000235","Shelter","2002=100","17","units","0","v41691952","14.79","190.2","","","","1"
"2025-12","Ontario","2016A000235","Shelter","2002=100","17","units","0","v41691952","14.79","190.0","","","","1"
"2026-01","Ontario","2016A000235","Shelter","2002=100","17","units","0","v41691952","14.79","189.6","","","","1"
"2026-02","Ontario","2016A000235","Shelter","2002=100","17","units","0","v41691952","14.79","189.3","","","","1"
"2026-03","Ontario","2016A000235","Shelter","2002=100","17","units","0","v41691952","14.79","189.9","","","","1"
"2026-04","Ontario","2016A000235","Shelter","2002=100","17","units","0","v41691952","14.79","189.6","","","","1"
"2026-05","Ontario","2016A000235","Shelter","2002=100","17","units","0","v41691952","14.79","189.4","","","","1"
"2026-06","Ontario","2016A000235","Shelter","2002=100","17","units","0","v41691952","14.79","189.6","","","","1"
"2015-01","Ontario","2016A000235","Household operations, furnishings and equipment","2002=100","17","units","0","v41691965","14.96","119.8","","","","1"
"2015-02","Ontario","2016A000235","Household operations, furnishings and equipment","2002=100","17","units","0","v41691965","14.96","120.7","","","","1"
"2015-03","Ontario","2016A000235","Household operations, furnishings and equipment","2002=100","17","units","0","v41691965","14.96","121.0","","","","1"
"2015-04","Ontario","2016A000235","Household operations, furnishings and equipment","2002=100","17","units","0","v41691965","14.96","121.6","","","","1"
"2015-05","Ontario","2016A000235","Household operations, furnishings and equipment","2002=100","17","units","0","v41691965","14.96","121.7","","","","1"
"2015-06","Ontario","2016A000235","Household operations, furnishings and equipment","2002=100","17","units","0","v41691965","14.96","122.0","","","","1"
"2015-07","Ontario","2016A000235","Household operations, furnishings and equipment","2002=100","17","units","0","v41691965","14.96","121.9","","","","1"
"2015-08","Ontario","2016A000235","Household operations, furnishings and equipment","2002=100","17","units","0","v41691965","14.96","122.2","","","","1"
"2015-09","Ontario","2016A000235","Household operations, furnishings and equipment","2002=100","17","units","0","v41691965","14.96","122.4","","","","1"
"2015-10","Ontario","2016A000235","Household operations, furnishings and equipment","2002=100","17","units","0","v41691965","14.96","122.3","","","","1"
"2015-11","Ontario","2016A000235","Household operations, furnishings and equipment","2002=100","17","units","0","v41691965","14.96","121.7","","","","1"
"2015-12","Ontario","2016A000235","Household operations, furnishings and equipment","2002=100","17","units","0","v41691965","14.96","121.1","","","","1"
"2016-01","Ontario","2016A000235","Household operations, furnishings and equipment","2002=100","17","units","0","v41691965","14.96","121.4","","","","1"
"2016-02","Ontario","2016A000235","Household operations, furnishings and equipment","2002=100","17","units","0","v41691965","14.96","122.3","","","","1"
"2016-03","Ontario","2016A000235","Household operations, furnishings and equipment","2002=100","17","units","0","v41691965","14.96","122.6","","","","1"
"2016-04","Ontario","2016A000235","Household operations, furnishings and equipment","2002=100","17","units","0","v41691965","14.96","123.1","","","","1"
"2016-05","Ontario","2016A000235","Household operations, furnishings and equipment","2002=100","17","units","0","v41691965","14.96","123.7","","","","1"
"2016-06","Ontario","2016A000235","Household operations, furnishings and equipment","2002=100","17","units","0","v41691965","14.96","124.1","","","","1"
"2016-07","Ontario","2016A000235","Household operations, furnishings and equipment","2002=100","17","units","0","v41691965","14.96","124.3","","","","1"
"2016-08","Ontario","2016A000235","Household operations, furnishings and equipment","2002=100","17","units","0","v41691965","14.96","123.4","","","","1"
"2016-09","Ontario","2016A000235","Household operations, furnishings and equipment","2002=100","17","units","0","v41691965","14.96","123.7","","","","1"
"2016-10","Ontario","2016A000235","Household operations, furnishings and equipment","2002=100","17","units","0","v41691965","14.96","124.1","","","","1"
"2016-11","Ontario","2016A000235","Household operations, furnishings and equipment","2002=100","17","units","0","v41691965","14.96","123.7","","","","1"
"2016-12","Ontario","2016A000235","Household operations, furnishings and equipment","2002=100","17","units","0","v41691965","14.96","123.5","","","","1"
"2017-01","Ontario","2016A000235","Household operations, furnishings and equipment","2002=100","17","units","0","v41691965","14.96","123.6","","","","1"
"2017-02","Ontario","2016A000235","Household operations, furnishings and equipment","2002=100","17","units","0","v41691965","14.96","124.4","","","","1"
"2017-03","Ontario","2016A000235","Household operations, furnishings and equipment","2002=100","17","units","0","v41691965","14.96","124.2","","","","1"
"2017-04","Ontario","2016A000235","Household operations, furnishings and equipment","2002=100","17","units","0","v41691965","14.96","124.8","","","","1"
"2017-05","Ontario","2016A000235","Household operations, furnishings and equipment","2002=100","17","units","0","v41691965","14.96","124.4","","","","1"
"2017-06","Ontario","2016A000235","Household operations, furnishings and equipment","2002=100","17","units","0","v41691965","14.96","124.8","","","","1"
"2017-07","Ontario","2016A000235","Household operations, furnishings and equipment","2002=100","17","units","0","v41691965","14.96","124.2","","","","1"
"2017-08","Ontario","2016A000235","Household operations, furnishings and equipment","2002=100","17","units","0","v41691965","14.96","123.5","","","","1"
"2017-09","Ontario","2016A000235","Household operations, furnishings and equipment","2002=100","17","units","0","v41691965","14.96","123.2","","","","1"
"2017-10","Ontario","2016A000235","Household operations, furnishings and equipment","2002=100","17","units","0","v41691965","14.96","124.1","","","","1"
"2017-11","Ontario","2016A000235","Household operations, furnishings and equipment","2002=100","17","units","0","v41691965","14.96","124.8","","","","1"
"2017-12","Ontario","2016A000235","Household operations, furnishings and equipment","2002=100","17","units","0","v41691965","14.96","122.3","","","","1"
"2018-01","Ontario","2016A000235","Household operations, furnishings and equipment","2002=100","17","units","0","v41691965","14.96","124.9","","","","1"
"2018-02","Ontario","2016A000235","Household operations, furnishings and equipment","2002=100","17","units","0","v41691965","14.96","126.4","","","","1"
"2018-03","Ontario","2016A000235","Household operations, furnishings and equipment","2002=100","17","units","0","v41691965","14.96","125.7","","","","1"
"2018-04","Ontario","2016A000235","Household operations, furnishings and equipment","2002=100","17","units","0","v41691965","14.96","126.2","","","","1"
"2018-05","Ontario","2016A000235","Household operations, furnishings and equipment","2002=100","17","units","0","v41691965","14.96","125.2","","","","1"
"2018-06","Ontario","2016A000235","Household operations, furnishings and equipment","2002=100","17","units","0","v41691965","14.96","125.2","","","","1"
"2018-07","Ontario","2016A000235","Household operations, furnishings and equipment","2002=100","17","units","0","v41691965","14.96","125.9","","","","1"
"2018-08","Ontario","2016A000235","Household operations, furnishings and equipment","2002=100","17","units","0","v41691965","14.96","125.7","","","","1"
"2018-09","Ontario","2016A000235","Household operations, furnishings and equipment","2002=100","17","units","0","v41691965","14.96","125.5","","","","1"
"2018-10","Ontario","2016A000235","Household operations, furnishings and equipment","2002=100","17","units","0","v41691965","14.96","126.6","","","","1"
"2018-11","Ontario","2016A000235","Household operations, furnishings and equipment","2002=100","17","units","0","v41691965","14.96","126.3","","","","1"
"2018-12","Ontario","2016A000235","Household operations, furnishings and equipment","2002=100","17","units","0","v41691965","14.96","125.9","","","","1"
"2019-01","Ontario","2016A000235","Household operations, furnishings and equipment","2002=100","17","units","0","v41691965","14.96","125.8","","","","1"
"2019-02","Ontario","2016A000235","Household operations, furnishings and equipment","2002=100","17","units","0","v41691965","14.96","125.3","","","","1"
"2019-03","Ontario","2016A000235","Household operations, furnishings and equipment","2002=100","17","units","0","v41691965","14.96","124.9","","","","1"
"2019-04","Ontario","2016A000235","Household operations, furnishings and equipment","2002=100","17","units","0","v41691965","14.96","125.3","","","","1"
"2019-05","Ontario","2016A000235","Household operations, furnishings and equipment","2002=100","17","units","0","v41691965","14.96","125.3","","","","1"
"2019-06","Ontario","2016A000235","Household operations, furnishings and equipment","2002=100","17","units","0","v41691965","14.96","125.7","","","","1"
"2019-07","Ontario","2016A000235","Household operations, furnishings and equipment","2002=100","17","units","0","v41691965","14.96","124.9","","","","1"
"2019-08","Ontario","2016A000235","Household operations, furnishings and equipment","2002=100","17","units","0","v41691965","14.96","125.1","","","","1"
"2019-09","Ontario","2016A000235","Household operations, furnishings and equipment","2002=100","17","units","0","v41691965","14.96","125.3","","","","1"
"2019-10","Ontario","2016A000235","Household operations, furnishings and equipment","2002=100","17","units","0","v41691965","14.96","125.3","","","","1"
"2019-11","Ontario","2016A000235","Household operations, furnishings and equipment","2002=100","17","units","0","v41691965","14.96","125.5","","","","1"
"2019-12","Ontario","2016A000235","Household operations, furnishings and equipment","2002=100","17","units","0","v41691965","14.96","124.7","","","","1"
"2020-01","Ontario","2016A000235","Household operations, furnishings and equipment","2002=100","17","units","0","v41691965","14.96","124.3","","","","1"
"2020-02","Ontario","2016A000235","Household operations, furnishings and equipment","2002=100","17","units","0","v41691965","14.96","125.0","","","","1"
"2020-03","Ontario","2016A000235","Household operations, furnishings and equipment","2002=100","17","units","0","v41691965","14.96","125.3","","","","1"
"2020-04","Ontario","2016A000235","Household operations, furnishings and equipment","2002=100","17","units","0","v41691965","14.96","126.0","","","","1"
"2020-05","Ontario","2016A000235","Household operations, furnishings and equipment","2002=100","17","units","0","v41691965","14.96","125.6","","","","1"
"2020-06","Ontario","2016A000235","Household operations, furnishings and equipment","2002=100","17","units","0","v41691965","14.96","125.4","","","","1"
"2020-07","Ontario","2016A000235","Household operations, furnishings and equipment","2002=100","17","units","0","v41691965","14.96","125.9","","","","1"
"2020-08","Ontario","2016A000235","Household operations, furnishings and equipment","2002=100","17","units","0","v41691965","14.96","125.4","","","","1"
"2020-09","Ontario","2016A000235","Household operations, furnishings and equipment","2002=100","17","units","0","v41691965","14.96","125.3","","","","1"
"2020-10","Ontario","2016A000235","Household operations, furnishings and equipment","2002=100","17","units","0","v41691965","14.96","125.6","","","","1"
"2020-11","Ontario","2016A000235","Household operations, furnishings and equipment","2002=100","17","units","0","v41691965","14.96","125.8","","","","1"
"2020-12","Ontario","2016A000235","Household operations, furnishings and equipment","2002=100","17","units","0","v41691965","14.96","125.4","","","","1"
"2021-01","Ontario","2016A000235","Household operations, furnishings and equipment","2002=100","17","units","0","v41691965","14.96","126.6","","","","1"
"2021-02","Ontario","2016A000235","Household operations, furnishings and equipment","2002=100","17","units","0","v41691965","14.96","126.5","","","","1"
"2021-03","Ontario","2016A000235","Household operations, furnishings and equipment","2002=100","17","units","0","v41691965","14.96","125.8","","","","1"
"2021-04","Ontario","2016A000235","Household operations, furnishings and equipment","2002=100","17","units","0","v41691965","14.96","126.8","","","","1"
"2021-05","Ontario","2016A000235","Household operations, furnishings and equipment","2002=100","17","units","0","v41691965","14.96","127.0","","","","1"
"2021-06","Ontario","2016A000235","Household operations, furnishings and equipment","2002=100","17","units","0","v41691965","14.96","126.9","","","","1"
"2021-07","Ontario","2016A000235","Household operations, furnishings and equipment","2002=100","17","units","0","v41691965","14.96","128.1","","","","1"
"2021-08","Ontario","2016A000235","Household operations, furnishings and equipment","2002=100","17","units","0","v41691965","14.96","128.4","","","","1"
"2021-09","Ontario","2016A000235","Household operations, furnishings and equipment","2002=100","17","units","0","v41691965","14.96","128.1","","","","1"
"2021-10","Ontario","2016A000235","Household operations, furnishings and equipment","2002=100","17","units","0","v41691965","14.96","129.1","","","","1"
"2021-11","Ontario","2016A000235","Household operations, furnishings and equipment","2002=100","17","units","0","v41691965","14.96","129.1","","","","1"
"2021-12","Ontario","2016A000235","Household operations, furnishings and equipment","2002=100","17","units","0","v41691965","14.96","129.0","","","","1"
"2022-01","Ontario","2016A000235","Household operations, furnishings and equipment","2002=100","17","units","0","v41691965","14.96","130.1","","","","1"
"2022-02","Ontario","2016A000235","Household operations, furnishings and equipment","2002=100","17","units","0","v41691965","14.96","130.6","","","","1"
"2022-03","Ontario","2016A000235","Household operations, furnishings and equipment","2002=100","17","units","0","v41691965","14.96","131.8","","","","1"
"2022-04","Ontario","2016A000235","Household operations, furnishings and equipment","2002=100","17","units","0","v41691965","14.96","132.4","","","","1"
"2022-05","Ontario","2016A000235","Household operations, furnishings and equipment","2002=100","17","units","0","v41691965","14.96","134.4","","","","1"
"2022-06","Ontario","2016A000235","Household operations, furnishings and equipment","2002=100","17","units","0","v41691965","14.96","134.8","","","","1"
"2022-07","Ontario","2016A000235","Household operations, furnishings and equipment","2002=100","17","units","0","v41691965","14.96","135.1","","","","1"
"2022-08","Ontario","2016A000235","Household operations, furnishings and equipment","2002=100","17","units","0","v41691965","14.96","135.0","","","","1"
"2022-09","Ontario","2016A000235","Household operations, furnishings and equipment","2002=100","17","units","0","v41691965","14.96","135.5","","","","1"
"2022-10","Ontario","2016A000235","Household operations, furnishings and equipment","2002=100","17","units","0","v41691965","14.96","136.0","","","","1"
"2022-11","Ontario","2016A000235","Household operations, furnishings and equipment","2002=100","17","units","0","v41691965","14.96","135.8","","","","1"
"2022-12","Ontario","2016A000235","Household operations, furnishings and equipment","2002=100","17","units","0","v41691965","14.96","135.5","","","","1"
"2023-01","Ontario","2016A000235","Household operations, furnishings and equipment","2002=100","17","units","0","v41691965","14.96","134.7","","","","1"
"2023-02","Ontario","2016A000235","Household operations, furnishings and equipment","2002=100","17","units","0","v41691965","14.96","136.2","","","","1"
"2023-03","Ontario","2016A000235","Household operations, furnishings and equipment","2002=100","17","units","0","v41691965","14.96","136.6","","","","1"
"2023-04","Ontario","2016A000235","Household operations, furnishings and equipment","2002=100","17","units","0","v41691965","14.96","137.1","","","","1"
"2023-05","Ontario","2016A000235","Household operations, furnishings and equipment","2002=100","17","units","0","v41691965","14.96","136.8","","","","1"
"2023-06","Ontario","2016A000235","Household operations, furnishings and equipment","2002=100","17","units","0","v41691965","14.96","135.4","","","","1"
"2023-07","Ontario","2016A000235","Household operations, furnishings and equipment","2002=100","17","units","0","v41691965","14.96","135.2","","","","1"
"2023-08","Ontario","2016A000235","Household operations, furnishings and equipment","2002=100","17","units","0","v41691965","14.96","135.5","","","","1"
"2023-09","Ontario","2016A000235","Household operations, furnishings and equipment","2002=100","17","units","0","v41691965","14.96","134.8","","","","1"
"2023-10","Ontario","2016A000235","Household operations, furnishings and equipment","2002=100","17","units","0","v41691965","14.96","135.2","","","","1"
"2023-11","Ontario","2016A000235","Household operations, furnishings and equipment","2002=100","17","units","0","v41691965","14.96","134.8","","","","1"
"2023-12","Ontario","2016A000235","Household operations, furnishings and equipment","2002=100","17","units","0","v41691965","14.96","133.9","","","","1"
"2024-01","Ontario","2016A000235","Household operations, furnishings and equipment","2002=100","17","units","0","v41691965","14.96","134.2","","","","1"
"2024-02","Ontario","2016A000235","Household operations, furnishings and equipment","2002=100","17","units","0","v41691965","14.96","132.9","","","","1"
"2024-03","Ontario","2016A000235","Household operations, furnishings and equipment","2002=100","17","units","0","v41691965","14.96","132.7","","","","1"
"2024-04","Ontario","2016A000235","Household operations, furnishings and equipment","2002=100","17","units","0","v41691965","14.96","134.4","","","","1"
"2024-05","Ontario","2016A000235","Household operations, furnishings and equipment","2002=100","17","units","0","v41691965","14.96","134.7","","","","1"
"2024-06","Ontario","2016A000235","Household operations, furnishings and equipment","2002=100","17","units","0","v41691965","14.96","134.9","","","","1"
"2024-07","Ontario","2016A000235","Household operations, furnishings and equipment","2002=100","17","units","0","v41691965","14.96","135.6","","","","1"
"2024-08","Ontario","2016A000235","Household operations, furnishings and equipment","2002=100","17","units","0","v41691965","14.96","134.6","","","","1"
"2024-09","Ontario","2016A000235","Household operations, furnishings and equipment","2002=100","17","units","0","v41691965","14.96","134.4","","","","1"
"2024-10","Ontario","2016A000235","Household operations, furnishings and equipment","2002=100","17","units","0","v41691965","14.96","133.9","","","","1"
"2024-11","Ontario","2016A000235","Household operations, furnishings and equipment","2002=100","17","units","0","v41691965","14.96","132.8","","","","1"
"2024-12","Ontario","2016A000235","Household operations, furnishings and equipment","2002=100","17","units","0","v41691965","14.96","131.6","","","","1"
"2025-01","Ontario","2016A000235","Household operations, furnishings and equipment","2002=100","17","units","0","v41691965","14.96","134.1","","","","1"
"2025-02","Ontario","2016A000235","Household operations, furnishings and equipment","2002=100","17","units","0","v41691965","14.96","135.4","","","","1"
"2025-03","Ontario","2016A000235","Household operations, furnishings and equipment","2002=100","17","units","0","v41691965","14.96","134.2","","","","1"
"2025-04","Ontario","2016A000235","Household operations, furnishings and equipment","2002=100","17","units","0","v41691965","14.96","135.8","","","","1"
"2025-05","Ontario","2016A000235","Household operations, furnishings and equipment","2002=100","17","units","0","v41691965","14.96","136.8","","","","1"
"2025-06","Ontario","2016A000235","Household operations, furnishings and equipment","2002=100","17","units","0","v41691965","14.96","137.5","","","","1"
"2025-07","Ontario","2016A000235","Household operations, furnishings and equipment","2002=100","17","units","0","v41691965","14.96","137.5","","","","1"
"2025-08","Ontario","2016A000235","Household operations, furnishings and equipment","2002=100","17","units","0","v41691965","14.96","137.9","","","","1"
"2025-09","Ontario","2016A000235","Household operations, furnishings and equipment","2002=100","17","units","0","v41691965","14.96","138.4","","","","1"
"2025-10","Ontario","2016A000235","Household operations, furnishings and equipment","2002=100","17","units","0","v41691965","14.96","138.7","","","","1"
"2025-11","Ontario","2016A000235","Household operations, furnishings and equipment","2002=100","17","units","0","v41691965","14.96","138.7","","","","1"
"2025-12","Ontario","2016A000235","Household operations, furnishings and equipment","2002=100","17","units","0","v41691965","14.96","136.3","","","","1"
"2026-01","Ontario","2016A000235","Household operations, furnishings and equipment","2002=100","17","units","0","v41691965","14.96","136.7","","","","1"
"2026-02","Ontario","2016A000235","Household operations, furnishings and equipment","2002=100","17","units","0","v41691965","14.96","136.1","","","","1"
"2026-03","Ontario","2016A000235","Household operations, furnishings and equipment","2002=100","17","units","0","v41691965","14.96","134.5","","","","1"
"2026-04","Ontario","2016A000235","Household operations, furnishings and equipment","2002=100","17","units","0","v41691965","14.96","135.9","","","","1"
"2026-05","Ontario","2016A000235","Household operations, furnishings and equipment","2002=100","17","units","0","v41691965","14.96","136.0","","","","1"
"2026-06","Ontario","2016A000235","Household operations, furnishings and equipment","2002=100","17","units","0","v41691965","14.96","135.5","","","","1"
"2015-01","Ontario","2016A000235","Clothing and footwear","2002=100","17","units","0","v41691980","14.139","89.3","","","","1"
"2015-02","Ontario","2016A000235","Clothing and footwear","2002=100","17","units","0","v41691980","14.139","91.0","","","","1"
"2015-03","Ontario","2016A000235","Clothing and footwear","2002=100","17","units","0","v41691980","14.139","93.7","","","","1"
"2015-04","Ontario","2016A000235","Clothing and footwear","2002=100","17","units","0","v41691980","14.139","93.4","","","","1"
"2015-05","Ontario","2016A000235","Clothing and footwear","2002=100","17","units","0","v41691980","14.139","92.3","","","","1"
"2015-06","Ontario","2016A000235","Clothing and footwear","2002=100","17","units","0","v41691980","14.139","91.5","","","","1"
"2015-07","Ontario","2016A000235","Clothing and footwear","2002=100","17","units","0","v41691980","14.139","91.7","","","","1"
"2015-08","Ontario","2016A000235","Clothing and footwear","2002=100","17","units","0","v41691980","14.139","91.4","","","","1"
"2015-09","Ontario","2016A000235","Clothing and footwear","2002=100","17","units","0","v41691980","14.139","93.6","","","","1"
"2015-10","Ontario","2016A000235","Clothing and footwear","2002=100","17","units","0","v41691980","14.139","94.9","","","","1"
"2015-11","Ontario","2016A000235","Clothing and footwear","2002=100","17","units","0","v41691980","14.139","94.2","","","","1"
"2015-12","Ontario","2016A000235","Clothing and footwear","2002=100","17","units","0","v41691980","14.139","89.8","","","","1"
"2016-01","Ontario","2016A000235","Clothing and footwear","2002=100","17","units","0","v41691980","14.139","88.1","","","","1"
"2016-02","Ontario","2016A000235","Clothing and footwear","2002=100","17","units","0","v41691980","14.139","88.7","","","","1"
"2016-03","Ontario","2016A000235","Clothing and footwear","2002=100","17","units","0","v41691980","14.139","92.9","","","","1"
"2016-04","Ontario","2016A000235","Clothing and footwear","2002=100","17","units","0","v41691980","14.139","93.6","","","","1"
"2016-05","Ontario","2016A000235","Clothing and footwear","2002=100","17","units","0","v41691980","14.139","93.6","","","","1"
"2016-06","Ontario","2016A000235","Clothing and footwear","2002=100","17","units","0","v41691980","14.139","92.6","","","","1"
"2016-07","Ontario","2016A000235","Clothing and footwear","2002=100","17","units","0","v41691980","14.139","90.6","","","","1"
"2016-08","Ontario","2016A000235","Clothing and footwear","2002=100","17","units","0","v41691980","14.139","91.8","","","","1"
"2016-09","Ontario","2016A000235","Clothing and footwear","2002=100","17","units","0","v41691980","14.139","94.3","","","","1"
"2016-10","Ontario","2016A000235","Clothing and footwear","2002=100","17","units","0","v41691980","14.139","95.3","","","","1"
"2016-11","Ontario","2016A000235","Clothing and footwear","2002=100","17","units","0","v41691980","14.139","93.2","","","","1"
"2016-12","Ontario","2016A000235","Clothing and footwear","2002=100","17","units","0","v41691980","14.139","89.7","","","","1"
"2017-01","Ontario","2016A000235","Clothing and footwear","2002=100","17","units","0","v41691980","14.139","88.2","","","","1"
"2017-02","Ontario","2016A000235","Clothing and footwear","2002=100","17","units","0","v41691980","14.139","89.3","","","","1"
"2017-03","Ontario","2016A000235","Clothing and footwear","2002=100","17","units","0","v41691980","14.139","91.0","","","","1"
"2017-04","Ontario","2016A000235","Clothing and footwear","2002=100","17","units","0","v41691980","14.139","90.2","","","","1"
"2017-05","Ontario","2016A000235","Clothing and footwear","2002=100","17","units","0","v41691980","14.139","90.3","","","","1"
"2017-06","Ontario","2016A000235","Clothing and footwear","2002=100","17","units","0","v41691980","14.139","89.2","","","","1"
"2017-07","Ontario","2016A000235","Clothing and footwear","2002=100","17","units","0","v41691980","14.139","88.9","","","","1"
"2017-08","Ontario","2016A000235","Clothing and footwear","2002=100","17","units","0","v41691980","14.139","89.7","","","","1"
"2017-09","Ontario","2016A000235","Clothing and footwear","2002=100","17","units","0","v41691980","14.139","90.6","","","","1"
"2017-10","Ontario","2016A000235","Clothing and footwear","2002=100","17","units","0","v41691980","14.139","91.7","","","","1"
"2017-11","Ontario","2016A000235","Clothing and footwear","2002=100","17","units","0","v41691980","14.139","91.6","","","","1"
"2017-12","Ontario","2016A000235","Clothing and footwear","2002=100","17","units","0","v41691980","14.139","88.1","","","","1"
"2018-01","Ontario","2016A000235","Clothing and footwear","2002=100","17","units","0","v41691980","14.139","87.6","","","","1"
"2018-02","Ontario","2016A000235","Clothing and footwear","2002=100","17","units","0","v41691980","14.139","88.5","","","","1"
"2018-03","Ontario","2016A000235","Clothing and footwear","2002=100","17","units","0","v41691980","14.139","90.5","","","","1"
"2018-04","Ontario","2016A000235","Clothing and footwear","2002=100","17","units","0","v41691980","14.139","91.7","","","","1"
"2018-05","Ontario","2016A000235","Clothing and footwear","2002=100","17","units","0","v41691980","14.139","90.6","","","","1"
"2018-06","Ontario","2016A000235","Clothing and footwear","2002=100","17","units","0","v41691980","14.139","89.5","","","","1"
"2018-07","Ontario","2016A000235","Clothing and footwear","2002=100","17","units","0","v41691980","14.139","88.8","","","","1"
"2018-08","Ontario","2016A000235","Clothing and footwear","2002=100","17","units","0","v41691980","14.139","90.1","","","","1"
"2018-09","Ontario","2016A000235","Clothing and footwear","2002=100","17","units","0","v41691980","14.139","91.9","","","","1"
"2018-10","Ontario","2016A000235","Clothing and footwear","2002=100","17","units","0","v41691980","14.139","93.8","","","","1"
"2018-11","Ontario","2016A000235","Clothing and footwear","2002=100","17","units","0","v41691980","14.139","92.6","","","","1"
"2018-12","Ontario","2016A000235","Clothing and footwear","2002=100","17","units","0","v41691980","14.139","88.9","","","","1"
"2019-01","Ontario","2016A000235","Clothing and footwear","2002=100","17","units","0","v41691980","14.139","89.0","","","","1"
"2019-02","Ontario","2016A000235","Clothing and footwear","2002=100","17","units","0","v41691980","14.139","91.1","","","","1"
"2019-03","Ontario","2016A000235","Clothing and footwear","2002=100","17","units","0","v41691980","14.139","92.3","","","","1"
"2019-04","Ontario","2016A000235","Clothing and footwear","2002=100","17","units","0","v41691980","14.139","92.6","","","","1"
"2019-05","Ontario","2016A000235","Clothing and footwear","2002=100","17","units","0","v41691980","14.139","92.0","","","","1"
"2019-06","Ontario","2016A000235","Clothing and footwear","2002=100","17","units","0","v41691980","14.139","90.4","","","","1"
"2019-07","Ontario","2016A000235","Clothing and footwear","2002=100","17","units","0","v41691980","14.139","90.2","","","","1"
"2019-08","Ontario","2016A000235","Clothing and footwear","2002=100","17","units","0","v41691980","14.139","90.6","","","","1"
"2019-09","Ontario","2016A000235","Clothing and footwear","2002=100","17","units","0","v41691980","14.139","94.3","","","","1"
"2019-10","Ontario","2016A000235","Clothing and footwear","2002=100","17","units","0","v41691980","14.139","95.2","","","","1"
"2019-11","Ontario","2016A000235","Clothing and footwear","2002=100","17","units","0","v41691980","14.139","93.9","","","","1"
"2019-12","Ontario","2016A000235","Clothing and footwear","2002=100","17","units","0","v41691980","14.139","90.7","","","","1"
"2020-01","Ontario","2016A000235","Clothing and footwear","2002=100","17","units","0","v41691980","14.139","90.7","","","","1"
"2020-02","Ontario","2016A000235","Clothing and footwear","2002=100","17","units","0","v41691980","14.139","92.4","","","","1"
"2020-03","Ontario","2016A000235","Clothing and footwear","2002=100","17","units","0","v41691980","14.139","93.9","","","","1"
"2020-04","Ontario","2016A000235","Clothing and footwear","2002=100","17","units","0","v41691980","14.139","89.3","","","","1"
"2020-05","Ontario","2016A000235","Clothing and footwear","2002=100","17","units","0","v41691980","14.139","88.0","","","","1"
"2020-06","Ontario","2016A000235","Clothing and footwear","2002=100","17","units","0","v41691980","14.139","88.5","","","","1"
"2020-07","Ontario","2016A000235","Clothing and footwear","2002=100","17","units","0","v41691980","14.139","88.8","","","","1"
"2020-08","Ontario","2016A000235","Clothing and footwear","2002=100","17","units","0","v41691980","14.139","89.7","","","","1"
"2020-09","Ontario","2016A000235","Clothing and footwear","2002=100","17","units","0","v41691980","14.139","90.6","","","","1"
"2020-10","Ontario","2016A000235","Clothing and footwear","2002=100","17","units","0","v41691980","14.139","91.1","","","","1"
"2020-11","Ontario","2016A000235","Clothing and footwear","2002=100","17","units","0","v41691980","14.139","91.5","","","","1"
"2020-12","Ontario","2016A000235","Clothing and footwear","2002=100","17","units","0","v41691980","14.139","88.9","","","","1"
"2021-01","Ontario","2016A000235","Clothing and footwear","2002=100","17","units","0","v41691980","14.139","88.3","","","","1"
"2021-02","Ontario","2016A000235","Clothing and footwear","2002=100","17","units","0","v41691980","14.139","89.1","","","","1"
"2021-03","Ontario","2016A000235","Clothing and footwear","2002=100","17","units","0","v41691980","14.139","89.5","","","","1"
"2021-04","Ontario","2016A000235","Clothing and footwear","2002=100","17","units","0","v41691980","14.139","90.7","","","","1"
"2021-05","Ontario","2016A000235","Clothing and footwear","2002=100","17","units","0","v41691980","14.139","90.8","","","","1"
"2021-06","Ontario","2016A000235","Clothing and footwear","2002=100","17","units","0","v41691980","14.139","89.1","","","","1"
"2021-07","Ontario","2016A000235","Clothing and footwear","2002=100","17","units","0","v41691980","14.139","89.2","","","","1"
"2021-08","Ontario","2016A000235","Clothing and footwear","2002=100","17","units","0","v41691980","14.139","89.8","","","","1"
"2021-09","Ontario","2016A000235","Clothing and footwear","2002=100","17","units","0","v41691980","14.139","90.9","","","","1"
"2021-10","Ontario","2016A000235","Clothing and footwear","2002=100","17","units","0","v41691980","14.139","92.7","","","","1"
"2021-11","Ontario","2016A000235","Clothing and footwear","2002=100","17","units","0","v41691980","14.139","93.8","","","","1"
"2021-12","Ontario","2016A000235","Clothing and footwear","2002=100","17","units","0","v41691980","14.139","90.2","","","","1"
"2022-01","Ontario","2016A000235","Clothing and footwear","2002=100","17","units","0","v41691980","14.139","90.9","","","","1"
"2022-02","Ontario","2016A000235","Clothing and footwear","2002=100","17","units","0","v41691980","14.139","91.6","","","","1"
"2022-03","Ontario","2016A000235","Clothing and footwear","2002=100","17","units","0","v41691980","14.139","91.3","","","","1"
"2022-04","Ontario","2016A000235","Clothing and footwear","2002=100","17","units","0","v41691980","14.139","92.3","","","","1"
"2022-05","Ontario","2016A000235","Clothing and footwear","2002=100","17","units","0","v41691980","14.139","94.2","","","","1"
"2022-06","Ontario","2016A000235","Clothing and footwear","2002=100","17","units","0","v41691980","14.139","92.4","","","","1"
"2022-07","Ontario","2016A000235","Clothing and footwear","2002=100","17","units","0","v41691980","14.139","91.1","","","","1"
"2022-08","Ontario","2016A000235","Clothing and footwear","2002=100","17","units","0","v41691980","14.139","91.9","","","","1"
"2022-09","Ontario","2016A000235","Clothing and footwear","2002=100","17","units","0","v41691980","14.139","93.5","","","","1"
"2022-10","Ontario","2016A000235","Clothing and footwear","2002=100","17","units","0","v41691980","14.139","95.4","","","","1"
"2022-11","Ontario","2016A000235","Clothing and footwear","2002=100","17","units","0","v41691980","14.139","94.2","","","","1"
"2022-12","Ontario","2016A000235","Clothing and footwear","2002=100","17","units","0","v41691980","14.139","91.5","","","","1"
"2023-01","Ontario","2016A000235","Clothing and footwear","2002=100","17","units","0","v41691980","14.139","90.9","","","","1"
"2023-02","Ontario","2016A000235","Clothing and footwear","2002=100","17","units","0","v41691980","14.139","92.9","","","","1"
"2023-03","Ontario","2016A000235","Clothing and footwear","2002=100","17","units","0","v41691980","14.139","93.8","","","","1"
"2023-04","Ontario","2016A000235","Clothing and footwear","2002=100","17","units","0","v41691980","14.139","93.8","","","","1"
"2023-05","Ontario","2016A000235","Clothing and footwear","2002=100","17","units","0","v41691980","14.139","94.4","","","","1"
"2023-06","Ontario","2016A000235","Clothing and footwear","2002=100","17","units","0","v41691980","14.139","93.1","","","","1"
"2023-07","Ontario","2016A000235","Clothing and footwear","2002=100","17","units","0","v41691980","14.139","93.5","","","","1"
"2023-08","Ontario","2016A000235","Clothing and footwear","2002=100","17","units","0","v41691980","14.139","93.9","","","","1"
"2023-09","Ontario","2016A000235","Clothing and footwear","2002=100","17","units","0","v41691980","14.139","95.0","","","","1"
"2023-10","Ontario","2016A000235","Clothing and footwear","2002=100","17","units","0","v41691980","14.139","96.0","","","","1"
"2023-11","Ontario","2016A000235","Clothing and footwear","2002=100","17","units","0","v41691980","14.139","96.1","","","","1"
"2023-12","Ontario","2016A000235","Clothing and footwear","2002=100","17","units","0","v41691980","14.139","94.5","","","","1"
"2024-01","Ontario","2016A000235","Clothing and footwear","2002=100","17","units","0","v41691980","14.139","92.5","","","","1"
"2024-02","Ontario","2016A000235","Clothing and footwear","2002=100","17","units","0","v41691980","14.139","91.1","","","","1"
"2024-03","Ontario","2016A000235","Clothing and footwear","2002=100","17","units","0","v41691980","14.139","92.4","","","","1"
"2024-04","Ontario","2016A000235","Clothing and footwear","2002=100","17","units","0","v41691980","14.139","93.6","","","","1"
"2024-05","Ontario","2016A000235","Clothing and footwear","2002=100","17","units","0","v41691980","14.139","92.6","","","","1"
"2024-06","Ontario","2016A000235","Clothing and footwear","2002=100","17","units","0","v41691980","14.139","91.7","","","","1"
"2024-07","Ontario","2016A000235","Clothing and footwear","2002=100","17","units","0","v41691980","14.139","92.1","","","","1"
"2024-08","Ontario","2016A000235","Clothing and footwear","2002=100","17","units","0","v41691980","14.139","91.4","","","","1"
"2024-09","Ontario","2016A000235","Clothing and footwear","2002=100","17","units","0","v41691980","14.139","91.4","","","","1"
"2024-10","Ontario","2016A000235","Clothing and footwear","2002=100","17","units","0","v41691980","14.139","93.3","","","","1"
"2024-11","Ontario","2016A000235","Clothing and footwear","2002=100","17","units","0","v41691980","14.139","92.8","","","","1"
"2024-12","Ontario","2016A000235","Clothing and footwear","2002=100","17","units","0","v41691980","14.139","90.4","","","","1"
"2025-01","Ontario","2016A000235","Clothing and footwear","2002=100","17","units","0","v41691980","14.139","90.6","","","","1"
"2025-02","Ontario","2016A000235","Clothing and footwear","2002=100","17","units","0","v41691980","14.139","92.0","","","","1"
"2025-03","Ontario","2016A000235","Clothing and footwear","2002=100","17","units","0","v41691980","14.139","93.2","","","","1"
"2025-04","Ontario","2016A000235","Clothing and footwear","2002=100","17","units","0","v41691980","14.139","93.1","","","","1"
"2025-05","Ontario","2016A000235","Clothing and footwear","2002=100","17","units","0","v41691980","14.139","94.6","","","","1"
"2025-06","Ontario","2016A000235","Clothing and footwear","2002=100","17","units","0","v41691980","14.139","94.0","","","","1"
"2025-07","Ontario","2016A000235","Clothing and footwear","2002=100","17","units","0","v41691980","14.139","92.2","","","","1"
"2025-08","Ontario","2016A000235","Clothing and footwear","2002=100","17","units","0","v41691980","14.139","91.9","","","","1"
"2025-09","Ontario","2016A000235","Clothing and footwear","2002=100","17","units","0","v41691980","14.139","91.1","","","","1"
"2025-10","Ontario","2016A000235","Clothing and footwear","2002=100","17","units","0","v41691980","14.139","92.5","","","","1"
"2025-11","Ontario","2016A000235","Clothing and footwear","2002=100","17","units","0","v41691980","14.139","93.6","","","","1"
"2025-12","Ontario","2016A000235","Clothing and footwear","2002=100","17","units","0","v41691980","14.139","91.4","","","","1"
"2026-01","Ontario","2016A000235","Clothing and footwear","2002=100","17","units","0","v41691980","14.139","91.3","","","","1"
"2026-02","Ontario","2016A000235","Clothing and footwear","2002=100","17","units","0","v41691980","14.139","92.7","","","","1"
"2026-03","Ontario","2016A000235","Clothing and footwear","2002=100","17","units","0","v41691980","14.139","92.4","","","","1"
"2026-04","Ontario","2016A000235","Clothing and footwear","2002=100","17","units","0","v41691980","14.139","95.1","","","","1"
"2026-05","Ontario","2016A000235","Clothing and footwear","2002=100","17","units","0","v41691980","14.139","95.7","","","","1"
"2026-06","Ontario","2016A000235","Clothing and footwear","2002=100","17","units","0","v41691980","14.139","94.5","","","","1"
"2015-01","Ontario","2016A000235","Transportation","2002=100","17","units","0","v41691988","14.176","123.4","","","","1"
"2015-02","Ontario","2016A000235","Transportation","2002=100","17","units","0","v41691988","14.176","125.3","","","","1"
"2015-03","Ontario","2016A000235","Transportation","2002=100","17","units","0","v41691988","14.176","127.3","","","","1"
"2015-04","Ontario","2016A000235","Transportation","2002=100","17","units","0","v41691988","14.176","127.4","","","","1"
"2015-05","Ontario","2016A000235","Transportation","2002=100","17","units","0","v41691988","14.176","128.7","","","","1"
"2015-06","Ontario","2016A000235","Transportation","2002=100","17","units","0","v41691988","14.176","130.4","","","","1"
"2015-07","Ontario","2016A000235","Transportation","2002=100","17","units","0","v41691988","14.176","130.6","","","","1"
"2015-08","Ontario","2016A000235","Transportation","2002=100","17","units","0","v41691988","14.176","128.2","","","","1"
"2015-09","Ontario","2016A000235","Transportation","2002=100","17","units","0","v41691988","14.176","125.7","","","","1"
"2015-10","Ontario","2016A000235","Transportation","2002=100","17","units","0","v41691988","14.176","125.6","","","","1"
"2015-11","Ontario","2016A000235","Transportation","2002=100","17","units","0","v41691988","14.176","126.5","","","","1"
"2015-12","Ontario","2016A000235","Transportation","2002=100","17","units","0","v41691988","14.176","126.3","","","","1"
"2016-01","Ontario","2016A000235","Transportation","2002=100","17","units","0","v41691988","14.176","125.7","","","","1"
"2016-02","Ontario","2016A000235","Transportation","2002=100","17","units","0","v41691988","14.176","124.5","","","","1"
"2016-03","Ontario","2016A000235","Transportation","2002=100","17","units","0","v41691988","14.176","125.6","","","","1"
"2016-04","Ontario","2016A000235","Transportation","2002=100","17","units","0","v41691988","14.176","128.6","","","","1"
"2016-05","Ontario","2016A000235","Transportation","2002=100","17","units","0","v41691988","14.176","130.2","","","","1"
"2016-06","Ontario","2016A000235","Transportation","2002=100","17","units","0","v41691988","14.176","130.8","","","","1"
"2016-07","Ontario","2016A000235","Transportation","2002=100","17","units","0","v41691988","14.176","129.5","","","","1"
"2016-08","Ontario","2016A000235","Transportation","2002=100","17","units","0","v41691988","14.176","128.5","","","","1"
"2016-09","Ontario","2016A000235","Transportation","2002=100","17","units","0","v41691988","14.176","128.3","","","","1"
"2016-10","Ontario","2016A000235","Transportation","2002=100","17","units","0","v41691988","14.176","129.9","","","","1"
"2016-11","Ontario","2016A000235","Transportation","2002=100","17","units","0","v41691988","14.176","128.8","","","","1"
"2016-12","Ontario","2016A000235","Transportation","2002=100","17","units","0","v41691988","14.176","130.3","","","","1"
"2017-01","Ontario","2016A000235","Transportation","2002=100","17","units","0","v41691988","14.176","134.0","","","","1"
"2017-02","Ontario","2016A000235","Transportation","2002=100","17","units","0","v41691988","14.176","133.0","","","","1"
"2017-03","Ontario","2016A000235","Transportation","2002=100","17","units","0","v41691988","14.176","131.7","","","","1"
"2017-04","Ontario","2016A000235","Transportation","2002=100","17","units","0","v41691988","14.176","134.3","","","","1"
"2017-05","Ontario","2016A000235","Transportation","2002=100","17","units","0","v41691988","14.176","133.6","","","","1"
"2017-06","Ontario","2016A000235","Transportation","2002=100","17","units","0","v41691988","14.176","132.9","","","","1"
"2017-07","Ontario","2016A000235","Transportation","2002=100","17","units","0","v41691988","14.176","132.7","","","","1"
"2017-08","Ontario","2016A000235","Transportation","2002=100","17","units","0","v41691988","14.176","132.8","","","","1"
"2017-09","Ontario","2016A000235","Transportation","2002=100","17","units","0","v41691988","14.176","134.5","","","","1"
"2017-10","Ontario","2016A000235","Transportation","2002=100","17","units","0","v41691988","14.176","134.8","","","","1"
"2017-11","Ontario","2016A000235","Transportation","2002=100","17","units","0","v41691988","14.176","136.5","","","","1"
"2017-12","Ontario","2016A000235","Transportation","2002=100","17","units","0","v41691988","14.176","137.0","","","","1"
"2018-01","Ontario","2016A000235","Transportation","2002=100","17","units","0","v41691988","14.176","138.6","","","","1"
"2018-02","Ontario","2016A000235","Transportation","2002=100","17","units","0","v41691988","14.176","138.9","","","","1"
"2018-03","Ontario","2016A000235","Transportation","2002=100","17","units","0","v41691988","14.176","139.3","","","","1"
"2018-04","Ontario","2016A000235","Transportation","2002=100","17","units","0","v41691988","14.176","140.7","","","","1"
"2018-05","Ontario","2016A000235","Transportation","2002=100","17","units","0","v41691988","14.176","140.7","","","","1"
"2018-06","Ontario","2016A000235","Transportation","2002=100","17","units","0","v41691988","14.176","141.2","","","","1"
"2018-07","Ontario","2016A000235","Transportation","2002=100","17","units","0","v41691988","14.176","142.7","","","","1"
"2018-08","Ontario","2016A000235","Transportation","2002=100","17","units","0","v41691988","14.176","142.0","","","","1"
"2018-09","Ontario","2016A000235","Transportation","2002=100","17","units","0","v41691988","14.176","138.6","","","","1"
"2018-10","Ontario","2016A000235","Transportation","2002=100","17","units","0","v41691988","14.176","139.2","","","","1"
"2018-11","Ontario","2016A000235","Transportation","2002=100","17","units","0","v41691988","14.176","137.4","","","","1"
"2018-12","Ontario","2016A000235","Transportation","2002=100","17","units","0","v41691988","14.176","138.5","","","","1"
"2019-01","Ontario","2016A000235","Transportation","2002=100","17","units","0","v41691988","14.176","137.0","","","","1"
"2019-02","Ontario","2016A000235","Transportation","2002=100","17","units","0","v41691988","14.176","138.0","","","","1"
"2019-03","Ontario","2016A000235","Transportation","2002=100","17","units","0","v41691988","14.176","140.5","","","","1"
"2019-04","Ontario","2016A000235","Transportation","2002=100","17","units","0","v41691988","14.176","142.7","","","","1"
"2019-05","Ontario","2016A000235","Transportation","2002=100","17","units","0","v41691988","14.176","143.8","","","","1"
"2019-06","Ontario","2016A000235","Transportation","2002=100","17","units","0","v41691988","14.176","143.2","","","","1"
"2019-07","Ontario","2016A000235","Transportation","2002=100","17","units","0","v41691988","14.176","145.2","","","","1"
"2019-08","Ontario","2016A000235","Transportation","2002=100","17","units","0","v41691988","14.176","144.3","","","","1"
"2019-09","Ontario","2016A000235","Transportation","2002=100","17","units","0","v41691988","14.176","141.1","","","","1"
"2019-10","Ontario","2016A000235","Transportation","2002=100","17","units","0","v41691988","14.176","142.0","","","","1"
"2019-11","Ontario","2016A000235","Transportation","2002=100","17","units","0","v41691988","14.176","142.6","","","","1"
"2019-12","Ontario","2016A000235","Transportation","2002=100","17","units","0","v41691988","14.176","144.4","","","","1"
"2020-01","Ontario","2016A000235","Transportation","2002=100","17","units","0","v41691988","14.176","144.1","","","","1"
"2020-02","Ontario","2016A000235","Transportation","2002=100","17","units","0","v41691988","14.176","144.6","","","","1"
"2020-03","Ontario","2016A000235","Transportation","2002=100","17","units","0","v41691988","14.176","139.3","","","","1"
"2020-04","Ontario","2016A000235","Transportation","2002=100","17","units","0","v41691988","14.176","138.3","","","","1"
"2020-05","Ontario","2016A000235","Transportation","2002=100","17","units","0","v41691988","14.176","140.8","","","","1"
"2020-06","Ontario","2016A000235","Transportation","2002=100","17","units","0","v41691988","14.176","143.5","","","","1"
"2020-07","Ontario","2016A000235","Transportation","2002=100","17","units","0","v41691988","14.176","143.7","","","","1"
"2020-08","Ontario","2016A000235","Transportation","2002=100","17","units","0","v41691988","14.176","142.4","","","","1"
"2020-09","Ontario","2016A000235","Transportation","2002=100","17","units","0","v41691988","14.176","140.8","","","","1"
"2020-10","Ontario","2016A000235","Transportation","2002=100","17","units","0","v41691988","14.176","141.4","","","","1"
"2020-11","Ontario","2016A000235","Transportation","2002=100","17","units","0","v41691988","14.176","141.7","","","","1"
"2020-12","Ontario","2016A000235","Transportation","2002=100","17","units","0","v41691988","14.176","142.7","","","","1"
"2021-01","Ontario","2016A000235","Transportation","2002=100","17","units","0","v41691988","14.176","145.3","","","","1"
"2021-02","Ontario","2016A000235","Transportation","2002=100","17","units","0","v41691988","14.176","147.5","","","","1"
"2021-03","Ontario","2016A000235","Transportation","2002=100","17","units","0","v41691988","14.176","149.0","","","","1"
"2021-04","Ontario","2016A000235","Transportation","2002=100","17","units","0","v41691988","14.176","149.7","","","","1"
"2021-05","Ontario","2016A000235","Transportation","2002=100","17","units","0","v41691988","14.176","150.9","","","","1"
"2021-06","Ontario","2016A000235","Transportation","2002=100","17","units","0","v41691988","14.176","151.6","","","","1"
"2021-07","Ontario","2016A000235","Transportation","2002=100","17","units","0","v41691988","14.176","152.1","","","","1"
"2021-08","Ontario","2016A000235","Transportation","2002=100","17","units","0","v41691988","14.176","153.8","","","","1"
"2021-09","Ontario","2016A000235","Transportation","2002=100","17","units","0","v41691988","14.176","153.4","","","","1"
"2021-10","Ontario","2016A000235","Transportation","2002=100","17","units","0","v41691988","14.176","155.8","","","","1"
"2021-11","Ontario","2016A000235","Transportation","2002=100","17","units","0","v41691988","14.176","155.7","","","","1"
"2021-12","Ontario","2016A000235","Transportation","2002=100","17","units","0","v41691988","14.176","155.0","","","","1"
"2022-01","Ontario","2016A000235","Transportation","2002=100","17","units","0","v41691988","14.176","157.5","","","","1"
"2022-02","Ontario","2016A000235","Transportation","2002=100","17","units","0","v41691988","14.176","160.8","","","","1"
"2022-03","Ontario","2016A000235","Transportation","2002=100","17","units","0","v41691988","14.176","165.1","","","","1"
"2022-04","Ontario","2016A000235","Transportation","2002=100","17","units","0","v41691988","14.176","165.9","","","","1"
"2022-05","Ontario","2016A000235","Transportation","2002=100","17","units","0","v41691988","14.176","171.9","","","","1"
"2022-06","Ontario","2016A000235","Transportation","2002=100","17","units","0","v41691988","14.176","175.1","","","","1"
"2022-07","Ontario","2016A000235","Transportation","2002=100","17","units","0","v41691988","14.176","171.2","","","","1"
"2022-08","Ontario","2016A000235","Transportation","2002=100","17","units","0","v41691988","14.176","167.7","","","","1"
"2022-09","Ontario","2016A000235","Transportation","2002=100","17","units","0","v41691988","14.176","163.8","","","","1"
"2022-10","Ontario","2016A000235","Transportation","2002=100","17","units","0","v41691988","14.176","167.6","","","","1"
"2022-11","Ontario","2016A000235","Transportation","2002=100","17","units","0","v41691988","14.176","166.9","","","","1"
"2022-12","Ontario","2016A000235","Transportation","2002=100","17","units","0","v41691988","14.176","163.0","","","","1"
"2023-01","Ontario","2016A000235","Transportation","2002=100","17","units","0","v41691988","14.176","164.3","","","","1"
"2023-02","Ontario","2016A000235","Transportation","2002=100","17","units","0","v41691988","14.176","163.2","","","","1"
"2023-03","Ontario","2016A000235","Transportation","2002=100","17","units","0","v41691988","14.176","164.1","","","","1"
"2023-04","Ontario","2016A000235","Transportation","2002=100","17","units","0","v41691988","14.176","167.1","","","","1"
"2023-05","Ontario","2016A000235","Transportation","2002=100","17","units","0","v41691988","14.176","166.8","","","","1"
"2023-06","Ontario","2016A000235","Transportation","2002=100","17","units","0","v41691988","14.176","168.9","","","","1"
"2023-07","Ontario","2016A000235","Transportation","2002=100","17","units","0","v41691988","14.176","171.6","","","","1"
"2023-08","Ontario","2016A000235","Transportation","2002=100","17","units","0","v41691988","14.176","172.6","","","","1"
"2023-09","Ontario","2016A000235","Transportation","2002=100","17","units","0","v41691988","14.176","170.8","","","","1"
"2023-10","Ontario","2016A000235","Transportation","2002=100","17","units","0","v41691988","14.176","168.1","","","","1"
"2023-11","Ontario","2016A000235","Transportation","2002=100","17","units","0","v41691988","14.176","167.6","","","","1"
"2023-12","Ontario","2016A000235","Transportation","2002=100","17","units","0","v41691988","14.176","169.3","","","","1"
"2024-01","Ontario","2016A000235","Transportation","2002=100","17","units","0","v41691988","14.176","167.2","","","","1"
"2024-02","Ontario","2016A000235","Transportation","2002=100","17","units","0","v41691988","14.176","168.2","","","","1"
"2024-03","Ontario","2016A000235","Transportation","2002=100","17","units","0","v41691988","14.176","170.3","","","","1"
"2024-04","Ontario","2016A000235","Transportation","2002=100","17","units","0","v41691988","14.176","173.3","","","","1"
"2024-05","Ontario","2016A000235","Transportation","2002=100","17","units","0","v41691988","14.176","173.6","","","","1"
"2024-06","Ontario","2016A000235","Transportation","2002=100","17","units","0","v41691988","14.176","173.9","","","","1"
"2024-07","Ontario","2016A000235","Transportation","2002=100","17","units","0","v41691988","14.176","176.0","","","","1"
"2024-08","Ontario","2016A000235","Transportation","2002=100","17","units","0","v41691988","14.176","173.4","","","","1"
"2024-09","Ontario","2016A000235","Transportation","2002=100","17","units","0","v41691988","14.176","169.3","","","","1"
"2024-10","Ontario","2016A000235","Transportation","2002=100","17","units","0","v41691988","14.176","170.5","","","","1"
"2024-11","Ontario","2016A000235","Transportation","2002=100","17","units","0","v41691988","14.176","171.1","","","","1"
"2024-12","Ontario","2016A000235","Transportation","2002=100","17","units","0","v41691988","14.176","174.6","","","","1"
"2025-01","Ontario","2016A000235","Transportation","2002=100","17","units","0","v41691988","14.176","173.6","","","","1"
"2025-02","Ontario","2016A000235","Transportation","2002=100","17","units","0","v41691988","14.176","173.8","","","","1"
"2025-03","Ontario","2016A000235","Transportation","2002=100","17","units","0","v41691988","14.176","173.6","","","","1"
"2025-04","Ontario","2016A000235","Transportation","2002=100","17","units","0","v41691988","14.176","169.9","","","","1"
"2025-05","Ontario","2016A000235","Transportation","2002=100","17","units","0","v41691988","14.176","171.4","","","","1"
"2025-06","Ontario","2016A000235","Transportation","2002=100","17","units","0","v41691988","14.176","172.3","","","","1"
"2025-07","Ontario","2016A000235","Transportation","2002=100","17","units","0","v41691988","14.176","173.3","","","","1"
"2025-08","Ontario","2016A000235","Transportation","2002=100","17","units","0","v41691988","14.176","172.2","","","","1"
"2025-09","Ontario","2016A000235","Transportation","2002=100","17","units","0","v41691988","14.176","171.3","","","","1"
"2025-10","Ontario","2016A000235","Transportation","2002=100","17","units","0","v41691988","14.176","170.6","","","","1"
"2025-11","Ontario","2016A000235","Transportation","2002=100","17","units","0","v41691988","14.176","171.6","","","","1"
"2025-12","Ontario","2016A000235","Transportation","2002=100","17","units","0","v41691988","14.176","172.6","","","","1"
"2026-01","Ontario","2016A000235","Transportation","2002=100","17","units","0","v41691988","14.176","170.3","","","","1"
"2026-02","Ontario","2016A000235","Transportation","2002=100","17","units","0","v41691988","14.176","172.5","","","","1"
"2026-03","Ontario","2016A000235","Transportation","2002=100","17","units","0","v41691988","14.176","179.6","","","","1"
"2026-04","Ontario","2016A000235","Transportation","2002=100","17","units","0","v41691988","14.176","183.6","","","","1"
"2026-05","Ontario","2016A000235","Transportation","2002=100","17","units","0","v41691988","14.176","187.3","","","","1"
"2026-06","Ontario","2016A000235","Transportation","2002=100","17","units","0","v41691988","14.176","183.5","","","","1"
"2015-01","Ontario","2016A000235","Gasoline","2002=100","17","units","0","v41691994","14.184","131.8","","","","1"
"2015-02","Ontario","2016A000235","Gasoline","2002=100","17","units","0","v41691994","14.184","144.8","","","","1"
"2015-03","Ontario","2016A000235","Gasoline","2002=100","17","units","0","v41691994","14.184","152.6","","","","1"
"2015-04","Ontario","2016A000235","Gasoline","2002=100","17","units","0","v41691994","14.184","153.3","","","","1"
"2015-05","Ontario","2016A000235","Gasoline","2002=100","17","units","0","v41691994","14.184","162.9","","","","1"
"2015-06","Ontario","2016A000235","Gasoline","2002=100","17","units","0","v41691994","14.184","172.7","","","","1"
"2015-07","Ontario","2016A000235","Gasoline","2002=100","17","units","0","v41691994","14.184","175.8","","","","1"
"2015-08","Ontario","2016A000235","Gasoline","2002=100","17","units","0","v41691994","14.184","163.8","","","","1"
"2015-09","Ontario","2016A000235","Gasoline","2002=100","17","units","0","v41691994","14.184","150.9","","","","1"
"2015-10","Ontario","2016A000235","Gasoline","2002=100","17","units","0","v41691994","14.184","145.7","","","","1"
"2015-11","Ontario","2016A000235","Gasoline","2002=100","17","units","0","v41691994","14.184","147.3","","","","1"
"2015-12","Ontario","2016A000235","Gasoline","2002=100","17","units","0","v41691994","14.184","144.2","","","","1"
"2016-01","Ontario","2016A000235","Gasoline","2002=100","17","units","0","v41691994","14.184","136.1","","","","1"
"2016-02","Ontario","2016A000235","Gasoline","2002=100","17","units","0","v41691994","14.184","128.3","","","","1"
"2016-03","Ontario","2016A000235","Gasoline","2002=100","17","units","0","v41691994","14.184","132.2","","","","1"
"2016-04","Ontario","2016A000235","Gasoline","2002=100","17","units","0","v41691994","14.184","146.8","","","","1"
"2016-05","Ontario","2016A000235","Gasoline","2002=100","17","units","0","v41691994","14.184","152.9","","","","1"
"2016-06","Ontario","2016A000235","Gasoline","2002=100","17","units","0","v41691994","14.184","154.8","","","","1"
"2016-07","Ontario","2016A000235","Gasoline","2002=100","17","units","0","v41691994","14.184","149.5","","","","1"
"2016-08","Ontario","2016A000235","Gasoline","2002=100","17","units","0","v41691994","14.184","146.5","","","","1"
"2016-09","Ontario","2016A000235","Gasoline","2002=100","17","units","0","v41691994","14.184","145.7","","","","1"
"2016-10","Ontario","2016A000235","Gasoline","2002=100","17","units","0","v41691994","14.184","151.6","","","","1"
"2016-11","Ontario","2016A000235","Gasoline","2002=100","17","units","0","v41691994","14.184","146.7","","","","1"
"2016-12","Ontario","2016A000235","Gasoline","2002=100","17","units","0","v41691994","14.184","152.1","","","","1"
"2017-01","Ontario","2016A000235","Gasoline","2002=100","17","units","0","v41691994","14.184","163.9","","","","1"
"2017-02","Ontario","2016A000235","Gasoline","2002=100","17","units","0","v41691994","14.184","156.6","","","","1"
"2017-03","Ontario","2016A000235","Gasoline","2002=100","17","units","0","v41691994","14.184","151.8","","","","1"
"2017-04","Ontario","2016A000235","Gasoline","2002=100","17","units","0","v41691994","14.184","168.9","","","","1"
"2017-05","Ontario","2016A000235","Gasoline","2002=100","17","units","0","v41691994","14.184","163.9","","","","1"
"2017-06","Ontario","2016A000235","Gasoline","2002=100","17","units","0","v41691994","14.184","156.8","","","","1"
"2017-07","Ontario","2016A000235","Gasoline","2002=100","17","units","0","v41691994","14.184","158.8","","","","1"
"2017-08","Ontario","2016A000235","Gasoline","2002=100","17","units","0","v41691994","14.184","161.3","","","","1"
"2017-09","Ontario","2016A000235","Gasoline","2002=100","17","units","0","v41691994","14.184","172.8","","","","1"
"2017-10","Ontario","2016A000235","Gasoline","2002=100","17","units","0","v41691994","14.184","167.2","","","","1"
"2017-11","Ontario","2016A000235","Gasoline","2002=100","17","units","0","v41691994","14.184","177.8","","","","1"
"2017-12","Ontario","2016A000235","Gasoline","2002=100","17","units","0","v41691994","14.184","175.7","","","","1"
"2018-01","Ontario","2016A000235","Gasoline","2002=100","17","units","0","v41691994","14.184","180.8","","","","1"
"2018-02","Ontario","2016A000235","Gasoline","2002=100","17","units","0","v41691994","14.184","178.6","","","","1"
"2018-03","Ontario","2016A000235","Gasoline","2002=100","17","units","0","v41691994","14.184","182.5","","","","1"
"2018-04","Ontario","2016A000235","Gasoline","2002=100","17","units","0","v41691994","14.184","194.2","","","","1"
"2018-05","Ontario","2016A000235","Gasoline","2002=100","17","units","0","v41691994","14.184","198.8","","","","1"
"2018-06","Ontario","2016A000235","Gasoline","2002=100","17","units","0","v41691994","14.184","193.7","","","","1"
"2018-07","Ontario","2016A000235","Gasoline","2002=100","17","units","0","v41691994","14.184","194.8","","","","1"
"2018-08","Ontario","2016A000235","Gasoline","2002=100","17","units","0","v41691994","14.184","192.0","","","","1"
"2018-09","Ontario","2016A000235","Gasoline","2002=100","17","units","0","v41691994","14.184","186.6","","","","1"
"2018-10","Ontario","2016A000235","Gasoline","2002=100","17","units","0","v41691994","14.184","179.2","","","","1"
"2018-11","Ontario","2016A000235","Gasoline","2002=100","17","units","0","v41691994","14.184","161.8","","","","1"
"2018-12","Ontario","2016A000235","Gasoline","2002=100","17","units","0","v41691994","14.184","152.0","","","","1"
"2019-01","Ontario","2016A000235","Gasoline","2002=100","17","units","0","v41691994","14.184","146.8","","","","1"
"2019-02","Ontario","2016A000235","Gasoline","2002=100","17","units","0","v41691994","14.184","146.3","","","","1"
"2019-03","Ontario","2016A000235","Gasoline","2002=100","17","units","0","v41691994","14.184","166.2","","","","1"
"2019-04","Ontario","2016A000235","Gasoline","2002=100","17","units","0","v41691994","14.184","184.0","","","","1"
"2019-05","Ontario","2016A000235","Gasoline","2002=100","17","units","0","v41691994","14.184","186.9","","","","1"
"2019-06","Ontario","2016A000235","Gasoline","2002=100","17","units","0","v41691994","14.184","174.6","","","","1"
"2019-07","Ontario","2016A000235","Gasoline","2002=100","17","units","0","v41691994","14.184","183.5","","","","1"
"2019-08","Ontario","2016A000235","Gasoline","2002=100","17","units","0","v41691994","14.184","173.6","","","","1"
"2019-09","Ontario","2016A000235","Gasoline","2002=100","17","units","0","v41691994","14.184","170.8","","","","1"
"2019-10","Ontario","2016A000235","Gasoline","2002=100","17","units","0","v41691994","14.184","170.8","","","","1"
"2019-11","Ontario","2016A000235","Gasoline","2002=100","17","units","0","v41691994","14.184","169.7","","","","1"
"2019-12","Ontario","2016A000235","Gasoline","2002=100","17","units","0","v41691994","14.184","169.0","","","","1"
"2020-01","Ontario","2016A000235","Gasoline","2002=100","17","units","0","v41691994","14.184","167.6","","","","1"
"2020-02","Ontario","2016A000235","Gasoline","2002=100","17","units","0","v41691994","14.184","162.1","","","","1"
"2020-03","Ontario","2016A000235","Gasoline","2002=100","17","units","0","v41691994","14.184","127.6","","","","1"
"2020-04","Ontario","2016A000235","Gasoline","2002=100","17","units","0","v41691994","14.184","116.4","","","","1"
"2020-05","Ontario","2016A000235","Gasoline","2002=100","17","units","0","v41691994","14.184","134.0","","","","1"
"2020-06","Ontario","2016A000235","Gasoline","2002=100","17","units","0","v41691994","14.184","146.9","","","","1"
"2020-07","Ontario","2016A000235","Gasoline","2002=100","17","units","0","v41691994","14.184","153.3","","","","1"
"2020-08","Ontario","2016A000235","Gasoline","2002=100","17","units","0","v41691994","14.184","152.6","","","","1"
"2020-09","Ontario","2016A000235","Gasoline","2002=100","17","units","0","v41691994","14.184","149.7","","","","1"
"2020-10","Ontario","2016A000235","Gasoline","2002=100","17","units","0","v41691994","14.184","148.2","","","","1"
"2020-11","Ontario","2016A000235","Gasoline","2002=100","17","units","0","v41691994","14.184","145.9","","","","1"
"2020-12","Ontario","2016A000235","Gasoline","2002=100","17","units","0","v41691994","14.184","152.2","","","","1"
"2021-01","Ontario","2016A000235","Gasoline","2002=100","17","units","0","v41691994","14.184","162.5","","","","1"
"2021-02","Ontario","2016A000235","Gasoline","2002=100","17","units","0","v41691994","14.184","172.9","","","","1"
"2021-03","Ontario","2016A000235","Gasoline","2002=100","17","units","0","v41691994","14.184","181.4","","","","1"
"2021-04","Ontario","2016A000235","Gasoline","2002=100","17","units","0","v41691994","14.184","184.4","","","","1"
"2021-05","Ontario","2016A000235","Gasoline","2002=100","17","units","0","v41691994","14.184","190.4","","","","1"
"2021-06","Ontario","2016A000235","Gasoline","2002=100","17","units","0","v41691994","14.184","193.8","","","","1"
"2021-07","Ontario","2016A000235","Gasoline","2002=100","17","units","0","v41691994","14.184","199.0","","","","1"
"2021-08","Ontario","2016A000235","Gasoline","2002=100","17","units","0","v41691994","14.184","200.4","","","","1"
"2021-09","Ontario","2016A000235","Gasoline","2002=100","17","units","0","v41691994","14.184","201.3","","","","1"
"2021-10","Ontario","2016A000235","Gasoline","2002=100","17","units","0","v41691994","14.184","211.9","","","","1"
"2021-11","Ontario","2016A000235","Gasoline","2002=100","17","units","0","v41691994","14.184","210.5","","","","1"
"2021-12","Ontario","2016A000235","Gasoline","2002=100","17","units","0","v41691994","14.184","201.0","","","","1"
"2022-01","Ontario","2016A000235","Gasoline","2002=100","17","units","0","v41691994","14.184","212.8","","","","1"
"2022-02","Ontario","2016A000235","Gasoline","2002=100","17","units","0","v41691994","14.184","229.6","","","","1"
"2022-03","Ontario","2016A000235","Gasoline","2002=100","17","units","0","v41691994","14.184","252.9","","","","1"
"2022-04","Ontario","2016A000235","Gasoline","2002=100","17","units","0","v41691994","14.184","254.5","","","","1"
"2022-05","Ontario","2016A000235","Gasoline","2002=100","17","units","0","v41691994","14.184","288.4","","","","1"
"2022-06","Ontario","2016A000235","Gasoline","2002=100","17","units","0","v41691994","14.184","300.0","","","","1"
"2022-07","Ontario","2016A000235","Gasoline","2002=100","17","units","0","v41691994","14.184","263.5","","","","1"
"2022-08","Ontario","2016A000235","Gasoline","2002=100","17","units","0","v41691994","14.184","241.5","","","","1"
"2022-09","Ontario","2016A000235","Gasoline","2002=100","17","units","0","v41691994","14.184","217.6","","","","1"
"2022-10","Ontario","2016A000235","Gasoline","2002=100","17","units","0","v41691994","14.184","240.0","","","","1"
"2022-11","Ontario","2016A000235","Gasoline","2002=100","17","units","0","v41691994","14.184","235.8","","","","1"
"2022-12","Ontario","2016A000235","Gasoline","2002=100","17","units","0","v41691994","14.184","205.5","","","","1"
"2023-01","Ontario","2016A000235","Gasoline","2002=100","17","units","0","v41691994","14.184","216.6","","","","1"
"2023-02","Ontario","2016A000235","Gasoline","2002=100","17","units","0","v41691994","14.184","211.7","","","","1"
"2023-03","Ontario","2016A000235","Gasoline","2002=100","17","units","0","v41691994","14.184","213.1","","","","1"
"2023-04","Ontario","2016A000235","Gasoline","2002=100","17","units","0","v41691994","14.184","228.5","","","","1"
"2023-05","Ontario","2016A000235","Gasoline","2002=100","17","units","0","v41691994","14.184","227.2","","","","1"
"2023-06","Ontario","2016A000235","Gasoline","2002=100","17","units","0","v41691994","14.184","231.6","","","","1"
"2023-07","Ontario","2016A000235","Gasoline","2002=100","17","units","0","v41691994","14.184","236.1","","","","1"
"2023-08","Ontario","2016A000235","Gasoline","2002=100","17","units","0","v41691994","14.184","246.6","","","","1"
"2023-09","Ontario","2016A000235","Gasoline","2002=100","17","units","0","v41691994","14.184","241.3","","","","1"
"2023-10","Ontario","2016A000235","Gasoline","2002=100","17","units","0","v41691994","14.184","223.2","","","","1"
"2023-11","Ontario","2016A000235","Gasoline","2002=100","17","units","0","v41691994","14.184","217.3","","","","1"
"2023-12","Ontario","2016A000235","Gasoline","2002=100","17","units","0","v41691994","14.184","209.5","","","","1"
"2024-01","Ontario","2016A000235","Gasoline","2002=100","17","units","0","v41691994","14.184","209.9","","","","1"
"2024-02","Ontario","2016A000235","Gasoline","2002=100","17","units","0","v41691994","14.184","216.7","","","","1"
"2024-03","Ontario","2016A000235","Gasoline","2002=100","17","units","0","v41691994","14.184","224.6","","","","1"
"2024-04","Ontario","2016A000235","Gasoline","2002=100","17","units","0","v41691994","14.184","244.2","","","","1"
"2024-05","Ontario","2016A000235","Gasoline","2002=100","17","units","0","v41691994","14.184","241.2","","","","1"
"2024-06","Ontario","2016A000235","Gasoline","2002=100","17","units","0","v41691994","14.184","236.1","","","","1"
"2024-07","Ontario","2016A000235","Gasoline","2002=100","17","units","0","v41691994","14.184","242.8","","","","1"
"2024-08","Ontario","2016A000235","Gasoline","2002=100","17","units","0","v41691994","14.184","234.4","","","","1"
"2024-09","Ontario","2016A000235","Gasoline","2002=100","17","units","0","v41691994","14.184","217.0","","","","1"
"2024-10","Ontario","2016A000235","Gasoline","2002=100","17","units","0","v41691994","14.184","220.8","","","","1"
"2024-11","Ontario","2016A000235","Gasoline","2002=100","17","units","0","v41691994","14.184","221.8","","","","1"
"2024-12","Ontario","2016A000235","Gasoline","2002=100","17","units","0","v41691994","14.184","220.9","","","","1"
"2025-01","Ontario","2016A000235","Gasoline","2002=100","17","units","0","v41691994","14.184","226.9","","","","1"
"2025-02","Ontario","2016A000235","Gasoline","2002=100","17","units","0","v41691994","14.184","226.1","","","","1"
"2025-03","Ontario","2016A000235","Gasoline","2002=100","17","units","0","v41691994","14.184","223.2","","","","1"
"2025-04","Ontario","2016A000235","Gasoline","2002=100","17","units","0","v41691994","14.184","193.0","","","","1"
"2025-05","Ontario","2016A000235","Gasoline","2002=100","17","units","0","v41691994","14.184","198.0","","","","1"
"2025-06","Ontario","2016A000235","Gasoline","2002=100","17","units","0","v41691994","14.184","197.6","","","","1"
"2025-07","Ontario","2016A000235","Gasoline","2002=100","17","units","0","v41691994","14.184","196.4","","","","1"
"2025-08","Ontario","2016A000235","Gasoline","2002=100","17","units","0","v41691994","14.184","197.5","","","","1"
"2025-09","Ontario","2016A000235","Gasoline","2002=100","17","units","0","v41691994","14.184","202.1","","","","1"
"2025-10","Ontario","2016A000235","Gasoline","2002=100","17","units","0","v41691994","14.184","193.2","","","","1"
"2025-11","Ontario","2016A000235","Gasoline","2002=100","17","units","0","v41691994","14.184","199.5","","","","1"
"2025-12","Ontario","2016A000235","Gasoline","2002=100","17","units","0","v41691994","14.184","183.9","","","","1"
"2026-01","Ontario","2016A000235","Gasoline","2002=100","17","units","0","v41691994","14.184","185.5","","","","1"
"2026-02","Ontario","2016A000235","Gasoline","2002=100","17","units","0","v41691994","14.184","192.6","","","","1"
"2026-03","Ontario","2016A000235","Gasoline","2002=100","17","units","0","v41691994","14.184","234.9","","","","1"
"2026-04","Ontario","2016A000235","Gasoline","2002=100","17","units","0","v41691994","14.184","256.8","","","","1"
"2026-05","Ontario","2016A000235","Gasoline","2002=100","17","units","0","v41691994","14.184","272.0","","","","1"
"2026-06","Ontario","2016A000235","Gasoline","2002=100","17","units","0","v41691994","14.184","241.5","","","","1"
"2015-01","Ontario","2016A000235","Health and personal care","2002=100","17","units","0","v41692004","14.201","121.6","","","","1"
"2015-02","Ontario","2016A000235","Health and personal care","2002=100","17","units","0","v41692004","14.201","121.6","","","","1"
"2015-03","Ontario","2016A000235","Health and personal care","2002=100","17","units","0","v41692004","14.201","120.6","","","","1"
"2015-04","Ontario","2016A000235","Health and personal care","2002=100","17","units","0","v41692004","14.201","121.6","","","","1"
"2015-05","Ontario","2016A000235","Health and personal care","2002=100","17","units","0","v41692004","14.201","122.0","","","","1"
"2015-06","Ontario","2016A000235","Health and personal care","2002=100","17","units","0","v41692004","14.201","122.2","","","","1"
"2015-07","Ontario","2016A000235","Health and personal care","2002=100","17","units","0","v41692004","14.201","122.2","","","","1"
"2015-08","Ontario","2016A000235","Health and personal care","2002=100","17","units","0","v41692004","14.201","121.8","","","","1"
"2015-09","Ontario","2016A000235","Health and personal care","2002=100","17","units","0","v41692004","14.201","121.9","","","","1"
"2015-10","Ontario","2016A000235","Health and personal care","2002=100","17","units","0","v41692004","14.201","122.1","","","","1"
"2015-11","Ontario","2016A000235","Health and personal care","2002=100","17","units","0","v41692004","14.201","122.9","","","","1"
"2015-12","Ontario","2016A000235","Health and personal care","2002=100","17","units","0","v41692004","14.201","122.3","","","","1"
"2016-01","Ontario","2016A000235","Health and personal care","2002=100","17","units","0","v41692004","14.201","122.6","","","","1"
"2016-02","Ontario","2016A000235","Health and personal care","2002=100","17","units","0","v41692004","14.201","122.5","","","","1"
"2016-03","Ontario","2016A000235","Health and personal care","2002=100","17","units","0","v41692004","14.201","122.1","","","","1"
"2016-04","Ontario","2016A000235","Health and personal care","2002=100","17","units","0","v41692004","14.201","123.4","","","","1"
"2016-05","Ontario","2016A000235","Health and personal care","2002=100","17","units","0","v41692004","14.201","123.3","","","","1"
"2016-06","Ontario","2016A000235","Health and personal care","2002=100","17","units","0","v41692004","14.201","123.3","","","","1"
"2016-07","Ontario","2016A000235","Health and personal care","2002=100","17","units","0","v41692004","14.201","122.8","","","","1"
"2016-08","Ontario","2016A000235","Health and personal care","2002=100","17","units","0","v41692004","14.201","123.6","","","","1"
"2016-09","Ontario","2016A000235","Health and personal care","2002=100","17","units","0","v41692004","14.201","123.9","","","","1"
"2016-10","Ontario","2016A000235","Health and personal care","2002=100","17","units","0","v41692004","14.201","124.0","","","","1"
"2016-11","Ontario","2016A000235","Health and personal care","2002=100","17","units","0","v41692004","14.201","124.6","","","","1"
"2016-12","Ontario","2016A000235","Health and personal care","2002=100","17","units","0","v41692004","14.201","124.1","","","","1"
"2017-01","Ontario","2016A000235","Health and personal care","2002=100","17","units","0","v41692004","14.201","124.7","","","","1"
"2017-02","Ontario","2016A000235","Health and personal care","2002=100","17","units","0","v41692004","14.201","125.3","","","","1"
"2017-03","Ontario","2016A000235","Health and personal care","2002=100","17","units","0","v41692004","14.201","125.1","","","","1"
"2017-04","Ontario","2016A000235","Health and personal care","2002=100","17","units","0","v41692004","14.201","126.1","","","","1"
"2017-05","Ontario","2016A000235","Health and personal care","2002=100","17","units","0","v41692004","14.201","125.5","","","","1"
"2017-06","Ontario","2016A000235","Health and personal care","2002=100","17","units","0","v41692004","14.201","126.3","","","","1"
"2017-07","Ontario","2016A000235","Health and personal care","2002=100","17","units","0","v41692004","14.201","126.4","","","","1"
"2017-08","Ontario","2016A000235","Health and personal care","2002=100","17","units","0","v41692004","14.201","126.7","","","","1"
"2017-09","Ontario","2016A000235","Health and personal care","2002=100","17","units","0","v41692004","14.201","125.9","","","","1"
"2017-10","Ontario","2016A000235","Health and personal care","2002=100","17","units","0","v41692004","14.201","126.8","","","","1"
"2017-11","Ontario","2016A000235","Health and personal care","2002=100","17","units","0","v41692004","14.201","125.3","","","","1"
"2017-12","Ontario","2016A000235","Health and personal care","2002=100","17","units","0","v41692004","14.201","125.7","","","","1"
"2018-01","Ontario","2016A000235","Health and personal care","2002=100","17","units","0","v41692004","14.201","126.3","","","","1"
"2018-02","Ontario","2016A000235","Health and personal care","2002=100","17","units","0","v41692004","14.201","127.6","","","","1"
"2018-03","Ontario","2016A000235","Health and personal care","2002=100","17","units","0","v41692004","14.201","128.7","","","","1"
"2018-04","Ontario","2016A000235","Health and personal care","2002=100","17","units","0","v41692004","14.201","128.6","","","","1"
"2018-05","Ontario","2016A000235","Health and personal care","2002=100","17","units","0","v41692004","14.201","128.0","","","","1"
"2018-06","Ontario","2016A000235","Health and personal care","2002=100","17","units","0","v41692004","14.201","128.8","","","","1"
"2018-07","Ontario","2016A000235","Health and personal care","2002=100","17","units","0","v41692004","14.201","128.6","","","","1"
"2018-08","Ontario","2016A000235","Health and personal care","2002=100","17","units","0","v41692004","14.201","129.0","","","","1"
"2018-09","Ontario","2016A000235","Health and personal care","2002=100","17","units","0","v41692004","14.201","128.0","","","","1"
"2018-10","Ontario","2016A000235","Health and personal care","2002=100","17","units","0","v41692004","14.201","128.4","","","","1"
"2018-11","Ontario","2016A000235","Health and personal care","2002=100","17","units","0","v41692004","14.201","126.6","","","","1"
"2018-12","Ontario","2016A000235","Health and personal care","2002=100","17","units","0","v41692004","14.201","127.2","","","","1"
"2019-01","Ontario","2016A000235","Health and personal care","2002=100","17","units","0","v41692004","14.201","127.3","","","","1"
"2019-02","Ontario","2016A000235","Health and personal care","2002=100","17","units","0","v41692004","14.201","127.8","","","","1"
"2019-03","Ontario","2016A000235","Health and personal care","2002=100","17","units","0","v41692004","14.201","128.4","","","","1"
"2019-04","Ontario","2016A000235","Health and personal care","2002=100","17","units","0","v41692004","14.201","128.6","","","","1"
"2019-05","Ontario","2016A000235","Health and personal care","2002=100","17","units","0","v41692004","14.201","128.7","","","","1"
"2019-06","Ontario","2016A000235","Health and personal care","2002=100","17","units","0","v41692004","14.201","129.3","","","","1"
"2019-07","Ontario","2016A000235","Health and personal care","2002=100","17","units","0","v41692004","14.201","129.5","","","","1"
"2019-08","Ontario","2016A000235","Health and personal care","2002=100","17","units","0","v41692004","14.201","128.9","","","","1"
"2019-09","Ontario","2016A000235","Health and personal care","2002=100","17","units","0","v41692004","14.201","129.2","","","","1"
"2019-10","Ontario","2016A000235","Health and personal care","2002=100","17","units","0","v41692004","14.201","129.3","","","","1"
"2019-11","Ontario","2016A000235","Health and personal care","2002=100","17","units","0","v41692004","14.201","129.3","","","","1"
"2019-12","Ontario","2016A000235","Health and personal care","2002=100","17","units","0","v41692004","14.201","129.0","","","","1"
"2020-01","Ontario","2016A000235","Health and personal care","2002=100","17","units","0","v41692004","14.201","130.1","","","","1"
"2020-02","Ontario","2016A000235","Health and personal care","2002=100","17","units","0","v41692004","14.201","130.3","","","","1"
"2020-03","Ontario","2016A000235","Health and personal care","2002=100","17","units","0","v41692004","14.201","130.3","","","","1"
"2020-04","Ontario","2016A000235","Health and personal care","2002=100","17","units","0","v41692004","14.201","129.6","","","","1"
"2020-05","Ontario","2016A000235","Health and personal care","2002=100","17","units","0","v41692004","14.201","128.4","","","","1"
"2020-06","Ontario","2016A000235","Health and personal care","2002=100","17","units","0","v41692004","14.201","128.3","","","","1"
"2020-07","Ontario","2016A000235","Health and personal care","2002=100","17","units","0","v41692004","14.201","128.9","","","","1"
"2020-08","Ontario","2016A000235","Health and personal care","2002=100","17","units","0","v41692004","14.201","129.3","","","","1"
"2020-09","Ontario","2016A000235","Health and personal care","2002=100","17","units","0","v41692004","14.201","129.4","","","","1"
"2020-10","Ontario","2016A000235","Health and personal care","2002=100","17","units","0","v41692004","14.201","129.9","","","","1"
"2020-11","Ontario","2016A000235","Health and personal care","2002=100","17","units","0","v41692004","14.201","130.2","","","","1"
"2020-12","Ontario","2016A000235","Health and personal care","2002=100","17","units","0","v41692004","14.201","130.0","","","","1"
"2021-01","Ontario","2016A000235","Health and personal care","2002=100","17","units","0","v41692004","14.201","130.1","","","","1"
"2021-02","Ontario","2016A000235","Health and personal care","2002=100","17","units","0","v41692004","14.201","130.8","","","","1"
"2021-03","Ontario","2016A000235","Health and personal care","2002=100","17","units","0","v41692004","14.201","130.7","","","","1"
"2021-04","Ontario","2016A000235","Health and personal care","2002=100","17","units","0","v41692004","14.201","133.0","","","","1"
"2021-05","Ontario","2016A000235","Health and personal care","2002=100","17","units","0","v41692004","14.201","132.7","","","","1"
"2021-06","Ontario","2016A000235","Health and personal care","2002=100","17","units","0","v41692004","14.201","134.0","","","","1"
"2021-07","Ontario","2016A000235","Health and personal care","2002=100","17","units","0","v41692004","14.201","134.4","","","","1"
"2021-08","Ontario","2016A000235","Health and personal care","2002=100","17","units","0","v41692004","14.201","134.2","","","","1"
"2021-09","Ontario","2016A000235","Health and personal care","2002=100","17","units","0","v41692004","14.201","135.2","","","","1"
"2021-10","Ontario","2016A000235","Health and personal care","2002=100","17","units","0","v41692004","14.201","135.1","","","","1"
"2021-11","Ontario","2016A000235","Health and personal care","2002=100","17","units","0","v41692004","14.201","134.8","","","","1"
"2021-12","Ontario","2016A000235","Health and personal care","2002=100","17","units","0","v41692004","14.201","134.6","","","","1"
"2022-01","Ontario","2016A000235","Health and personal care","2002=100","17","units","0","v41692004","14.201","135.5","","","","1"
"2022-02","Ontario","2016A000235","Health and personal care","2002=100","17","units","0","v41692004","14.201","135.9","","","","1"
"2022-03","Ontario","2016A000235","Health and personal care","2002=100","17","units","0","v41692004","14.201","136.5","","","","1"
"2022-04","Ontario","2016A000235","Health and personal care","2002=100","17","units","0","v41692004","14.201","138.9","","","","1"
"2022-05","Ontario","2016A000235","Health and personal care","2002=100","17","units","0","v41692004","14.201","138.6","","","","1"
"2022-06","Ontario","2016A000235","Health and personal care","2002=100","17","units","0","v41692004","14.201","140.2","","","","1"
"2022-07","Ontario","2016A000235","Health and personal care","2002=100","17","units","0","v41692004","14.201","140.8","","","","1"
"2022-08","Ontario","2016A000235","Health and personal care","2002=100","17","units","0","v41692004","14.201","140.9","","","","1"
"2022-09","Ontario","2016A000235","Health and personal care","2002=100","17","units","0","v41692004","14.201","141.5","","","","1"
"2022-10","Ontario","2016A000235","Health and personal care","2002=100","17","units","0","v41692004","14.201","141.7","","","","1"
"2022-11","Ontario","2016A000235","Health and personal care","2002=100","17","units","0","v41692004","14.201","142.9","","","","1"
"2022-12","Ontario","2016A000235","Health and personal care","2002=100","17","units","0","v41692004","14.201","143.4","","","","1"
"2023-01","Ontario","2016A000235","Health and personal care","2002=100","17","units","0","v41692004","14.201","143.6","","","","1"
"2023-02","Ontario","2016A000235","Health and personal care","2002=100","17","units","0","v41692004","14.201","144.8","","","","1"
"2023-03","Ontario","2016A000235","Health and personal care","2002=100","17","units","0","v41692004","14.201","145.9","","","","1"
"2023-04","Ontario","2016A000235","Health and personal care","2002=100","17","units","0","v41692004","14.201","147.6","","","","1"
"2023-05","Ontario","2016A000235","Health and personal care","2002=100","17","units","0","v41692004","14.201","147.7","","","","1"
"2023-06","Ontario","2016A000235","Health and personal care","2002=100","17","units","0","v41692004","14.201","148.2","","","","1"
"2023-07","Ontario","2016A000235","Health and personal care","2002=100","17","units","0","v41692004","14.201","148.4","","","","1"
"2023-08","Ontario","2016A000235","Health and personal care","2002=100","17","units","0","v41692004","14.201","149.0","","","","1"
"2023-09","Ontario","2016A000235","Health and personal care","2002=100","17","units","0","v41692004","14.201","149.4","","","","1"
"2023-10","Ontario","2016A000235","Health and personal care","2002=100","17","units","0","v41692004","14.201","149.5","","","","1"
"2023-11","Ontario","2016A000235","Health and personal care","2002=100","17","units","0","v41692004","14.201","149.3","","","","1"
"2023-12","Ontario","2016A000235","Health and personal care","2002=100","17","units","0","v41692004","14.201","148.2","","","","1"
"2024-01","Ontario","2016A000235","Health and personal care","2002=100","17","units","0","v41692004","14.201","148.7","","","","1"
"2024-02","Ontario","2016A000235","Health and personal care","2002=100","17","units","0","v41692004","14.201","149.8","","","","1"
"2024-03","Ontario","2016A000235","Health and personal care","2002=100","17","units","0","v41692004","14.201","150.0","","","","1"
"2024-04","Ontario","2016A000235","Health and personal care","2002=100","17","units","0","v41692004","14.201","151.6","","","","1"
"2024-05","Ontario","2016A000235","Health and personal care","2002=100","17","units","0","v41692004","14.201","152.8","","","","1"
"2024-06","Ontario","2016A000235","Health and personal care","2002=100","17","units","0","v41692004","14.201","152.5","","","","1"
"2024-07","Ontario","2016A000235","Health and personal care","2002=100","17","units","0","v41692004","14.201","152.3","","","","1"
"2024-08","Ontario","2016A000235","Health and personal care","2002=100","17","units","0","v41692004","14.201","153.3","","","","1"
"2024-09","Ontario","2016A000235","Health and personal care","2002=100","17","units","0","v41692004","14.201","154.7","","","","1"
"2024-10","Ontario","2016A000235","Health and personal care","2002=100","17","units","0","v41692004","14.201","155.0","","","","1"
"2024-11","Ontario","2016A000235","Health and personal care","2002=100","17","units","0","v41692004","14.201","153.7","","","","1"
"2024-12","Ontario","2016A000235","Health and personal care","2002=100","17","units","0","v41692004","14.201","153.8","","","","1"
"2025-01","Ontario","2016A000235","Health and personal care","2002=100","17","units","0","v41692004","14.201","153.8","","","","1"
"2025-02","Ontario","2016A000235","Health and personal care","2002=100","17","units","0","v41692004","14.201","154.4","","","","1"
"2025-03","Ontario","2016A000235","Health and personal care","2002=100","17","units","0","v41692004","14.201","154.6","","","","1"
"2025-04","Ontario","2016A000235","Health and personal care","2002=100","17","units","0","v41692004","14.201","154.9","","","","1"
"2025-05","Ontario","2016A000235","Health and personal care","2002=100","17","units","0","v41692004","14.201","156.3","","","","1"
"2025-06","Ontario","2016A000235","Health and personal care","2002=100","17","units","0","v41692004","14.201","157.1","","","","1"
"2025-07","Ontario","2016A000235","Health and personal care","2002=100","17","units","0","v41692004","14.201","156.8","","","","1"
"2025-08","Ontario","2016A000235","Health and personal care","2002=100","17","units","0","v41692004","14.201","157.2","","","","1"
"2025-09","Ontario","2016A000235","Health and personal care","2002=100","17","units","0","v41692004","14.201","157.9","","","","1"
"2025-10","Ontario","2016A000235","Health and personal care","2002=100","17","units","0","v41692004","14.201","157.4","","","","1"
"2025-11","Ontario","2016A000235","Health and personal care","2002=100","17","units","0","v41692004","14.201","157.6","","","","1"
"2025-12","Ontario","2016A000235","Health and personal care","2002=100","17","units","0","v41692004","14.201","157.8","","","","1"
"2026-01","Ontario","2016A000235","Health and personal care","2002=100","17","units","0","v41692004","14.201","158.0","","","","1"
"2026-02","Ontario","2016A000235","Health and personal care","2002=100","17","units","0","v41692004","14.201","158.4","","","","1"
"2026-03","Ontario","2016A000235","Health and personal care","2002=100","17","units","0","v41692004","14.201","158.5","","","","1"
"2026-04","Ontario","2016A000235","Health and personal care","2002=100","17","units","0","v41692004","14.201","159.3","","","","1"
"2026-05","Ontario","2016A000235","Health and personal care","2002=100","17","units","0","v41692004","14.201","159.9","","","","1"
"2026-06","Ontario","2016A000235","Health and personal care","2002=100","17","units","0","v41692004","14.201","159.9","","","","1"
"2015-01","Ontario","2016A000235","Recreation, education and reading","2002=100","17","units","0","v41692014","14.219","108.1","","","","1"
"2015-02","Ontario","2016A000235","Recreation, education and reading","2002=100","17","units","0","v41692014","14.219","110.1","","","","1"
"2015-03","Ontario","2016A000235","Recreation, education and reading","2002=100","17","units","0","v41692014","14.219","111.4","","","","1"
"2015-04","Ontario","2016A000235","Recreation, education and reading","2002=100","17","units","0","v41692014","14.219","110.1","","","","1"
"2015-05","Ontario","2016A000235","Recreation, education and reading","2002=100","17","units","0","v41692014","14.219","111.9","","","","1"
"2015-06","Ontario","2016A000235","Recreation, education and reading","2002=100","17","units","0","v41692014","14.219","112.5","","","","1"
"2015-07","Ontario","2016A000235","Recreation, education and reading","2002=100","17","units","0","v41692014","14.219","112.8","","","","1"
"2015-08","Ontario","2016A000235","Recreation, education and reading","2002=100","17","units","0","v41692014","14.219","112.9","","","","1"
"2015-09","Ontario","2016A000235","Recreation, education and reading","2002=100","17","units","0","v41692014","14.219","114.9","","","","1"
"2015-10","Ontario","2016A000235","Recreation, education and reading","2002=100","17","units","0","v41692014","14.219","114.0","","","","1"
"2015-11","Ontario","2016A000235","Recreation, education and reading","2002=100","17","units","0","v41692014","14.219","111.5","","","","1"
"2015-12","Ontario","2016A000235","Recreation, education and reading","2002=100","17","units","0","v41692014","14.219","110.2","","","","1"
"2016-01","Ontario","2016A000235","Recreation, education and reading","2002=100","17","units","0","v41692014","14.219","110.5","","","","1"
"2016-02","Ontario","2016A000235","Recreation, education and reading","2002=100","17","units","0","v41692014","14.219","112.3","","","","1"
"2016-03","Ontario","2016A000235","Recreation, education and reading","2002=100","17","units","0","v41692014","14.219","113.8","","","","1"
"2016-04","Ontario","2016A000235","Recreation, education and reading","2002=100","17","units","0","v41692014","14.219","113.0","","","","1"
"2016-05","Ontario","2016A000235","Recreation, education and reading","2002=100","17","units","0","v41692014","14.219","114.4","","","","1"
"2016-06","Ontario","2016A000235","Recreation, education and reading","2002=100","17","units","0","v41692014","14.219","114.8","","","","1"
"2016-07","Ontario","2016A000235","Recreation, education and reading","2002=100","17","units","0","v41692014","14.219","115.9","","","","1"
"2016-08","Ontario","2016A000235","Recreation, education and reading","2002=100","17","units","0","v41692014","14.219","115.5","","","","1"
"2016-09","Ontario","2016A000235","Recreation, education and reading","2002=100","17","units","0","v41692014","14.219","117.1","","","","1"
"2016-10","Ontario","2016A000235","Recreation, education and reading","2002=100","17","units","0","v41692014","14.219","115.4","","","","1"
"2016-11","Ontario","2016A000235","Recreation, education and reading","2002=100","17","units","0","v41692014","14.219","113.8","","","","1"
"2016-12","Ontario","2016A000235","Recreation, education and reading","2002=100","17","units","0","v41692014","14.219","112.6","","","","1"
"2017-01","Ontario","2016A000235","Recreation, education and reading","2002=100","17","units","0","v41692014","14.219","113.2","","","","1"
"2017-02","Ontario","2016A000235","Recreation, education and reading","2002=100","17","units","0","v41692014","14.219","115.5","","","","1"
"2017-03","Ontario","2016A000235","Recreation, education and reading","2002=100","17","units","0","v41692014","14.219","117.7","","","","1"
"2017-04","Ontario","2016A000235","Recreation, education and reading","2002=100","17","units","0","v41692014","14.219","117.1","","","","1"
"2017-05","Ontario","2016A000235","Recreation, education and reading","2002=100","17","units","0","v41692014","14.219","118.0","","","","1"
"2017-06","Ontario","2016A000235","Recreation, education and reading","2002=100","17","units","0","v41692014","14.219","118.6","","","","1"
"2017-07","Ontario","2016A000235","Recreation, education and reading","2002=100","17","units","0","v41692014","14.219","119.2","","","","1"
"2017-08","Ontario","2016A000235","Recreation, education and reading","2002=100","17","units","0","v41692014","14.219","118.6","","","","1"
"2017-09","Ontario","2016A000235","Recreation, education and reading","2002=100","17","units","0","v41692014","14.219","121.3","","","","1"
"2017-10","Ontario","2016A000235","Recreation, education and reading","2002=100","17","units","0","v41692014","14.219","119.0","","","","1"
"2017-11","Ontario","2016A000235","Recreation, education and reading","2002=100","17","units","0","v41692014","14.219","117.2","","","","1"
"2017-12","Ontario","2016A000235","Recreation, education and reading","2002=100","17","units","0","v41692014","14.219","114.5","","","","1"
"2018-01","Ontario","2016A000235","Recreation, education and reading","2002=100","17","units","0","v41692014","14.219","115.1","","","","1"
"2018-02","Ontario","2016A000235","Recreation, education and reading","2002=100","17","units","0","v41692014","14.219","117.3","","","","1"
"2018-03","Ontario","2016A000235","Recreation, education and reading","2002=100","17","units","0","v41692014","14.219","120.8","","","","1"
"2018-04","Ontario","2016A000235","Recreation, education and reading","2002=100","17","units","0","v41692014","14.219","117.5","","","","1"
"2018-05","Ontario","2016A000235","Recreation, education and reading","2002=100","17","units","0","v41692014","14.219","119.7","","","","1"
"2018-06","Ontario","2016A000235","Recreation, education and reading","2002=100","17","units","0","v41692014","14.219","120.1","","","","1"
"2018-07","Ontario","2016A000235","Recreation, education and reading","2002=100","17","units","0","v41692014","14.219","121.8","","","","1"
"2018-08","Ontario","2016A000235","Recreation, education and reading","2002=100","17","units","0","v41692014","14.219","121.6","","","","1"
"2018-09","Ontario","2016A000235","Recreation, education and reading","2002=100","17","units","0","v41692014","14.219","121.7","","","","1"
"2018-10","Ontario","2016A000235","Recreation, education and reading","2002=100","17","units","0","v41692014","14.219","120.6","","","","1"
"2018-11","Ontario","2016A000235","Recreation, education and reading","2002=100","17","units","0","v41692014","14.219","118.6","","","","1"
"2018-12","Ontario","2016A000235","Recreation, education and reading","2002=100","17","units","0","v41692014","14.219","116.3","","","","1"
"2019-01","Ontario","2016A000235","Recreation, education and reading","2002=100","17","units","0","v41692014","14.219","116.8","","","","1"
"2019-02","Ontario","2016A000235","Recreation, education and reading","2002=100","17","units","0","v41692014","14.219","119.1","","","","1"
"2019-03","Ontario","2016A000235","Recreation, education and reading","2002=100","17","units","0","v41692014","14.219","121.5","","","","1"
"2019-04","Ontario","2016A000235","Recreation, education and reading","2002=100","17","units","0","v41692014","14.219","119.6","","","","1"
"2019-05","Ontario","2016A000235","Recreation, education and reading","2002=100","17","units","0","v41692014","14.219","122.3","","","","1"
"2019-06","Ontario","2016A000235","Recreation, education and reading","2002=100","17","units","0","v41692014","14.219","121.5","","","","1"
"2019-07","Ontario","2016A000235","Recreation, education and reading","2002=100","17","units","0","v41692014","14.219","125.3","","","","1"
"2019-08","Ontario","2016A000235","Recreation, education and reading","2002=100","17","units","0","v41692014","14.219","123.8","","","","1"
"2019-09","Ontario","2016A000235","Recreation, education and reading","2002=100","17","units","0","v41692014","14.219","119.7","","","","1"
"2019-10","Ontario","2016A000235","Recreation, education and reading","2002=100","17","units","0","v41692014","14.219","119.6","","","","1"
"2019-11","Ontario","2016A000235","Recreation, education and reading","2002=100","17","units","0","v41692014","14.219","115.3","","","","1"
"2019-12","Ontario","2016A000235","Recreation, education and reading","2002=100","17","units","0","v41692014","14.219","114.1","","","","1"
"2020-01","Ontario","2016A000235","Recreation, education and reading","2002=100","17","units","0","v41692014","14.219","114.2","","","","1"
"2020-02","Ontario","2016A000235","Recreation, education and reading","2002=100","17","units","0","v41692014","14.219","117.6","","","","1"
"2020-03","Ontario","2016A000235","Recreation, education and reading","2002=100","17","units","0","v41692014","14.219","118.3","","","","1"
"2020-04","Ontario","2016A000235","Recreation, education and reading","2002=100","17","units","0","v41692014","14.219","117.6","","","","1"
"2020-05","Ontario","2016A000235","Recreation, education and reading","2002=100","17","units","0","v41692014","14.219","118.1","","","","1"
"2020-06","Ontario","2016A000235","Recreation, education and reading","2002=100","17","units","0","v41692014","14.219","118.6","","","","1"
"2020-07","Ontario","2016A000235","Recreation, education and reading","2002=100","17","units","0","v41692014","14.219","118.3","","","","1"
"2020-08","Ontario","2016A000235","Recreation, education and reading","2002=100","17","units","0","v41692014","14.219","118.3","","","","1"
"2020-09","Ontario","2016A000235","Recreation, education and reading","2002=100","17","units","0","v41692014","14.219","118.7","","","","1"
"2020-10","Ontario","2016A000235","Recreation, education and reading","2002=100","17","units","0","v41692014","14.219","117.6","","","","1"
"2020-11","Ontario","2016A000235","Recreation, education and reading","2002=100","17","units","0","v41692014","14.219","116.9","","","","1"
"2020-12","Ontario","2016A000235","Recreation, education and reading","2002=100","17","units","0","v41692014","14.219","116.6","","","","1"
"2021-01","Ontario","2016A000235","Recreation, education and reading","2002=100","17","units","0","v41692014","14.219","117.3","","","","1"
"2021-02","Ontario","2016A000235","Recreation, education and reading","2002=100","17","units","0","v41692014","14.219","116.8","","","","1"
"2021-03","Ontario","2016A000235","Recreation, education and reading","2002=100","17","units","0","v41692014","14.219","117.5","","","","1"
"2021-04","Ontario","2016A000235","Recreation, education and reading","2002=100","17","units","0","v41692014","14.219","118.1","","","","1"
"2021-05","Ontario","2016A000235","Recreation, education and reading","2002=100","17","units","0","v41692014","14.219","118.9","","","","1"
"2021-06","Ontario","2016A000235","Recreation, education and reading","2002=100","17","units","0","v41692014","14.219","119.0","","","","1"
"2021-07","Ontario","2016A000235","Recreation, education and reading","2002=100","17","units","0","v41692014","14.219","120.8","","","","1"
"2021-08","Ontario","2016A000235","Recreation, education and reading","2002=100","17","units","0","v41692014","14.219","119.0","","","","1"
"2021-09","Ontario","2016A000235","Recreation, education and reading","2002=100","17","units","0","v41692014","14.219","119.1","","","","1"
"2021-10","Ontario","2016A000235","Recreation, education and reading","2002=100","17","units","0","v41692014","14.219","120.5","","","","1"
"2021-11","Ontario","2016A000235","Recreation, education and reading","2002=100","17","units","0","v41692014","14.219","118.5","","","","1"
"2021-12","Ontario","2016A000235","Recreation, education and reading","2002=100","17","units","0","v41692014","14.219","117.8","","","","1"
"2022-01","Ontario","2016A000235","Recreation, education and reading","2002=100","17","units","0","v41692014","14.219","119.4","","","","1"
"2022-02","Ontario","2016A000235","Recreation, education and reading","2002=100","17","units","0","v41692014","14.219","121.0","","","","1"
"2022-03","Ontario","2016A000235","Recreation, education and reading","2002=100","17","units","0","v41692014","14.219","123.4","","","","1"
"2022-04","Ontario","2016A000235","Recreation, education and reading","2002=100","17","units","0","v41692014","14.219","121.8","","","","1"
"2022-05","Ontario","2016A000235","Recreation, education and reading","2002=100","17","units","0","v41692014","14.219","124.2","","","","1"
"2022-06","Ontario","2016A000235","Recreation, education and reading","2002=100","17","units","0","v41692014","14.219","124.9","","","","1"
"2022-07","Ontario","2016A000235","Recreation, education and reading","2002=100","17","units","0","v41692014","14.219","127.2","","","","1"
"2022-08","Ontario","2016A000235","Recreation, education and reading","2002=100","17","units","0","v41692014","14.219","125.5","","","","1"
"2022-09","Ontario","2016A000235","Recreation, education and reading","2002=100","17","units","0","v41692014","14.219","125.7","","","","1"
"2022-10","Ontario","2016A000235","Recreation, education and reading","2002=100","17","units","0","v41692014","14.219","125.2","","","","1"
"2022-11","Ontario","2016A000235","Recreation, education and reading","2002=100","17","units","0","v41692014","14.219","123.6","","","","1"
"2022-12","Ontario","2016A000235","Recreation, education and reading","2002=100","17","units","0","v41692014","14.219","121.6","","","","1"
"2023-01","Ontario","2016A000235","Recreation, education and reading","2002=100","17","units","0","v41692014","14.219","122.7","","","","1"
"2023-02","Ontario","2016A000235","Recreation, education and reading","2002=100","17","units","0","v41692014","14.219","124.0","","","","1"
"2023-03","Ontario","2016A000235","Recreation, education and reading","2002=100","17","units","0","v41692014","14.219","126.2","","","","1"
"2023-04","Ontario","2016A000235","Recreation, education and reading","2002=100","17","units","0","v41692014","14.219","126.1","","","","1"
"2023-05","Ontario","2016A000235","Recreation, education and reading","2002=100","17","units","0","v41692014","14.219","128.1","","","","1"
"2023-06","Ontario","2016A000235","Recreation, education and reading","2002=100","17","units","0","v41692014","14.219","125.5","","","","1"
"2023-07","Ontario","2016A000235","Recreation, education and reading","2002=100","17","units","0","v41692014","14.219","128.4","","","","1"
"2023-08","Ontario","2016A000235","Recreation, education and reading","2002=100","17","units","0","v41692014","14.219","127.0","","","","1"
"2023-09","Ontario","2016A000235","Recreation, education and reading","2002=100","17","units","0","v41692014","14.219","126.9","","","","1"
"2023-10","Ontario","2016A000235","Recreation, education and reading","2002=100","17","units","0","v41692014","14.219","129.3","","","","1"
"2023-11","Ontario","2016A000235","Recreation, education and reading","2002=100","17","units","0","v41692014","14.219","129.9","","","","1"
"2023-12","Ontario","2016A000235","Recreation, education and reading","2002=100","17","units","0","v41692014","14.219","124.0","","","","1"
"2024-01","Ontario","2016A000235","Recreation, education and reading","2002=100","17","units","0","v41692014","14.219","122.7","","","","1"
"2024-02","Ontario","2016A000235","Recreation, education and reading","2002=100","17","units","0","v41692014","14.219","124.9","","","","1"
"2024-03","Ontario","2016A000235","Recreation, education and reading","2002=100","17","units","0","v41692014","14.219","129.2","","","","1"
"2024-04","Ontario","2016A000235","Recreation, education and reading","2002=100","17","units","0","v41692014","14.219","127.4","","","","1"
"2024-05","Ontario","2016A000235","Recreation, education and reading","2002=100","17","units","0","v41692014","14.219","129.8","","","","1"
"2024-06","Ontario","2016A000235","Recreation, education and reading","2002=100","17","units","0","v41692014","14.219","126.7","","","","1"
"2024-07","Ontario","2016A000235","Recreation, education and reading","2002=100","17","units","0","v41692014","14.219","128.2","","","","1"
"2024-08","Ontario","2016A000235","Recreation, education and reading","2002=100","17","units","0","v41692014","14.219","127.0","","","","1"
"2024-09","Ontario","2016A000235","Recreation, education and reading","2002=100","17","units","0","v41692014","14.219","126.8","","","","1"
"2024-10","Ontario","2016A000235","Recreation, education and reading","2002=100","17","units","0","v41692014","14.219","127.7","","","","1"
"2024-11","Ontario","2016A000235","Recreation, education and reading","2002=100","17","units","0","v41692014","14.219","127.2","","","","1"
"2024-12","Ontario","2016A000235","Recreation, education and reading","2002=100","17","units","0","v41692014","14.219","125.1","","","","1"
"2025-01","Ontario","2016A000235","Recreation, education and reading","2002=100","17","units","0","v41692014","14.219","124.4","","","","1"
"2025-02","Ontario","2016A000235","Recreation, education and reading","2002=100","17","units","0","v41692014","14.219","130.4","","","","1"
"2025-03","Ontario","2016A000235","Recreation, education and reading","2002=100","17","units","0","v41692014","14.219","128.7","","","","1"
"2025-04","Ontario","2016A000235","Recreation, education and reading","2002=100","17","units","0","v41692014","14.219","128.6","","","","1"
"2025-05","Ontario","2016A000235","Recreation, education and reading","2002=100","17","units","0","v41692014","14.219","132.2","","","","1"
"2025-06","Ontario","2016A000235","Recreation, education and reading","2002=100","17","units","0","v41692014","14.219","129.8","","","","1"
"2025-07","Ontario","2016A000235","Recreation, education and reading","2002=100","17","units","0","v41692014","14.219","130.6","","","","1"
"2025-08","Ontario","2016A000235","Recreation, education and reading","2002=100","17","units","0","v41692014","14.219","128.4","","","","1"
"2025-09","Ontario","2016A000235","Recreation, education and reading","2002=100","17","units","0","v41692014","14.219","129.8","","","","1"
"2025-10","Ontario","2016A000235","Recreation, education and reading","2002=100","17","units","0","v41692014","14.219","130.7","","","","1"
"2025-11","Ontario","2016A000235","Recreation, education and reading","2002=100","17","units","0","v41692014","14.219","127.7","","","","1"
"2025-12","Ontario","2016A000235","Recreation, education and reading","2002=100","17","units","0","v41692014","14.219","126.6","","","","1"
"2026-01","Ontario","2016A000235","Recreation, education and reading","2002=100","17","units","0","v41692014","14.219","126.9","","","","1"
"2026-02","Ontario","2016A000235","Recreation, education and reading","2002=100","17","units","0","v41692014","14.219","130.8","","","","1"
"2026-03","Ontario","2016A000235","Recreation, education and reading","2002=100","17","units","0","v41692014","14.219","133.4","","","","1"
"2026-04","Ontario","2016A000235","Recreation, education and reading","2002=100","17","units","0","v41692014","14.219","130.2","","","","1"
"2026-05","Ontario","2016A000235","Recreation, education and reading","2002=100","17","units","0","v41692014","14.219","133.4","","","","1"
"2026-06","Ontario","2016A000235","Recreation, education and reading","2002=100","17","units","0","v41692014","14.219","133.4","","","","1"
"2015-01","Ontario","2016A000235","Alcoholic beverages, tobacco products and recreational cannabis","2002=100","17","units","0","v41692027","14.256","152.9","","","","1"
"2015-02","Ontario","2016A000235","Alcoholic beverages, tobacco products and recreational cannabis","2002=100","17","units","0","v41692027","14.256","153.4","","","","1"
"2015-03","Ontario","2016A000235","Alcoholic beverages, tobacco products and recreational cannabis","2002=100","17","units","0","v41692027","14.256","154.5","","","","1"
"2015-04","Ontario","2016A000235","Alcoholic beverages, tobacco products and recreational cannabis","2002=100","17","units","0","v41692027","14.256","154.3","","","","1"
"2015-05","Ontario","2016A000235","Alcoholic beverages, tobacco products and recreational cannabis","2002=100","17","units","0","v41692027","14.256","154.3","","","","1"
"2015-06","Ontario","2016A000235","Alcoholic beverages, tobacco products and recreational cannabis","2002=100","17","units","0","v41692027","14.256","154.8","","","","1"
"2015-07","Ontario","2016A000235","Alcoholic beverages, tobacco products and recreational cannabis","2002=100","17","units","0","v41692027","14.256","154.5","","","","1"
"2015-08","Ontario","2016A000235","Alcoholic beverages, tobacco products and recreational cannabis","2002=100","17","units","0","v41692027","14.256","155.1","","","","1"
"2015-09","Ontario","2016A000235","Alcoholic beverages, tobacco products and recreational cannabis","2002=100","17","units","0","v41692027","14.256","155.2","","","","1"
"2015-10","Ontario","2016A000235","Alcoholic beverages, tobacco products and recreational cannabis","2002=100","17","units","0","v41692027","14.256","155.5","","","","1"
"2015-11","Ontario","2016A000235","Alcoholic beverages, tobacco products and recreational cannabis","2002=100","17","units","0","v41692027","14.256","155.9","","","","1"
"2015-12","Ontario","2016A000235","Alcoholic beverages, tobacco products and recreational cannabis","2002=100","17","units","0","v41692027","14.256","155.7","","","","1"
"2016-01","Ontario","2016A000235","Alcoholic beverages, tobacco products and recreational cannabis","2002=100","17","units","0","v41692027","14.256","156.3","","","","1"
"2016-02","Ontario","2016A000235","Alcoholic beverages, tobacco products and recreational cannabis","2002=100","17","units","0","v41692027","14.256","157.1","","","","1"
"2016-03","Ontario","2016A000235","Alcoholic beverages, tobacco products and recreational cannabis","2002=100","17","units","0","v41692027","14.256","160.2","","","","1"
"2016-04","Ontario","2016A000235","Alcoholic beverages, tobacco products and recreational cannabis","2002=100","17","units","0","v41692027","14.256","160.2","","","","1"
"2016-05","Ontario","2016A000235","Alcoholic beverages, tobacco products and recreational cannabis","2002=100","17","units","0","v41692027","14.256","160.1","","","","1"
"2016-06","Ontario","2016A000235","Alcoholic beverages, tobacco products and recreational cannabis","2002=100","17","units","0","v41692027","14.256","160.1","","","","1"
"2016-07","Ontario","2016A000235","Alcoholic beverages, tobacco products and recreational cannabis","2002=100","17","units","0","v41692027","14.256","160.3","","","","1"
"2016-08","Ontario","2016A000235","Alcoholic beverages, tobacco products and recreational cannabis","2002=100","17","units","0","v41692027","14.256","160.4","","","","1"
"2016-09","Ontario","2016A000235","Alcoholic beverages, tobacco products and recreational cannabis","2002=100","17","units","0","v41692027","14.256","161.5","","","","1"
"2016-10","Ontario","2016A000235","Alcoholic beverages, tobacco products and recreational cannabis","2002=100","17","units","0","v41692027","14.256","161.7","","","","1"
"2016-11","Ontario","2016A000235","Alcoholic beverages, tobacco products and recreational cannabis","2002=100","17","units","0","v41692027","14.256","161.4","","","","1"
"2016-12","Ontario","2016A000235","Alcoholic beverages, tobacco products and recreational cannabis","2002=100","17","units","0","v41692027","14.256","161.3","","","","1"
"2017-01","Ontario","2016A000235","Alcoholic beverages, tobacco products and recreational cannabis","2002=100","17","units","0","v41692027","14.256","162.3","","","","1"
"2017-02","Ontario","2016A000235","Alcoholic beverages, tobacco products and recreational cannabis","2002=100","17","units","0","v41692027","14.256","163.0","","","","1"
"2017-03","Ontario","2016A000235","Alcoholic beverages, tobacco products and recreational cannabis","2002=100","17","units","0","v41692027","14.256","163.5","","","","1"
"2017-04","Ontario","2016A000235","Alcoholic beverages, tobacco products and recreational cannabis","2002=100","17","units","0","v41692027","14.256","163.7","","","","1"
"2017-05","Ontario","2016A000235","Alcoholic beverages, tobacco products and recreational cannabis","2002=100","17","units","0","v41692027","14.256","164.9","","","","1"
"2017-06","Ontario","2016A000235","Alcoholic beverages, tobacco products and recreational cannabis","2002=100","17","units","0","v41692027","14.256","166.2","","","","1"
"2017-07","Ontario","2016A000235","Alcoholic beverages, tobacco products and recreational cannabis","2002=100","17","units","0","v41692027","14.256","166.0","","","","1"
"2017-08","Ontario","2016A000235","Alcoholic beverages, tobacco products and recreational cannabis","2002=100","17","units","0","v41692027","14.256","166.1","","","","1"
"2017-09","Ontario","2016A000235","Alcoholic beverages, tobacco products and recreational cannabis","2002=100","17","units","0","v41692027","14.256","166.9","","","","1"
"2017-10","Ontario","2016A000235","Alcoholic beverages, tobacco products and recreational cannabis","2002=100","17","units","0","v41692027","14.256","166.9","","","","1"
"2017-11","Ontario","2016A000235","Alcoholic beverages, tobacco products and recreational cannabis","2002=100","17","units","0","v41692027","14.256","166.5","","","","1"
"2017-12","Ontario","2016A000235","Alcoholic beverages, tobacco products and recreational cannabis","2002=100","17","units","0","v41692027","14.256","166.5","","","","1"
"2018-01","Ontario","2016A000235","Alcoholic beverages, tobacco products and recreational cannabis","2002=100","17","units","0","v41692027","14.256","167.9","","","","1"
"2018-02","Ontario","2016A000235","Alcoholic beverages, tobacco products and recreational cannabis","2002=100","17","units","0","v41692027","14.256","168.7","","","","1"
"2018-03","Ontario","2016A000235","Alcoholic beverages, tobacco products and recreational cannabis","2002=100","17","units","0","v41692027","14.256","171.4","","","","1"
"2018-04","Ontario","2016A000235","Alcoholic beverages, tobacco products and recreational cannabis","2002=100","17","units","0","v41692027","14.256","174.6","","","","1"
"2018-05","Ontario","2016A000235","Alcoholic beverages, tobacco products and recreational cannabis","2002=100","17","units","0","v41692027","14.256","175.2","","","","1"
"2018-06","Ontario","2016A000235","Alcoholic beverages, tobacco products and recreational cannabis","2002=100","17","units","0","v41692027","14.256","175.9","","","","1"
"2018-07","Ontario","2016A000235","Alcoholic beverages, tobacco products and recreational cannabis","2002=100","17","units","0","v41692027","14.256","175.5","","","","1"
"2018-08","Ontario","2016A000235","Alcoholic beverages, tobacco products and recreational cannabis","2002=100","17","units","0","v41692027","14.256","176.6","","","","1"
"2018-09","Ontario","2016A000235","Alcoholic beverages, tobacco products and recreational cannabis","2002=100","17","units","0","v41692027","14.256","176.9","","","","1"
"2018-10","Ontario","2016A000235","Alcoholic beverages, tobacco products and recreational cannabis","2002=100","17","units","0","v41692027","14.256","176.8","","","","1"
"2018-11","Ontario","2016A000235","Alcoholic beverages, tobacco products and recreational cannabis","2002=100","17","units","0","v41692027","14.256","177.4","","","","1"
"2018-12","Ontario","2016A000235","Alcoholic beverages, tobacco products and recreational cannabis","2002=100","17","units","0","v41692027","14.256","176.6","","","","1"
"2019-01","Ontario","2016A000235","Alcoholic beverages, tobacco products and recreational cannabis","2002=100","17","units","0","v41692027","14.256","178.3","","","","1"
"2019-02","Ontario","2016A000235","Alcoholic beverages, tobacco products and recreational cannabis","2002=100","17","units","0","v41692027","14.256","178.7","","","","1"
"2019-03","Ontario","2016A000235","Alcoholic beverages, tobacco products and recreational cannabis","2002=100","17","units","0","v41692027","14.256","179.0","","","","1"
"2019-04","Ontario","2016A000235","Alcoholic beverages, tobacco products and recreational cannabis","2002=100","17","units","0","v41692027","14.256","178.8","","","","1"
"2019-05","Ontario","2016A000235","Alcoholic beverages, tobacco products and recreational cannabis","2002=100","17","units","0","v41692027","14.256","179.5","","","","1"
"2019-06","Ontario","2016A000235","Alcoholic beverages, tobacco products and recreational cannabis","2002=100","17","units","0","v41692027","14.256","177.5","","","","1"
"2019-07","Ontario","2016A000235","Alcoholic beverages, tobacco products and recreational cannabis","2002=100","17","units","0","v41692027","14.256","177.2","","","","1"
"2019-08","Ontario","2016A000235","Alcoholic beverages, tobacco products and recreational cannabis","2002=100","17","units","0","v41692027","14.256","177.7","","","","1"
"2019-09","Ontario","2016A000235","Alcoholic beverages, tobacco products and recreational cannabis","2002=100","17","units","0","v41692027","14.256","177.2","","","","1"
"2019-10","Ontario","2016A000235","Alcoholic beverages, tobacco products and recreational cannabis","2002=100","17","units","0","v41692027","14.256","177.6","","","","1"
"2019-11","Ontario","2016A000235","Alcoholic beverages, tobacco products and recreational cannabis","2002=100","17","units","0","v41692027","14.256","178.6","","","","1"
"2019-12","Ontario","2016A000235","Alcoholic beverages, tobacco products and recreational cannabis","2002=100","17","units","0","v41692027","14.256","175.0","","","","1"
"2020-01","Ontario","2016A000235","Alcoholic beverages, tobacco products and recreational cannabis","2002=100","17","units","0","v41692027","14.256","176.7","","","","1"
"2020-02","Ontario","2016A000235","Alcoholic beverages, tobacco products and recreational cannabis","2002=100","17","units","0","v41692027","14.256","175.8","","","","1"
"2020-03","Ontario","2016A000235","Alcoholic beverages, tobacco products and recreational cannabis","2002=100","17","units","0","v41692027","14.256","176.2","","","","1"
"2020-04","Ontario","2016A000235","Alcoholic beverages, tobacco products and recreational cannabis","2002=100","17","units","0","v41692027","14.256","176.2","","","","1"
"2020-05","Ontario","2016A000235","Alcoholic beverages, tobacco products and recreational cannabis","2002=100","17","units","0","v41692027","14.256","176.8","","","","1"
"2020-06","Ontario","2016A000235","Alcoholic beverages, tobacco products and recreational cannabis","2002=100","17","units","0","v41692027","14.256","176.7","","","","1"
"2020-07","Ontario","2016A000235","Alcoholic beverages, tobacco products and recreational cannabis","2002=100","17","units","0","v41692027","14.256","176.2","","","","1"
"2020-08","Ontario","2016A000235","Alcoholic beverages, tobacco products and recreational cannabis","2002=100","17","units","0","v41692027","14.256","176.6","","","","1"
"2020-09","Ontario","2016A000235","Alcoholic beverages, tobacco products and recreational cannabis","2002=100","17","units","0","v41692027","14.256","177.5","","","","1"
"2020-10","Ontario","2016A000235","Alcoholic beverages, tobacco products and recreational cannabis","2002=100","17","units","0","v41692027","14.256","176.6","","","","1"
"2020-11","Ontario","2016A000235","Alcoholic beverages, tobacco products and recreational cannabis","2002=100","17","units","0","v41692027","14.256","176.4","","","","1"
"2020-12","Ontario","2016A000235","Alcoholic beverages, tobacco products and recreational cannabis","2002=100","17","units","0","v41692027","14.256","175.8","","","","1"
"2021-01","Ontario","2016A000235","Alcoholic beverages, tobacco products and recreational cannabis","2002=100","17","units","0","v41692027","14.256","177.2","","","","1"
"2021-02","Ontario","2016A000235","Alcoholic beverages, tobacco products and recreational cannabis","2002=100","17","units","0","v41692027","14.256","177.7","","","","1"
"2021-03","Ontario","2016A000235","Alcoholic beverages, tobacco products and recreational cannabis","2002=100","17","units","0","v41692027","14.256","178.0","","","","1"
"2021-04","Ontario","2016A000235","Alcoholic beverages, tobacco products and recreational cannabis","2002=100","17","units","0","v41692027","14.256","178.3","","","","1"
"2021-05","Ontario","2016A000235","Alcoholic beverages, tobacco products and recreational cannabis","2002=100","17","units","0","v41692027","14.256","178.7","","","","1"
"2021-06","Ontario","2016A000235","Alcoholic beverages, tobacco products and recreational cannabis","2002=100","17","units","0","v41692027","14.256","179.6","","","","1"
"2021-07","Ontario","2016A000235","Alcoholic beverages, tobacco products and recreational cannabis","2002=100","17","units","0","v41692027","14.256","176.8","","","","1"
"2021-08","Ontario","2016A000235","Alcoholic beverages, tobacco products and recreational cannabis","2002=100","17","units","0","v41692027","14.256","177.7","","","","1"
"2021-09","Ontario","2016A000235","Alcoholic beverages, tobacco products and recreational cannabis","2002=100","17","units","0","v41692027","14.256","177.1","","","","1"
"2021-10","Ontario","2016A000235","Alcoholic beverages, tobacco products and recreational cannabis","2002=100","17","units","0","v41692027","14.256","177.8","","","","1"
"2021-11","Ontario","2016A000235","Alcoholic beverages, tobacco products and recreational cannabis","2002=100","17","units","0","v41692027","14.256","178.0","","","","1"
"2021-12","Ontario","2016A000235","Alcoholic beverages, tobacco products and recreational cannabis","2002=100","17","units","0","v41692027","14.256","177.1","","","","1"
"2022-01","Ontario","2016A000235","Alcoholic beverages, tobacco products and recreational cannabis","2002=100","17","units","0","v41692027","14.256","179.5","","","","1"
"2022-02","Ontario","2016A000235","Alcoholic beverages, tobacco products and recreational cannabis","2002=100","17","units","0","v41692027","14.256","180.3","","","","1"
"2022-03","Ontario","2016A000235","Alcoholic beverages, tobacco products and recreational cannabis","2002=100","17","units","0","v41692027","14.256","181.0","","","","1"
"2022-04","Ontario","2016A000235","Alcoholic beverages, tobacco products and recreational cannabis","2002=100","17","units","0","v41692027","14.256","180.4","","","","1"
"2022-05","Ontario","2016A000235","Alcoholic beverages, tobacco products and recreational cannabis","2002=100","17","units","0","v41692027","14.256","180.8","","","","1"
"2022-06","Ontario","2016A000235","Alcoholic beverages, tobacco products and recreational cannabis","2002=100","17","units","0","v41692027","14.256","181.0","","","","1"
"2022-07","Ontario","2016A000235","Alcoholic beverages, tobacco products and recreational cannabis","2002=100","17","units","0","v41692027","14.256","180.7","","","","1"
"2022-08","Ontario","2016A000235","Alcoholic beverages, tobacco products and recreational cannabis","2002=100","17","units","0","v41692027","14.256","181.8","","","","1"
"2022-09","Ontario","2016A000235","Alcoholic beverages, tobacco products and recreational cannabis","2002=100","17","units","0","v41692027","14.256","181.2","","","","1"
"2022-10","Ontario","2016A000235","Alcoholic beverages, tobacco products and recreational cannabis","2002=100","17","units","0","v41692027","14.256","182.6","","","","1"
"2022-11","Ontario","2016A000235","Alcoholic beverages, tobacco products and recreational cannabis","2002=100","17","units","0","v41692027","14.256","183.1","","","","1"
"2022-12","Ontario","2016A000235","Alcoholic beverages, tobacco products and recreational cannabis","2002=100","17","units","0","v41692027","14.256","182.9","","","","1"
"2023-01","Ontario","2016A000235","Alcoholic beverages, tobacco products and recreational cannabis","2002=100","17","units","0","v41692027","14.256","186.2","","","","1"
"2023-02","Ontario","2016A000235","Alcoholic beverages, tobacco products and recreational cannabis","2002=100","17","units","0","v41692027","14.256","188.2","","","","1"
"2023-03","Ontario","2016A000235","Alcoholic beverages, tobacco products and recreational cannabis","2002=100","17","units","0","v41692027","14.256","189.4","","","","1"
"2023-04","Ontario","2016A000235","Alcoholic beverages, tobacco products and recreational cannabis","2002=100","17","units","0","v41692027","14.256","189.1","","","","1"
"2023-05","Ontario","2016A000235","Alcoholic beverages, tobacco products and recreational cannabis","2002=100","17","units","0","v41692027","14.256","189.6","","","","1"
"2023-06","Ontario","2016A000235","Alcoholic beverages, tobacco products and recreational cannabis","2002=100","17","units","0","v41692027","14.256","189.3","","","","1"
"2023-07","Ontario","2016A000235","Alcoholic beverages, tobacco products and recreational cannabis","2002=100","17","units","0","v41692027","14.256","190.9","","","","1"
"2023-08","Ontario","2016A000235","Alcoholic beverages, tobacco products and recreational cannabis","2002=100","17","units","0","v41692027","14.256","191.3","","","","1"
"2023-09","Ontario","2016A000235","Alcoholic beverages, tobacco products and recreational cannabis","2002=100","17","units","0","v41692027","14.256","191.1","","","","1"
"2023-10","Ontario","2016A000235","Alcoholic beverages, tobacco products and recreational cannabis","2002=100","17","units","0","v41692027","14.256","192.1","","","","1"
"2023-11","Ontario","2016A000235","Alcoholic beverages, tobacco products and recreational cannabis","2002=100","17","units","0","v41692027","14.256","192.8","","","","1"
"2023-12","Ontario","2016A000235","Alcoholic beverages, tobacco products and recreational cannabis","2002=100","17","units","0","v41692027","14.256","191.5","","","","1"
"2024-01","Ontario","2016A000235","Alcoholic beverages, tobacco products and recreational cannabis","2002=100","17","units","0","v41692027","14.256","194.0","","","","1"
"2024-02","Ontario","2016A000235","Alcoholic beverages, tobacco products and recreational cannabis","2002=100","17","units","0","v41692027","14.256","193.9","","","","1"
"2024-03","Ontario","2016A000235","Alcoholic beverages, tobacco products and recreational cannabis","2002=100","17","units","0","v41692027","14.256","194.0","","","","1"
"2024-04","Ontario","2016A000235","Alcoholic beverages, tobacco products and recreational cannabis","2002=100","17","units","0","v41692027","14.256","194.5","","","","1"
"2024-05","Ontario","2016A000235","Alcoholic beverages, tobacco products and recreational cannabis","2002=100","17","units","0","v41692027","14.256","195.1","","","","1"
"2024-06","Ontario","2016A000235","Alcoholic beverages, tobacco products and recreational cannabis","2002=100","17","units","0","v41692027","14.256","195.3","","","","1"
"2024-07","Ontario","2016A000235","Alcoholic beverages, tobacco products and recreational cannabis","2002=100","17","units","0","v41692027","14.256","194.8","","","","1"
"2024-08","Ontario","2016A000235","Alcoholic beverages, tobacco products and recreational cannabis","2002=100","17","units","0","v41692027","14.256","196.8","","","","1"
"2024-09","Ontario","2016A000235","Alcoholic beverages, tobacco products and recreational cannabis","2002=100","17","units","0","v41692027","14.256","195.7","","","","1"
"2024-10","Ontario","2016A000235","Alcoholic beverages, tobacco products and recreational cannabis","2002=100","17","units","0","v41692027","14.256","196.6","","","","1"
"2024-11","Ontario","2016A000235","Alcoholic beverages, tobacco products and recreational cannabis","2002=100","17","units","0","v41692027","14.256","196.9","","","","1"
"2024-12","Ontario","2016A000235","Alcoholic beverages, tobacco products and recreational cannabis","2002=100","17","units","0","v41692027","14.256","190.1","","","","1"
"2025-01","Ontario","2016A000235","Alcoholic beverages, tobacco products and recreational cannabis","2002=100","17","units","0","v41692027","14.256","187.0","","","","1"
"2025-02","Ontario","2016A000235","Alcoholic beverages, tobacco products and recreational cannabis","2002=100","17","units","0","v41692027","14.256","191.4","","","","1"
"2025-03","Ontario","2016A000235","Alcoholic beverages, tobacco products and recreational cannabis","2002=100","17","units","0","v41692027","14.256","197.3","","","","1"
"2025-04","Ontario","2016A000235","Alcoholic beverages, tobacco products and recreational cannabis","2002=100","17","units","0","v41692027","14.256","197.7","","","","1"
"2025-05","Ontario","2016A000235","Alcoholic beverages, tobacco products and recreational cannabis","2002=100","17","units","0","v41692027","14.256","198.2","","","","1"
"2025-06","Ontario","2016A000235","Alcoholic beverages, tobacco products and recreational cannabis","2002=100","17","units","0","v41692027","14.256","198.1","","","","1"
"2025-07","Ontario","2016A000235","Alcoholic beverages, tobacco products and recreational cannabis","2002=100","17","units","0","v41692027","14.256","197.7","","","","1"
"2025-08","Ontario","2016A000235","Alcoholic beverages, tobacco products and recreational cannabis","2002=100","17","units","0","v41692027","14.256","198.1","","","","1"
"2025-09","Ontario","2016A000235","Alcoholic beverages, tobacco products and recreational cannabis","2002=100","17","units","0","v41692027","14.256","198.7","","","","1"
"2025-10","Ontario","2016A000235","Alcoholic beverages, tobacco products and recreational cannabis","2002=100","17","units","0","v41692027","14.256","198.5","","","","1"
"2025-11","Ontario","2016A000235","Alcoholic beverages, tobacco products and recreational cannabis","2002=100","17","units","0","v41692027","14.256","199.0","","","","1"
"2025-12","Ontario","2016A000235","Alcoholic beverages, tobacco products and recreational cannabis","2002=100","17","units","0","v41692027","14.256","198.4","","","","1"
"2026-01","Ontario","2016A000235","Alcoholic beverages, tobacco products and recreational cannabis","2002=100","17","units","0","v41692027","14.256","199.1","","","","1"
"2026-02","Ontario","2016A000235","Alcoholic beverages, tobacco products and recreational cannabis","2002=100","17","units","0","v41692027","14.256","199.5","","","","1"
"2026-03","Ontario","2016A000235","Alcoholic beverages, tobacco products and recreational cannabis","2002=100","17","units","0","v41692027","14.256","199.8","","","","1"
"2026-04","Ontario","2016A000235","Alcoholic beverages, tobacco products and recreational cannabis","2002=100","17","units","0","v41692027","14.256","200.8","","","","1"
"2026-05","Ontario","2016A000235","Alcoholic beverages, tobacco products and recreational cannabis","2002=100","17","units","0","v41692027","14.256","201.9","","","","1"
"2026-06","Ontario","2016A000235","Alcoholic beverages, tobacco products and recreational cannabis","2002=100","17","units","0","v41692027","14.256","203.6","","","","1"
"2015-01","Ontario","2016A000235","All-items excluding food and energy","2002=100","17","units","0","v41692045","14.285","120.9","","","","1"
"2015-02","Ontario","2016A000235","All-items excluding food and energy","2002=100","17","units","0","v41692045","14.285","121.6","","","","1"
"2015-03","Ontario","2016A000235","All-items excluding food and energy","2002=100","17","units","0","v41692045","14.285","122.3","","","","1"
"2015-04","Ontario","2016A000235","All-items excluding food and energy","2002=100","17","units","0","v41692045","14.285","122.4","","","","1"
"2015-05","Ontario","2016A000235","All-items excluding food and energy","2002=100","17","units","0","v41692045","14.285","122.5","","","","1"
"2015-06","Ontario","2016A000235","All-items excluding food and energy","2002=100","17","units","0","v41692045","14.285","122.7","","","","1"
"2015-07","Ontario","2016A000235","All-items excluding food and energy","2002=100","17","units","0","v41692045","14.285","122.7","","","","1"
"2015-08","Ontario","2016A000235","All-items excluding food and energy","2002=100","17","units","0","v41692045","14.285","122.7","","","","1"
"2015-09","Ontario","2016A000235","All-items excluding food and energy","2002=100","17","units","0","v41692045","14.285","123.3","","","","1"
"2015-10","Ontario","2016A000235","All-items excluding food and energy","2002=100","17","units","0","v41692045","14.285","123.7","","","","1"
"2015-11","Ontario","2016A000235","All-items excluding food and energy","2002=100","17","units","0","v41692045","14.285","123.4","","","","1"
"2015-12","Ontario","2016A000235","All-items excluding food and energy","2002=100","17","units","0","v41692045","14.285","122.7","","","","1"
"2016-01","Ontario","2016A000235","All-items excluding food and energy","2002=100","17","units","0","v41692045","14.285","122.9","","","","1"
"2016-02","Ontario","2016A000235","All-items excluding food and energy","2002=100","17","units","0","v41692045","14.285","123.5","","","","1"
"2016-03","Ontario","2016A000235","All-items excluding food and energy","2002=100","17","units","0","v41692045","14.285","124.4","","","","1"
"2016-04","Ontario","2016A000235","All-items excluding food and energy","2002=100","17","units","0","v41692045","14.285","124.7","","","","1"
"2016-05","Ontario","2016A000235","All-items excluding food and energy","2002=100","17","units","0","v41692045","14.285","125.3","","","","1"
"2016-06","Ontario","2016A000235","All-items excluding food and energy","2002=100","17","units","0","v41692045","14.285","125.5","","","","1"
"2016-07","Ontario","2016A000235","All-items excluding food and energy","2002=100","17","units","0","v41692045","14.285","125.5","","","","1"
"2016-08","Ontario","2016A000235","All-items excluding food and energy","2002=100","17","units","0","v41692045","14.285","125.4","","","","1"
"2016-09","Ontario","2016A000235","All-items excluding food and energy","2002=100","17","units","0","v41692045","14.285","126.1","","","","1"
"2016-10","Ontario","2016A000235","All-items excluding food and energy","2002=100","17","units","0","v41692045","14.285","126.4","","","","1"
"2016-11","Ontario","2016A000235","All-items excluding food and energy","2002=100","17","units","0","v41692045","14.285","126.0","","","","1"
"2016-12","Ontario","2016A000235","All-items excluding food and energy","2002=100","17","units","0","v41692045","14.285","125.5","","","","1"
"2017-01","Ontario","2016A000235","All-items excluding food and energy","2002=100","17","units","0","v41692045","14.285","126.1","","","","1"
"2017-02","Ontario","2016A000235","All-items excluding food and energy","2002=100","17","units","0","v41692045","14.285","126.8","","","","1"
"2017-03","Ontario","2016A000235","All-items excluding food and energy","2002=100","17","units","0","v41692045","14.285","127.2","","","","1"
"2017-04","Ontario","2016A000235","All-items excluding food and energy","2002=100","17","units","0","v41692045","14.285","127.3","","","","1"
"2017-05","Ontario","2016A000235","All-items excluding food and energy","2002=100","17","units","0","v41692045","14.285","127.6","","","","1"
"2017-06","Ontario","2016A000235","All-items excluding food and energy","2002=100","17","units","0","v41692045","14.285","127.9","","","","1"
"2017-07","Ontario","2016A000235","All-items excluding food and energy","2002=100","17","units","0","v41692045","14.285","127.7","","","","1"
"2017-08","Ontario","2016A000235","All-items excluding food and energy","2002=100","17","units","0","v41692045","14.285","127.6","","","","1"
"2017-09","Ontario","2016A000235","All-items excluding food and energy","2002=100","17","units","0","v41692045","14.285","128.1","","","","1"
"2017-10","Ontario","2016A000235","All-items excluding food and energy","2002=100","17","units","0","v41692045","14.285","128.6","","","","1"
"2017-11","Ontario","2016A000235","All-items excluding food and energy","2002=100","17","units","0","v41692045","14.285","128.4","","","","1"
"2017-12","Ontario","2016A000235","All-items excluding food and energy","2002=100","17","units","0","v41692045","14.285","127.5","","","","1"
"2018-01","Ontario","2016A000235","All-items excluding food and energy","2002=100","17","units","0","v41692045","14.285","128.4","","","","1"
"2018-02","Ontario","2016A000235","All-items excluding food and energy","2002=100","17","units","0","v41692045","14.285","129.4","","","","1"
"2018-03","Ontario","2016A000235","All-items excluding food and energy","2002=100","17","units","0","v41692045","14.285","130.1","","","","1"
"2018-04","Ontario","2016A000235","All-items excluding food and energy","2002=100","17","units","0","v41692045","14.285","129.9","","","","1"
"2018-05","Ontario","2016A000235","All-items excluding food and energy","2002=100","17","units","0","v41692045","14.285","129.8","","","","1"
"2018-06","Ontario","2016A000235","All-items excluding food and energy","2002=100","17","units","0","v41692045","14.285","130.2","","","","1"
"2018-07","Ontario","2016A000235","All-items excluding food and energy","2002=100","17","units","0","v41692045","14.285","130.9","","","","1"
"2018-08","Ontario","2016A000235","All-items excluding food and energy","2002=100","17","units","0","v41692045","14.285","131.1","","","","1"
"2018-09","Ontario","2016A000235","All-items excluding food and energy","2002=100","17","units","0","v41692045","14.285","130.6","","","","1"
"2018-10","Ontario","2016A000235","All-items excluding food and energy","2002=100","17","units","0","v41692045","14.285","131.4","","","","1"
"2018-11","Ontario","2016A000235","All-items excluding food and energy","2002=100","17","units","0","v41692045","14.285","131.1","","","","1"
"2018-12","Ontario","2016A000235","All-items excluding food and energy","2002=100","17","units","0","v41692045","14.285","131.0","","","","1"
"2019-01","Ontario","2016A000235","All-items excluding food and energy","2002=100","17","units","0","v41692045","14.285","131.2","","","","1"
"2019-02","Ontario","2016A000235","All-items excluding food and energy","2002=100","17","units","0","v41692045","14.285","132.1","","","","1"
"2019-03","Ontario","2016A000235","All-items excluding food and energy","2002=100","17","units","0","v41692045","14.285","132.6","","","","1"
"2019-04","Ontario","2016A000235","All-items excluding food and energy","2002=100","17","units","0","v41692045","14.285","132.5","","","","1"
"2019-05","Ontario","2016A000235","All-items excluding food and energy","2002=100","17","units","0","v41692045","14.285","133.1","","","","1"
"2019-06","Ontario","2016A000235","All-items excluding food and energy","2002=100","17","units","0","v41692045","14.285","133.1","","","","1"
"2019-07","Ontario","2016A000235","All-items excluding food and energy","2002=100","17","units","0","v41692045","14.285","133.9","","","","1"
"2019-08","Ontario","2016A000235","All-items excluding food and energy","2002=100","17","units","0","v41692045","14.285","133.9","","","","1"
"2019-09","Ontario","2016A000235","All-items excluding food and energy","2002=100","17","units","0","v41692045","14.285","133.0","","","","1"
"2019-10","Ontario","2016A000235","All-items excluding food and energy","2002=100","17","units","0","v41692045","14.285","133.7","","","","1"
"2019-11","Ontario","2016A000235","All-items excluding food and energy","2002=100","17","units","0","v41692045","14.285","133.2","","","","1"
"2019-12","Ontario","2016A000235","All-items excluding food and energy","2002=100","17","units","0","v41692045","14.285","133.0","","","","1"
"2020-01","Ontario","2016A000235","All-items excluding food and energy","2002=100","17","units","0","v41692045","14.285","133.1","","","","1"
"2020-02","Ontario","2016A000235","All-items excluding food and energy","2002=100","17","units","0","v41692045","14.285","134.3","","","","1"
"2020-03","Ontario","2016A000235","All-items excluding food and energy","2002=100","17","units","0","v41692045","14.285","134.5","","","","1"
"2020-04","Ontario","2016A000235","All-items excluding food and energy","2002=100","17","units","0","v41692045","14.285","134.3","","","","1"
"2020-05","Ontario","2016A000235","All-items excluding food and energy","2002=100","17","units","0","v41692045","14.285","134.0","","","","1"
"2020-06","Ontario","2016A000235","All-items excluding food and energy","2002=100","17","units","0","v41692045","14.285","134.5","","","","1"
"2020-07","Ontario","2016A000235","All-items excluding food and energy","2002=100","17","units","0","v41692045","14.285","134.3","","","","1"
"2020-08","Ontario","2016A000235","All-items excluding food and energy","2002=100","17","units","0","v41692045","14.285","134.3","","","","1"
"2020-09","Ontario","2016A000235","All-items excluding food and energy","2002=100","17","units","0","v41692045","14.285","134.3","","","","1"
"2020-10","Ontario","2016A000235","All-items excluding food and energy","2002=100","17","units","0","v41692045","14.285","134.8","","","","1"
"2020-11","Ontario","2016A000235","All-items excluding food and energy","2002=100","17","units","0","v41692045","14.285","134.9","","","","1"
"2020-12","Ontario","2016A000235","All-items excluding food and energy","2002=100","17","units","0","v41692045","14.285","134.5","","","","1"
"2021-01","Ontario","2016A000235","All-items excluding food and energy","2002=100","17","units","0","v41692045","14.285","135.2","","","","1"
"2021-02","Ontario","2016A000235","All-items excluding food and energy","2002=100","17","units","0","v41692045","14.285","135.6","","","","1"
"2021-03","Ontario","2016A000235","All-items excluding food and energy","2002=100","17","units","0","v41692045","14.285","135.9","","","","1"
"2021-04","Ontario","2016A000235","All-items excluding food and energy","2002=100","17","units","0","v41692045","14.285","136.7","","","","1"
"2021-05","Ontario","2016A000235","All-items excluding food and energy","2002=100","17","units","0","v41692045","14.285","137.3","","","","1"
"2021-06","Ontario","2016A000235","All-items excluding food and energy","2002=100","17","units","0","v41692045","14.285","137.7","","","","1"
"2021-07","Ontario","2016A000235","All-items excluding food and energy","2002=100","17","units","0","v41692045","14.285","138.2","","","","1"
"2021-08","Ontario","2016A000235","All-items excluding food and energy","2002=100","17","units","0","v41692045","14.285","138.5","","","","1"
"2021-09","Ontario","2016A000235","All-items excluding food and energy","2002=100","17","units","0","v41692045","14.285","138.8","","","","1"
"2021-10","Ontario","2016A000235","All-items excluding food and energy","2002=100","17","units","0","v41692045","14.285","139.7","","","","1"
"2021-11","Ontario","2016A000235","All-items excluding food and energy","2002=100","17","units","0","v41692045","14.285","139.7","","","","1"
"2021-12","Ontario","2016A000235","All-items excluding food and energy","2002=100","17","units","0","v41692045","14.285","139.9","","","","1"
"2022-01","Ontario","2016A000235","All-items excluding food and energy","2002=100","17","units","0","v41692045","14.285","140.8","","","","1"
"2022-02","Ontario","2016A000235","All-items excluding food and energy","2002=100","17","units","0","v41692045","14.285","141.5","","","","1"
"2022-03","Ontario","2016A000235","All-items excluding food and energy","2002=100","17","units","0","v41692045","14.285","142.7","","","","1"
"2022-04","Ontario","2016A000235","All-items excluding food and energy","2002=100","17","units","0","v41692045","14.285","143.3","","","","1"
"2022-05","Ontario","2016A000235","All-items excluding food and energy","2002=100","17","units","0","v41692045","14.285","144.4","","","","1"
"2022-06","Ontario","2016A000235","All-items excluding food and energy","2002=100","17","units","0","v41692045","14.285","145.0","","","","1"
"2022-07","Ontario","2016A000235","All-items excluding food and energy","2002=100","17","units","0","v41692045","14.285","145.8","","","","1"
"2022-08","Ontario","2016A000235","All-items excluding food and energy","2002=100","17","units","0","v41692045","14.285","145.6","","","","1"
"2022-09","Ontario","2016A000235","All-items excluding food and energy","2002=100","17","units","0","v41692045","14.285","146.2","","","","1"
"2022-10","Ontario","2016A000235","All-items excluding food and energy","2002=100","17","units","0","v41692045","14.285","146.8","","","","1"
"2022-11","Ontario","2016A000235","All-items excluding food and energy","2002=100","17","units","0","v41692045","14.285","146.9","","","","1"
"2022-12","Ontario","2016A000235","All-items excluding food and energy","2002=100","17","units","0","v41692045","14.285","146.8","","","","1"
"2023-01","Ontario","2016A000235","All-items excluding food and energy","2002=100","17","units","0","v41692045","14.285","147.0","","","","1"
"2023-02","Ontario","2016A000235","All-items excluding food and energy","2002=100","17","units","0","v41692045","14.285","147.8","","","","1"
"2023-03","Ontario","2016A000235","All-items excluding food and energy","2002=100","17","units","0","v41692045","14.285","148.8","","","","1"
"2023-04","Ontario","2016A000235","All-items excluding food and energy","2002=100","17","units","0","v41692045","14.285","149.5","","","","1"
"2023-05","Ontario","2016A000235","All-items excluding food and energy","2002=100","17","units","0","v41692045","14.285","150.0","","","","1"
"2023-06","Ontario","2016A000235","All-items excluding food and energy","2002=100","17","units","0","v41692045","14.285","149.7","","","","1"
"2023-07","Ontario","2016A000235","All-items excluding food and energy","2002=100","17","units","0","v41692045","14.285","150.9","","","","1"
"2023-08","Ontario","2016A000235","All-items excluding food and energy","2002=100","17","units","0","v41692045","14.285","150.9","","","","1"
"2023-09","Ontario","2016A000235","All-items excluding food and energy","2002=100","17","units","0","v41692045","14.285","150.9","","","","1"
"2023-10","Ontario","2016A000235","All-items excluding food and energy","2002=100","17","units","0","v41692045","14.285","152.2","","","","1"
"2023-11","Ontario","2016A000235","All-items excluding food and energy","2002=100","17","units","0","v41692045","14.285","152.5","","","","1"
"2023-12","Ontario","2016A000235","All-items excluding food and energy","2002=100","17","units","0","v41692045","14.285","152.0","","","","1"
"2024-01","Ontario","2016A000235","All-items excluding food and energy","2002=100","17","units","0","v41692045","14.285","151.7","","","","1"
"2024-02","Ontario","2016A000235","All-items excluding food and energy","2002=100","17","units","0","v41692045","14.285","151.8","","","","1"
"2024-03","Ontario","2016A000235","All-items excluding food and energy","2002=100","17","units","0","v41692045","14.285","153.0","","","","1"
"2024-04","Ontario","2016A000235","All-items excluding food and energy","2002=100","17","units","0","v41692045","14.285","153.4","","","","1"
"2024-05","Ontario","2016A000235","All-items excluding food and energy","2002=100","17","units","0","v41692045","14.285","154.5","","","","1"
"2024-06","Ontario","2016A000235","All-items excluding food and energy","2002=100","17","units","0","v41692045","14.285","154.3","","","","1"
"2024-07","Ontario","2016A000235","All-items excluding food and energy","2002=100","17","units","0","v41692045","14.285","154.9","","","","1"
"2024-08","Ontario","2016A000235","All-items excluding food and energy","2002=100","17","units","0","v41692045","14.285","154.6","","","","1"
"2024-09","Ontario","2016A000235","All-items excluding food and energy","2002=100","17","units","0","v41692045","14.285","154.5","","","","1"
"2024-10","Ontario","2016A000235","All-items excluding food and energy","2002=100","17","units","0","v41692045","14.285","155.3","","","","1"
"2024-11","Ontario","2016A000235","All-items excluding food and energy","2002=100","17","units","0","v41692045","14.285","155.1","","","","1"
"2024-12","Ontario","2016A000235","All-items excluding food and energy","2002=100","17","units","0","v41692045","14.285","155.0","","","","1"
"2025-01","Ontario","2016A000235","All-items excluding food and energy","2002=100","17","units","0","v41692045","14.285","154.9","","","","1"
"2025-02","Ontario","2016A000235","All-items excluding food and energy","2002=100","17","units","0","v41692045","14.285","156.7","","","","1"
"2025-03","Ontario","2016A000235","All-items excluding food and energy","2002=100","17","units","0","v41692045","14.285","156.5","","","","1"
"2025-04","Ontario","2016A000235","All-items excluding food and energy","2002=100","17","units","0","v41692045","14.285","157.3","","","","1"
"2025-05","Ontario","2016A000235","All-items excluding food and energy","2002=100","17","units","0","v41692045","14.285","158.4","","","","1"
"2025-06","Ontario","2016A000235","All-items excluding food and energy","2002=100","17","units","0","v41692045","14.285","158.4","","","","1"
"2025-07","Ontario","2016A000235","All-items excluding food and energy","2002=100","17","units","0","v41692045","14.285","158.6","","","","1"
"2025-08","Ontario","2016A000235","All-items excluding food and energy","2002=100","17","units","0","v41692045","14.285","158.0","","","","1"
"2025-09","Ontario","2016A000235","All-items excluding food and energy","2002=100","17","units","0","v41692045","14.285","157.9","","","","1"
"2025-10","Ontario","2016A000235","All-items excluding food and energy","2002=100","17","units","0","v41692045","14.285","158.8","","","","1"
"2025-11","Ontario","2016A000235","All-items excluding food and energy","2002=100","17","units","0","v41692045","14.285","158.4","","","","1"
"2025-12","Ontario","2016A000235","All-items excluding food and energy","2002=100","17","units","0","v41692045","14.285","158.2","","","","1"
"2026-01","Ontario","2016A000235","All-items excluding food and energy","2002=100","17","units","0","v41692045","14.285","157.6","","","","1"
"2026-02","Ontario","2016A000235","All-items excluding food and energy","2002=100","17","units","0","v41692045","14.285","158.4","","","","1"
"2026-03","Ontario","2016A000235","All-items excluding food and energy","2002=100","17","units","0","v41692045","14.285","158.5","","","","1"
"2026-04","Ontario","2016A000235","All-items excluding food and energy","2002=100","17","units","0","v41692045","14.285","158.6","","","","1"
"2026-05","Ontario","2016A000235","All-items excluding food and energy","2002=100","17","units","0","v41692045","14.285","159.4","","","","1"
"2026-06","Ontario","2016A000235","All-items excluding food and energy","2002=100","17","units","0","v41692045","14.285","159.6","","","","1"
"2015-01","Ontario","2016A000235","All-items excluding energy","2002=100","17","units","0","v41692050","14.287","124.0","","","","1"
"2015-02","Ontario","2016A000235","All-items excluding energy","2002=100","17","units","0","v41692050","14.287","124.6","","","","1"
"2015-03","Ontario","2016A000235","All-items excluding energy","2002=100","17","units","0","v41692050","14.287","125.2","","","","1"
"2015-04","Ontario","2016A000235","All-items excluding energy","2002=100","17","units","0","v41692050","14.287","125.2","","","","1"
"2015-05","Ontario","2016A000235","All-items excluding energy","2002=100","17","units","0","v41692050","14.287","125.6","","","","1"
"2015-06","Ontario","2016A000235","All-items excluding energy","2002=100","17","units","0","v41692050","14.287","125.8","","","","1"
"2015-07","Ontario","2016A000235","All-items excluding energy","2002=100","17","units","0","v41692050","14.287","125.8","","","","1"
"2015-08","Ontario","2016A000235","All-items excluding energy","2002=100","17","units","0","v41692050","14.287","125.7","","","","1"
"2015-09","Ontario","2016A000235","All-items excluding energy","2002=100","17","units","0","v41692050","14.287","126.0","","","","1"
"2015-10","Ontario","2016A000235","All-items excluding energy","2002=100","17","units","0","v41692050","14.287","126.6","","","","1"
"2015-11","Ontario","2016A000235","All-items excluding energy","2002=100","17","units","0","v41692050","14.287","126.4","","","","1"
"2015-12","Ontario","2016A000235","All-items excluding energy","2002=100","17","units","0","v41692050","14.287","126.1","","","","1"
"2016-01","Ontario","2016A000235","All-items excluding energy","2002=100","17","units","0","v41692050","14.287","126.6","","","","1"
"2016-02","Ontario","2016A000235","All-items excluding energy","2002=100","17","units","0","v41692050","14.287","127.3","","","","1"
"2016-03","Ontario","2016A000235","All-items excluding energy","2002=100","17","units","0","v41692050","14.287","127.9","","","","1"
"2016-04","Ontario","2016A000235","All-items excluding energy","2002=100","17","units","0","v41692050","14.287","128.0","","","","1"
"2016-05","Ontario","2016A000235","All-items excluding energy","2002=100","17","units","0","v41692050","14.287","128.3","","","","1"
"2016-06","Ontario","2016A000235","All-items excluding energy","2002=100","17","units","0","v41692050","14.287","128.5","","","","1"
"2016-07","Ontario","2016A000235","All-items excluding energy","2002=100","17","units","0","v41692050","14.287","128.5","","","","1"
"2016-08","Ontario","2016A000235","All-items excluding energy","2002=100","17","units","0","v41692050","14.287","128.2","","","","1"
"2016-09","Ontario","2016A000235","All-items excluding energy","2002=100","17","units","0","v41692050","14.287","128.5","","","","1"
"2016-10","Ontario","2016A000235","All-items excluding energy","2002=100","17","units","0","v41692050","14.287","128.8","","","","1"
"2016-11","Ontario","2016A000235","All-items excluding energy","2002=100","17","units","0","v41692050","14.287","128.6","","","","1"
"2016-12","Ontario","2016A000235","All-items excluding energy","2002=100","17","units","0","v41692050","14.287","128.1","","","","1"
"2017-01","Ontario","2016A000235","All-items excluding energy","2002=100","17","units","0","v41692050","14.287","128.7","","","","1"
"2017-02","Ontario","2016A000235","All-items excluding energy","2002=100","17","units","0","v41692050","14.287","129.4","","","","1"
"2017-03","Ontario","2016A000235","All-items excluding energy","2002=100","17","units","0","v41692050","14.287","129.7","","","","1"
"2017-04","Ontario","2016A000235","All-items excluding energy","2002=100","17","units","0","v41692050","14.287","129.9","","","","1"
"2017-05","Ontario","2016A000235","All-items excluding energy","2002=100","17","units","0","v41692050","14.287","130.2","","","","1"
"2017-06","Ontario","2016A000235","All-items excluding energy","2002=100","17","units","0","v41692050","14.287","130.6","","","","1"
"2017-07","Ontario","2016A000235","All-items excluding energy","2002=100","17","units","0","v41692050","14.287","130.6","","","","1"
"2017-08","Ontario","2016A000235","All-items excluding energy","2002=100","17","units","0","v41692050","14.287","130.4","","","","1"
"2017-09","Ontario","2016A000235","All-items excluding energy","2002=100","17","units","0","v41692050","14.287","130.5","","","","1"
"2017-10","Ontario","2016A000235","All-items excluding energy","2002=100","17","units","0","v41692050","14.287","130.8","","","","1"
"2017-11","Ontario","2016A000235","All-items excluding energy","2002=100","17","units","0","v41692050","14.287","130.9","","","","1"
"2017-12","Ontario","2016A000235","All-items excluding energy","2002=100","17","units","0","v41692050","14.287","130.3","","","","1"
"2018-01","Ontario","2016A000235","All-items excluding energy","2002=100","17","units","0","v41692050","14.287","131.3","","","","1"
"2018-02","Ontario","2016A000235","All-items excluding energy","2002=100","17","units","0","v41692050","14.287","132.2","","","","1"
"2018-03","Ontario","2016A000235","All-items excluding energy","2002=100","17","units","0","v41692050","14.287","132.7","","","","1"
"2018-04","Ontario","2016A000235","All-items excluding energy","2002=100","17","units","0","v41692050","14.287","132.7","","","","1"
"2018-05","Ontario","2016A000235","All-items excluding energy","2002=100","17","units","0","v41692050","14.287","132.6","","","","1"
"2018-06","Ontario","2016A000235","All-items excluding energy","2002=100","17","units","0","v41692050","14.287","133.2","","","","1"
"2018-07","Ontario","2016A000235","All-items excluding energy","2002=100","17","units","0","v41692050","14.287","133.9","","","","1"
"2018-08","Ontario","2016A000235","All-items excluding energy","2002=100","17","units","0","v41692050","14.287","133.9","","","","1"
"2018-09","Ontario","2016A000235","All-items excluding energy","2002=100","17","units","0","v41692050","14.287","133.3","","","","1"
"2018-10","Ontario","2016A000235","All-items excluding energy","2002=100","17","units","0","v41692050","14.287","133.9","","","","1"
"2018-11","Ontario","2016A000235","All-items excluding energy","2002=100","17","units","0","v41692050","14.287","133.9","","","","1"
"2018-12","Ontario","2016A000235","All-items excluding energy","2002=100","17","units","0","v41692050","14.287","134.1","","","","1"
"2019-01","Ontario","2016A000235","All-items excluding energy","2002=100","17","units","0","v41692050","14.287","134.5","","","","1"
"2019-02","Ontario","2016A000235","All-items excluding energy","2002=100","17","units","0","v41692050","14.287","135.3","","","","1"
"2019-03","Ontario","2016A000235","All-items excluding energy","2002=100","17","units","0","v41692050","14.287","135.7","","","","1"
"2019-04","Ontario","2016A000235","All-items excluding energy","2002=100","17","units","0","v41692050","14.287","135.6","","","","1"
"2019-05","Ontario","2016A000235","All-items excluding energy","2002=100","17","units","0","v41692050","14.287","136.3","","","","1"
"2019-06","Ontario","2016A000235","All-items excluding energy","2002=100","17","units","0","v41692050","14.287","136.5","","","","1"
"2019-07","Ontario","2016A000235","All-items excluding energy","2002=100","17","units","0","v41692050","14.287","137.1","","","","1"
"2019-08","Ontario","2016A000235","All-items excluding energy","2002=100","17","units","0","v41692050","14.287","137.1","","","","1"
"2019-09","Ontario","2016A000235","All-items excluding energy","2002=100","17","units","0","v41692050","14.287","136.1","","","","1"
"2019-10","Ontario","2016A000235","All-items excluding energy","2002=100","17","units","0","v41692050","14.287","136.6","","","","1"
"2019-11","Ontario","2016A000235","All-items excluding energy","2002=100","17","units","0","v41692050","14.287","136.3","","","","1"
"2019-12","Ontario","2016A000235","All-items excluding energy","2002=100","17","units","0","v41692050","14.287","136.4","","","","1"
"2020-01","Ontario","2016A000235","All-items excluding energy","2002=100","17","units","0","v41692050","14.287","136.7","","","","1"
"2020-02","Ontario","2016A000235","All-items excluding energy","2002=100","17","units","0","v41692050","14.287","137.5","","","","1"
"2020-03","Ontario","2016A000235","All-items excluding energy","2002=100","17","units","0","v41692050","14.287","137.8","","","","1"
"2020-04","Ontario","2016A000235","All-items excluding energy","2002=100","17","units","0","v41692050","14.287","137.8","","","","1"
"2020-05","Ontario","2016A000235","All-items excluding energy","2002=100","17","units","0","v41692050","14.287","137.6","","","","1"
"2020-06","Ontario","2016A000235","All-items excluding energy","2002=100","17","units","0","v41692050","14.287","138.0","","","","1"
"2020-07","Ontario","2016A000235","All-items excluding energy","2002=100","17","units","0","v41692050","14.287","138.0","","","","1"
"2020-08","Ontario","2016A000235","All-items excluding energy","2002=100","17","units","0","v41692050","14.287","137.8","","","","1"
"2020-09","Ontario","2016A000235","All-items excluding energy","2002=100","17","units","0","v41692050","14.287","137.6","","","","1"
"2020-10","Ontario","2016A000235","All-items excluding energy","2002=100","17","units","0","v41692050","14.287","138.1","","","","1"
"2020-11","Ontario","2016A000235","All-items excluding energy","2002=100","17","units","0","v41692050","14.287","138.2","","","","1"
"2020-12","Ontario","2016A000235","All-items excluding energy","2002=100","17","units","0","v41692050","14.287","137.9","","","","1"
"2021-01","Ontario","2016A000235","All-items excluding energy","2002=100","17","units","0","v41692050","14.287","138.7","","","","1"
"2021-02","Ontario","2016A000235","All-items excluding energy","2002=100","17","units","0","v41692050","14.287","139.1","","","","1"
"2021-03","Ontario","2016A000235","All-items excluding energy","2002=100","17","units","0","v41692050","14.287","139.4","","","","1"
"2021-04","Ontario","2016A000235","All-items excluding energy","2002=100","17","units","0","v41692050","14.287","140.0","","","","1"
"2021-05","Ontario","2016A000235","All-items excluding energy","2002=100","17","units","0","v41692050","14.287","140.7","","","","1"
"2021-06","Ontario","2016A000235","All-items excluding energy","2002=100","17","units","0","v41692050","14.287","141.1","","","","1"
"2021-07","Ontario","2016A000235","All-items excluding energy","2002=100","17","units","0","v41692050","14.287","141.6","","","","1"
"2021-08","Ontario","2016A000235","All-items excluding energy","2002=100","17","units","0","v41692050","14.287","142.0","","","","1"
"2021-09","Ontario","2016A000235","All-items excluding energy","2002=100","17","units","0","v41692050","14.287","142.3","","","","1"
"2021-10","Ontario","2016A000235","All-items excluding energy","2002=100","17","units","0","v41692050","14.287","143.1","","","","1"
"2021-11","Ontario","2016A000235","All-items excluding energy","2002=100","17","units","0","v41692050","14.287","143.4","","","","1"
"2021-12","Ontario","2016A000235","All-items excluding energy","2002=100","17","units","0","v41692050","14.287","143.7","","","","1"
"2022-01","Ontario","2016A000235","All-items excluding energy","2002=100","17","units","0","v41692050","14.287","144.9","","","","1"
"2022-02","Ontario","2016A000235","All-items excluding energy","2002=100","17","units","0","v41692050","14.287","145.9","","","","1"
"2022-03","Ontario","2016A000235","All-items excluding energy","2002=100","17","units","0","v41692050","14.287","147.1","","","","1"
"2022-04","Ontario","2016A000235","All-items excluding energy","2002=100","17","units","0","v41692050","14.287","147.8","","","","1"
"2022-05","Ontario","2016A000235","All-items excluding energy","2002=100","17","units","0","v41692050","14.287","149.0","","","","1"
"2022-06","Ontario","2016A000235","All-items excluding energy","2002=100","17","units","0","v41692050","14.287","149.5","","","","1"
"2022-07","Ontario","2016A000235","All-items excluding energy","2002=100","17","units","0","v41692050","14.287","150.3","","","","1"
"2022-08","Ontario","2016A000235","All-items excluding energy","2002=100","17","units","0","v41692050","14.287","150.4","","","","1"
"2022-09","Ontario","2016A000235","All-items excluding energy","2002=100","17","units","0","v41692050","14.287","151.0","","","","1"
"2022-10","Ontario","2016A000235","All-items excluding energy","2002=100","17","units","0","v41692050","14.287","151.5","","","","1"
"2022-11","Ontario","2016A000235","All-items excluding energy","2002=100","17","units","0","v41692050","14.287","151.9","","","","1"
"2022-12","Ontario","2016A000235","All-items excluding energy","2002=100","17","units","0","v41692050","14.287","152.0","","","","1"
"2023-01","Ontario","2016A000235","All-items excluding energy","2002=100","17","units","0","v41692050","14.287","152.7","","","","1"
"2023-02","Ontario","2016A000235","All-items excluding energy","2002=100","17","units","0","v41692050","14.287","153.5","","","","1"
"2023-03","Ontario","2016A000235","All-items excluding energy","2002=100","17","units","0","v41692050","14.287","154.5","","","","1"
"2023-04","Ontario","2016A000235","All-items excluding energy","2002=100","17","units","0","v41692050","14.287","155.0","","","","1"
"2023-05","Ontario","2016A000235","All-items excluding energy","2002=100","17","units","0","v41692050","14.287","155.7","","","","1"
"2023-06","Ontario","2016A000235","All-items excluding energy","2002=100","17","units","0","v41692050","14.287","155.4","","","","1"
"2023-07","Ontario","2016A000235","All-items excluding energy","2002=100","17","units","0","v41692050","14.287","156.5","","","","1"
"2023-08","Ontario","2016A000235","All-items excluding energy","2002=100","17","units","0","v41692050","14.287","156.5","","","","1"
"2023-09","Ontario","2016A000235","All-items excluding energy","2002=100","17","units","0","v41692050","14.287","156.4","","","","1"
"2023-10","Ontario","2016A000235","All-items excluding energy","2002=100","17","units","0","v41692050","14.287","157.6","","","","1"
"2023-11","Ontario","2016A000235","All-items excluding energy","2002=100","17","units","0","v41692050","14.287","158.0","","","","1"
"2023-12","Ontario","2016A000235","All-items excluding energy","2002=100","17","units","0","v41692050","14.287","157.6","","","","1"
"2024-01","Ontario","2016A000235","All-items excluding energy","2002=100","17","units","0","v41692050","14.287","157.5","","","","1"
"2024-02","Ontario","2016A000235","All-items excluding energy","2002=100","17","units","0","v41692050","14.287","157.6","","","","1"
"2024-03","Ontario","2016A000235","All-items excluding energy","2002=100","17","units","0","v41692050","14.287","158.6","","","","1"
"2024-04","Ontario","2016A000235","All-items excluding energy","2002=100","17","units","0","v41692050","14.287","158.9","","","","1"
"2024-05","Ontario","2016A000235","All-items excluding energy","2002=100","17","units","0","v41692050","14.287","160.1","","","","1"
"2024-06","Ontario","2016A000235","All-items excluding energy","2002=100","17","units","0","v41692050","14.287","160.1","","","","1"
"2024-07","Ontario","2016A000235","All-items excluding energy","2002=100","17","units","0","v41692050","14.287","160.8","","","","1"
"2024-08","Ontario","2016A000235","All-items excluding energy","2002=100","17","units","0","v41692050","14.287","160.5","","","","1"
"2024-09","Ontario","2016A000235","All-items excluding energy","2002=100","17","units","0","v41692050","14.287","160.4","","","","1"
"2024-10","Ontario","2016A000235","All-items excluding energy","2002=100","17","units","0","v41692050","14.287","161.1","","","","1"
"2024-11","Ontario","2016A000235","All-items excluding energy","2002=100","17","units","0","v41692050","14.287","161.1","","","","1"
"2024-12","Ontario","2016A000235","All-items excluding energy","2002=100","17","units","0","v41692050","14.287","160.2","","","","1"
"2025-01","Ontario","2016A000235","All-items excluding energy","2002=100","17","units","0","v41692050","14.287","159.8","","","","1"
"2025-02","Ontario","2016A000235","All-items excluding energy","2002=100","17","units","0","v41692050","14.287","162.0","","","","1"
"2025-03","Ontario","2016A000235","All-items excluding energy","2002=100","17","units","0","v41692050","14.287","162.5","","","","1"
"2025-04","Ontario","2016A000235","All-items excluding energy","2002=100","17","units","0","v41692050","14.287","163.4","","","","1"
"2025-05","Ontario","2016A000235","All-items excluding energy","2002=100","17","units","0","v41692050","14.287","164.5","","","","1"
"2025-06","Ontario","2016A000235","All-items excluding energy","2002=100","17","units","0","v41692050","14.287","164.6","","","","1"
"2025-07","Ontario","2016A000235","All-items excluding energy","2002=100","17","units","0","v41692050","14.287","164.9","","","","1"
"2025-08","Ontario","2016A000235","All-items excluding energy","2002=100","17","units","0","v41692050","14.287","164.3","","","","1"
"2025-09","Ontario","2016A000235","All-items excluding energy","2002=100","17","units","0","v41692050","14.287","164.4","","","","1"
"2025-10","Ontario","2016A000235","All-items excluding energy","2002=100","17","units","0","v41692050","14.287","165.1","","","","1"
"2025-11","Ontario","2016A000235","All-items excluding energy","2002=100","17","units","0","v41692050","14.287","165.1","","","","1"
"2025-12","Ontario","2016A000235","All-items excluding energy","2002=100","17","units","0","v41692050","14.287","165.0","","","","1"
"2026-01","Ontario","2016A000235","All-items excluding energy","2002=100","17","units","0","v41692050","14.287","164.7","","","","1"
"2026-02","Ontario","2016A000235","All-items excluding energy","2002=100","17","units","0","v41692050","14.287","165.3","","","","1"
"2026-03","Ontario","2016A000235","All-items excluding energy","2002=100","17","units","0","v41692050","14.287","165.5","","","","1"
"2026-04","Ontario","2016A000235","All-items excluding energy","2002=100","17","units","0","v41692050","14.287","165.6","","","","1"
"2026-05","Ontario","2016A000235","All-items excluding energy","2002=100","17","units","0","v41692050","14.287","166.6","","","","1"
"2026-06","Ontario","2016A000235","All-items excluding energy","2002=100","17","units","0","v41692050","14.287","166.6","","","","1"
"2015-01","Ontario","2016A000235","Energy","2002=100","17","units","0","v41692051","14.288","145.0","","","","1"
"2015-02","Ontario","2016A000235","Energy","2002=100","17","units","0","v41692051","14.288","151.6","","","","1"
"2015-03","Ontario","2016A000235","Energy","2002=100","17","units","0","v41692051","14.288","155.9","","","","1"
"2015-04","Ontario","2016A000235","Energy","2002=100","17","units","0","v41692051","14.288","152.5","","","","1"
"2015-05","Ontario","2016A000235","Energy","2002=100","17","units","0","v41692051","14.288","159.2","","","","1"
"2015-06","Ontario","2016A000235","Energy","2002=100","17","units","0","v41692051","14.288","163.9","","","","1"
"2015-07","Ontario","2016A000235","Energy","2002=100","17","units","0","v41692051","14.288","167.7","","","","1"
"2015-08","Ontario","2016A000235","Energy","2002=100","17","units","0","v41692051","14.288","161.8","","","","1"
"2015-09","Ontario","2016A000235","Energy","2002=100","17","units","0","v41692051","14.288","155.2","","","","1"
"2015-10","Ontario","2016A000235","Energy","2002=100","17","units","0","v41692051","14.288","149.4","","","","1"
"2015-11","Ontario","2016A000235","Energy","2002=100","17","units","0","v41692051","14.288","151.2","","","","1"
"2015-12","Ontario","2016A000235","Energy","2002=100","17","units","0","v41692051","14.288","149.6","","","","1"
"2016-01","Ontario","2016A000235","Energy","2002=100","17","units","0","v41692051","14.288","147.0","","","","1"
"2016-02","Ontario","2016A000235","Energy","2002=100","17","units","0","v41692051","14.288","143.0","","","","1"
"2016-03","Ontario","2016A000235","Energy","2002=100","17","units","0","v41692051","14.288","145.8","","","","1"
"2016-04","Ontario","2016A000235","Energy","2002=100","17","units","0","v41692051","14.288","153.5","","","","1"
"2016-05","Ontario","2016A000235","Energy","2002=100","17","units","0","v41692051","14.288","158.1","","","","1"
"2016-06","Ontario","2016A000235","Energy","2002=100","17","units","0","v41692051","14.288","159.1","","","","1"
"2016-07","Ontario","2016A000235","Energy","2002=100","17","units","0","v41692051","14.288","157.4","","","","1"
"2016-08","Ontario","2016A000235","Energy","2002=100","17","units","0","v41692051","14.288","155.8","","","","1"
"2016-09","Ontario","2016A000235","Energy","2002=100","17","units","0","v41692051","14.288","155.4","","","","1"
"2016-10","Ontario","2016A000235","Energy","2002=100","17","units","0","v41692051","14.288","157.8","","","","1"
"2016-11","Ontario","2016A000235","Energy","2002=100","17","units","0","v41692051","14.288","155.2","","","","1"
"2016-12","Ontario","2016A000235","Energy","2002=100","17","units","0","v41692051","14.288","158.1","","","","1"
"2017-01","Ontario","2016A000235","Energy","2002=100","17","units","0","v41692051","14.288","162.9","","","","1"
"2017-02","Ontario","2016A000235","Energy","2002=100","17","units","0","v41692051","14.288","159.2","","","","1"
"2017-03","Ontario","2016A000235","Energy","2002=100","17","units","0","v41692051","14.288","156.9","","","","1"
"2017-04","Ontario","2016A000235","Energy","2002=100","17","units","0","v41692051","14.288","165.3","","","","1"
"2017-05","Ontario","2016A000235","Energy","2002=100","17","units","0","v41692051","14.288","158.2","","","","1"
"2017-06","Ontario","2016A000235","Energy","2002=100","17","units","0","v41692051","14.288","154.7","","","","1"
"2017-07","Ontario","2016A000235","Energy","2002=100","17","units","0","v41692051","14.288","151.6","","","","1"
"2017-08","Ontario","2016A000235","Energy","2002=100","17","units","0","v41692051","14.288","152.9","","","","1"
"2017-09","Ontario","2016A000235","Energy","2002=100","17","units","0","v41692051","14.288","158.5","","","","1"
"2017-10","Ontario","2016A000235","Energy","2002=100","17","units","0","v41692051","14.288","154.7","","","","1"
"2017-11","Ontario","2016A000235","Energy","2002=100","17","units","0","v41692051","14.288","160.1","","","","1"
"2017-12","Ontario","2016A000235","Energy","2002=100","17","units","0","v41692051","14.288","159.3","","","","1"
"2018-01","Ontario","2016A000235","Energy","2002=100","17","units","0","v41692051","14.288","163.2","","","","1"
"2018-02","Ontario","2016A000235","Energy","2002=100","17","units","0","v41692051","14.288","162.3","","","","1"
"2018-03","Ontario","2016A000235","Energy","2002=100","17","units","0","v41692051","14.288","164.1","","","","1"
"2018-04","Ontario","2016A000235","Energy","2002=100","17","units","0","v41692051","14.288","168.2","","","","1"
"2018-05","Ontario","2016A000235","Energy","2002=100","17","units","0","v41692051","14.288","170.5","","","","1"
"2018-06","Ontario","2016A000235","Energy","2002=100","17","units","0","v41692051","14.288","168.0","","","","1"
"2018-07","Ontario","2016A000235","Energy","2002=100","17","units","0","v41692051","14.288","168.6","","","","1"
"2018-08","Ontario","2016A000235","Energy","2002=100","17","units","0","v41692051","14.288","167.1","","","","1"
"2018-09","Ontario","2016A000235","Energy","2002=100","17","units","0","v41692051","14.288","164.6","","","","1"
"2018-10","Ontario","2016A000235","Energy","2002=100","17","units","0","v41692051","14.288","160.7","","","","1"
"2018-11","Ontario","2016A000235","Energy","2002=100","17","units","0","v41692051","14.288","152.4","","","","1"
"2018-12","Ontario","2016A000235","Energy","2002=100","17","units","0","v41692051","14.288","147.4","","","","1"
"2019-01","Ontario","2016A000235","Energy","2002=100","17","units","0","v41692051","14.288","146.2","","","","1"
"2019-02","Ontario","2016A000235","Energy","2002=100","17","units","0","v41692051","14.288","145.8","","","","1"
"2019-03","Ontario","2016A000235","Energy","2002=100","17","units","0","v41692051","14.288","155.4","","","","1"
"2019-04","Ontario","2016A000235","Energy","2002=100","17","units","0","v41692051","14.288","165.4","","","","1"
"2019-05","Ontario","2016A000235","Energy","2002=100","17","units","0","v41692051","14.288","167.1","","","","1"
"2019-06","Ontario","2016A000235","Energy","2002=100","17","units","0","v41692051","14.288","161.1","","","","1"
"2019-07","Ontario","2016A000235","Energy","2002=100","17","units","0","v41692051","14.288","165.5","","","","1"
"2019-08","Ontario","2016A000235","Energy","2002=100","17","units","0","v41692051","14.288","160.7","","","","1"
"2019-09","Ontario","2016A000235","Energy","2002=100","17","units","0","v41692051","14.288","159.5","","","","1"
"2019-10","Ontario","2016A000235","Energy","2002=100","17","units","0","v41692051","14.288","158.0","","","","1"
"2019-11","Ontario","2016A000235","Energy","2002=100","17","units","0","v41692051","14.288","159.0","","","","1"
"2019-12","Ontario","2016A000235","Energy","2002=100","17","units","0","v41692051","14.288","158.7","","","","1"
"2020-01","Ontario","2016A000235","Energy","2002=100","17","units","0","v41692051","14.288","158.1","","","","1"
"2020-02","Ontario","2016A000235","Energy","2002=100","17","units","0","v41692051","14.288","155.3","","","","1"
"2020-03","Ontario","2016A000235","Energy","2002=100","17","units","0","v41692051","14.288","136.7","","","","1"
"2020-04","Ontario","2016A000235","Energy","2002=100","17","units","0","v41692051","14.288","125.6","","","","1"
"2020-05","Ontario","2016A000235","Energy","2002=100","17","units","0","v41692051","14.288","133.4","","","","1"
"2020-06","Ontario","2016A000235","Energy","2002=100","17","units","0","v41692051","14.288","146.3","","","","1"
"2020-07","Ontario","2016A000235","Energy","2002=100","17","units","0","v41692051","14.288","149.6","","","","1"
"2020-08","Ontario","2016A000235","Energy","2002=100","17","units","0","v41692051","14.288","149.3","","","","1"
"2020-09","Ontario","2016A000235","Energy","2002=100","17","units","0","v41692051","14.288","147.8","","","","1"
"2020-10","Ontario","2016A000235","Energy","2002=100","17","units","0","v41692051","14.288","150.5","","","","1"
"2020-11","Ontario","2016A000235","Energy","2002=100","17","units","0","v41692051","14.288","150.0","","","","1"
"2020-12","Ontario","2016A000235","Energy","2002=100","17","units","0","v41692051","14.288","153.2","","","","1"
"2021-01","Ontario","2016A000235","Energy","2002=100","17","units","0","v41692051","14.288","150.4","","","","1"
"2021-02","Ontario","2016A000235","Energy","2002=100","17","units","0","v41692051","14.288","156.8","","","","1"
"2021-03","Ontario","2016A000235","Energy","2002=100","17","units","0","v41692051","14.288","166.0","","","","1"
"2021-04","Ontario","2016A000235","Energy","2002=100","17","units","0","v41692051","14.288","170.1","","","","1"
"2021-05","Ontario","2016A000235","Energy","2002=100","17","units","0","v41692051","14.288","173.2","","","","1"
"2021-06","Ontario","2016A000235","Energy","2002=100","17","units","0","v41692051","14.288","174.9","","","","1"
"2021-07","Ontario","2016A000235","Energy","2002=100","17","units","0","v41692051","14.288","177.1","","","","1"
"2021-08","Ontario","2016A000235","Energy","2002=100","17","units","0","v41692051","14.288","177.8","","","","1"
"2021-09","Ontario","2016A000235","Energy","2002=100","17","units","0","v41692051","14.288","178.4","","","","1"
"2021-10","Ontario","2016A000235","Energy","2002=100","17","units","0","v41692051","14.288","187.8","","","","1"
"2021-11","Ontario","2016A000235","Energy","2002=100","17","units","0","v41692051","14.288","187.9","","","","1"
"2021-12","Ontario","2016A000235","Energy","2002=100","17","units","0","v41692051","14.288","182.8","","","","1"
"2022-01","Ontario","2016A000235","Energy","2002=100","17","units","0","v41692051","14.288","187.0","","","","1"
"2022-02","Ontario","2016A000235","Energy","2002=100","17","units","0","v41692051","14.288","197.5","","","","1"
"2022-03","Ontario","2016A000235","Energy","2002=100","17","units","0","v41692051","14.288","212.4","","","","1"
"2022-04","Ontario","2016A000235","Energy","2002=100","17","units","0","v41692051","14.288","215.5","","","","1"
"2022-05","Ontario","2016A000235","Energy","2002=100","17","units","0","v41692051","14.288","234.6","","","","1"
"2022-06","Ontario","2016A000235","Energy","2002=100","17","units","0","v41692051","14.288","239.6","","","","1"
"2022-07","Ontario","2016A000235","Energy","2002=100","17","units","0","v41692051","14.288","227.0","","","","1"
"2022-08","Ontario","2016A000235","Energy","2002=100","17","units","0","v41692051","14.288","215.3","","","","1"
"2022-09","Ontario","2016A000235","Energy","2002=100","17","units","0","v41692051","14.288","203.1","","","","1"
"2022-10","Ontario","2016A000235","Energy","2002=100","17","units","0","v41692051","14.288","216.4","","","","1"
"2022-11","Ontario","2016A000235","Energy","2002=100","17","units","0","v41692051","14.288","214.3","","","","1"
"2022-12","Ontario","2016A000235","Energy","2002=100","17","units","0","v41692051","14.288","197.6","","","","1"
"2023-01","Ontario","2016A000235","Energy","2002=100","17","units","0","v41692051","14.288","203.8","","","","1"
"2023-02","Ontario","2016A000235","Energy","2002=100","17","units","0","v41692051","14.288","200.7","","","","1"
"2023-03","Ontario","2016A000235","Energy","2002=100","17","units","0","v41692051","14.288","201.0","","","","1"
"2023-04","Ontario","2016A000235","Energy","2002=100","17","units","0","v41692051","14.288","203.6","","","","1"
"2023-05","Ontario","2016A000235","Energy","2002=100","17","units","0","v41692051","14.288","202.7","","","","1"
"2023-06","Ontario","2016A000235","Energy","2002=100","17","units","0","v41692051","14.288","205.0","","","","1"
"2023-07","Ontario","2016A000235","Energy","2002=100","17","units","0","v41692051","14.288","208.2","","","","1"
"2023-08","Ontario","2016A000235","Energy","2002=100","17","units","0","v41692051","14.288","214.4","","","","1"
"2023-09","Ontario","2016A000235","Energy","2002=100","17","units","0","v41692051","14.288","211.9","","","","1"
"2023-10","Ontario","2016A000235","Energy","2002=100","17","units","0","v41692051","14.288","202.3","","","","1"
"2023-11","Ontario","2016A000235","Energy","2002=100","17","units","0","v41692051","14.288","200.3","","","","1"
"2023-12","Ontario","2016A000235","Energy","2002=100","17","units","0","v41692051","14.288","196.0","","","","1"
"2024-01","Ontario","2016A000235","Energy","2002=100","17","units","0","v41692051","14.288","195.7","","","","1"
"2024-02","Ontario","2016A000235","Energy","2002=100","17","units","0","v41692051","14.288","199.7","","","","1"
"2024-03","Ontario","2016A000235","Energy","2002=100","17","units","0","v41692051","14.288","203.9","","","","1"
"2024-04","Ontario","2016A000235","Energy","2002=100","17","units","0","v41692051","14.288","214.0","","","","1"
"2024-05","Ontario","2016A000235","Energy","2002=100","17","units","0","v41692051","14.288","212.3","","","","1"
"2024-06","Ontario","2016A000235","Energy","2002=100","17","units","0","v41692051","14.288","209.3","","","","1"
"2024-07","Ontario","2016A000235","Energy","2002=100","17","units","0","v41692051","14.288","213.1","","","","1"
"2024-08","Ontario","2016A000235","Energy","2002=100","17","units","0","v41692051","14.288","208.2","","","","1"
"2024-09","Ontario","2016A000235","Energy","2002=100","17","units","0","v41692051","14.288","198.2","","","","1"
"2024-10","Ontario","2016A000235","Energy","2002=100","17","units","0","v41692051","14.288","199.4","","","","1"
"2024-11","Ontario","2016A000235","Energy","2002=100","17","units","0","v41692051","14.288","200.1","","","","1"
"2024-12","Ontario","2016A000235","Energy","2002=100","17","units","0","v41692051","14.288","199.7","","","","1"
"2025-01","Ontario","2016A000235","Energy","2002=100","17","units","0","v41692051","14.288","205.4","","","","1"
"2025-02","Ontario","2016A000235","Energy","2002=100","17","units","0","v41692051","14.288","204.9","","","","1"
"2025-03","Ontario","2016A000235","Energy","2002=100","17","units","0","v41692051","14.288","203.3","","","","1"
"2025-04","Ontario","2016A000235","Energy","2002=100","17","units","0","v41692051","14.288","181.8","","","","1"
"2025-05","Ontario","2016A000235","Energy","2002=100","17","units","0","v41692051","14.288","184.4","","","","1"
"2025-06","Ontario","2016A000235","Energy","2002=100","17","units","0","v41692051","14.288","184.1","","","","1"
"2025-07","Ontario","2016A000235","Energy","2002=100","17","units","0","v41692051","14.288","187.2","","","","1"
"2025-08","Ontario","2016A000235","Energy","2002=100","17","units","0","v41692051","14.288","187.8","","","","1"
"2025-09","Ontario","2016A000235","Energy","2002=100","17","units","0","v41692051","14.288","190.4","","","","1"
"2025-10","Ontario","2016A000235","Energy","2002=100","17","units","0","v41692051","14.288","180.3","","","","1"
"2025-11","Ontario","2016A000235","Energy","2002=100","17","units","0","v41692051","14.288","186.2","","","","1"
"2025-12","Ontario","2016A000235","Energy","2002=100","17","units","0","v41692051","14.288","177.4","","","","1"
"2026-01","Ontario","2016A000235","Energy","2002=100","17","units","0","v41692051","14.288","179.9","","","","1"
"2026-02","Ontario","2016A000235","Energy","2002=100","17","units","0","v41692051","14.288","184.3","","","","1"
"2026-03","Ontario","2016A000235","Energy","2002=100","17","units","0","v41692051","14.288","209.6","","","","1"
"2026-04","Ontario","2016A000235","Energy","2002=100","17","units","0","v41692051","14.288","221.3","","","","1"
"2026-05","Ontario","2016A000235","Energy","2002=100","17","units","0","v41692051","14.288","229.9","","","","1"
"2026-06","Ontario","2016A000235","Energy","2002=100","17","units","0","v41692051","14.288","212.4","","","","1"
"2015-01","Ontario","2016A000235","Goods","2002=100","17","units","0","v41692039","14.274","113.7","","","","1"
"2015-02","Ontario","2016A000235","Goods","2002=100","17","units","0","v41692039","14.274","114.9","","","","1"
"2015-03","Ontario","2016A000235","Goods","2002=100","17","units","0","v41692039","14.274","116.3","","","","1"
"2015-04","Ontario","2016A000235","Goods","2002=100","17","units","0","v41692039","14.274","115.8","","","","1"
"2015-05","Ontario","2016A000235","Goods","2002=100","17","units","0","v41692039","14.274","117.1","","","","1"
"2015-06","Ontario","2016A000235","Goods","2002=100","17","units","0","v41692039","14.274","117.7","","","","1"
"2015-07","Ontario","2016A000235","Goods","2002=100","17","units","0","v41692039","14.274","117.9","","","","1"
"2015-08","Ontario","2016A000235","Goods","2002=100","17","units","0","v41692039","14.274","116.8","","","","1"
"2015-09","Ontario","2016A000235","Goods","2002=100","17","units","0","v41692039","14.274","115.8","","","","1"
"2015-10","Ontario","2016A000235","Goods","2002=100","17","units","0","v41692039","14.274","115.9","","","","1"
"2015-11","Ontario","2016A000235","Goods","2002=100","17","units","0","v41692039","14.274","116.4","","","","1"
"2015-12","Ontario","2016A000235","Goods","2002=100","17","units","0","v41692039","14.274","115.7","","","","1"
"2016-01","Ontario","2016A000235","Goods","2002=100","17","units","0","v41692039","14.274","116.0","","","","1"
"2016-02","Ontario","2016A000235","Goods","2002=100","17","units","0","v41692039","14.274","116.0","","","","1"
"2016-03","Ontario","2016A000235","Goods","2002=100","17","units","0","v41692039","14.274","117.3","","","","1"
"2016-04","Ontario","2016A000235","Goods","2002=100","17","units","0","v41692039","14.274","118.5","","","","1"
"2016-05","Ontario","2016A000235","Goods","2002=100","17","units","0","v41692039","14.274","118.8","","","","1"
"2016-06","Ontario","2016A000235","Goods","2002=100","17","units","0","v41692039","14.274","118.9","","","","1"
"2016-07","Ontario","2016A000235","Goods","2002=100","17","units","0","v41692039","14.274","118.1","","","","1"
"2016-08","Ontario","2016A000235","Goods","2002=100","17","units","0","v41692039","14.274","117.4","","","","1"
"2016-09","Ontario","2016A000235","Goods","2002=100","17","units","0","v41692039","14.274","117.2","","","","1"
"2016-10","Ontario","2016A000235","Goods","2002=100","17","units","0","v41692039","14.274","117.9","","","","1"
"2016-11","Ontario","2016A000235","Goods","2002=100","17","units","0","v41692039","14.274","117.4","","","","1"
"2016-12","Ontario","2016A000235","Goods","2002=100","17","units","0","v41692039","14.274","117.2","","","","1"
"2017-01","Ontario","2016A000235","Goods","2002=100","17","units","0","v41692039","14.274","118.1","","","","1"
"2017-02","Ontario","2016A000235","Goods","2002=100","17","units","0","v41692039","14.274","118.2","","","","1"
"2017-03","Ontario","2016A000235","Goods","2002=100","17","units","0","v41692039","14.274","118.0","","","","1"
"2017-04","Ontario","2016A000235","Goods","2002=100","17","units","0","v41692039","14.274","118.9","","","","1"
"2017-05","Ontario","2016A000235","Goods","2002=100","17","units","0","v41692039","14.274","117.9","","","","1"
"2017-06","Ontario","2016A000235","Goods","2002=100","17","units","0","v41692039","14.274","117.6","","","","1"
"2017-07","Ontario","2016A000235","Goods","2002=100","17","units","0","v41692039","14.274","117.1","","","","1"
"2017-08","Ontario","2016A000235","Goods","2002=100","17","units","0","v41692039","14.274","117.0","","","","1"
"2017-09","Ontario","2016A000235","Goods","2002=100","17","units","0","v41692039","14.274","117.4","","","","1"
"2017-10","Ontario","2016A000235","Goods","2002=100","17","units","0","v41692039","14.274","117.2","","","","1"
"2017-11","Ontario","2016A000235","Goods","2002=100","17","units","0","v41692039","14.274","118.3","","","","1"
"2017-12","Ontario","2016A000235","Goods","2002=100","17","units","0","v41692039","14.274","118.0","","","","1"
"2018-01","Ontario","2016A000235","Goods","2002=100","17","units","0","v41692039","14.274","118.9","","","","1"
"2018-02","Ontario","2016A000235","Goods","2002=100","17","units","0","v41692039","14.274","119.2","","","","1"
"2018-03","Ontario","2016A000235","Goods","2002=100","17","units","0","v41692039","14.274","119.5","","","","1"
"2018-04","Ontario","2016A000235","Goods","2002=100","17","units","0","v41692039","14.274","120.4","","","","1"
"2018-05","Ontario","2016A000235","Goods","2002=100","17","units","0","v41692039","14.274","120.0","","","","1"
"2018-06","Ontario","2016A000235","Goods","2002=100","17","units","0","v41692039","14.274","120.3","","","","1"
"2018-07","Ontario","2016A000235","Goods","2002=100","17","units","0","v41692039","14.274","120.2","","","","1"
"2018-08","Ontario","2016A000235","Goods","2002=100","17","units","0","v41692039","14.274","120.0","","","","1"
"2018-09","Ontario","2016A000235","Goods","2002=100","17","units","0","v41692039","14.274","119.3","","","","1"
"2018-10","Ontario","2016A000235","Goods","2002=100","17","units","0","v41692039","14.274","119.6","","","","1"
"2018-11","Ontario","2016A000235","Goods","2002=100","17","units","0","v41692039","14.274","118.7","","","","1"
"2018-12","Ontario","2016A000235","Goods","2002=100","17","units","0","v41692039","14.274","118.0","","","","1"
"2019-01","Ontario","2016A000235","Goods","2002=100","17","units","0","v41692039","14.274","118.5","","","","1"
"2019-02","Ontario","2016A000235","Goods","2002=100","17","units","0","v41692039","14.274","119.5","","","","1"
"2019-03","Ontario","2016A000235","Goods","2002=100","17","units","0","v41692039","14.274","120.7","","","","1"
"2019-04","Ontario","2016A000235","Goods","2002=100","17","units","0","v41692039","14.274","121.7","","","","1"
"2019-05","Ontario","2016A000235","Goods","2002=100","17","units","0","v41692039","14.274","122.1","","","","1"
"2019-06","Ontario","2016A000235","Goods","2002=100","17","units","0","v41692039","14.274","121.3","","","","1"
"2019-07","Ontario","2016A000235","Goods","2002=100","17","units","0","v41692039","14.274","121.7","","","","1"
"2019-08","Ontario","2016A000235","Goods","2002=100","17","units","0","v41692039","14.274","120.9","","","","1"
"2019-09","Ontario","2016A000235","Goods","2002=100","17","units","0","v41692039","14.274","120.8","","","","1"
"2019-10","Ontario","2016A000235","Goods","2002=100","17","units","0","v41692039","14.274","120.9","","","","1"
"2019-11","Ontario","2016A000235","Goods","2002=100","17","units","0","v41692039","14.274","121.4","","","","1"
"2019-12","Ontario","2016A000235","Goods","2002=100","17","units","0","v41692039","14.274","120.8","","","","1"
"2020-01","Ontario","2016A000235","Goods","2002=100","17","units","0","v41692039","14.274","121.6","","","","1"
"2020-02","Ontario","2016A000235","Goods","2002=100","17","units","0","v41692039","14.274","121.5","","","","1"
"2020-03","Ontario","2016A000235","Goods","2002=100","17","units","0","v41692039","14.274","119.5","","","","1"
"2020-04","Ontario","2016A000235","Goods","2002=100","17","units","0","v41692039","14.274","118.2","","","","1"
"2020-05","Ontario","2016A000235","Goods","2002=100","17","units","0","v41692039","14.274","118.6","","","","1"
"2020-06","Ontario","2016A000235","Goods","2002=100","17","units","0","v41692039","14.274","120.5","","","","1"
"2020-07","Ontario","2016A000235","Goods","2002=100","17","units","0","v41692039","14.274","121.0","","","","1"
"2020-08","Ontario","2016A000235","Goods","2002=100","17","units","0","v41692039","14.274","120.4","","","","1"
"2020-09","Ontario","2016A000235","Goods","2002=100","17","units","0","v41692039","14.274","120.0","","","","1"
"2020-10","Ontario","2016A000235","Goods","2002=100","17","units","0","v41692039","14.274","120.8","","","","1"
"2020-11","Ontario","2016A000235","Goods","2002=100","17","units","0","v41692039","14.274","121.0","","","","1"
"2020-12","Ontario","2016A000235","Goods","2002=100","17","units","0","v41692039","14.274","120.8","","","","1"
"2021-01","Ontario","2016A000235","Goods","2002=100","17","units","0","v41692039","14.274","121.5","","","","1"
"2021-02","Ontario","2016A000235","Goods","2002=100","17","units","0","v41692039","14.274","122.7","","","","1"
"2021-03","Ontario","2016A000235","Goods","2002=100","17","units","0","v41692039","14.274","124.0","","","","1"
"2021-04","Ontario","2016A000235","Goods","2002=100","17","units","0","v41692039","14.274","124.7","","","","1"
"2021-05","Ontario","2016A000235","Goods","2002=100","17","units","0","v41692039","14.274","125.6","","","","1"
"2021-06","Ontario","2016A000235","Goods","2002=100","17","units","0","v41692039","14.274","125.9","","","","1"
"2021-07","Ontario","2016A000235","Goods","2002=100","17","units","0","v41692039","14.274","126.6","","","","1"
"2021-08","Ontario","2016A000235","Goods","2002=100","17","units","0","v41692039","14.274","127.1","","","","1"
"2021-09","Ontario","2016A000235","Goods","2002=100","17","units","0","v41692039","14.274","127.0","","","","1"
"2021-10","Ontario","2016A000235","Goods","2002=100","17","units","0","v41692039","14.274","128.6","","","","1"
"2021-11","Ontario","2016A000235","Goods","2002=100","17","units","0","v41692039","14.274","129.4","","","","1"
"2021-12","Ontario","2016A000235","Goods","2002=100","17","units","0","v41692039","14.274","128.7","","","","1"
"2022-01","Ontario","2016A000235","Goods","2002=100","17","units","0","v41692039","14.274","130.7","","","","1"
"2022-02","Ontario","2016A000235","Goods","2002=100","17","units","0","v41692039","14.274","132.8","","","","1"
"2022-03","Ontario","2016A000235","Goods","2002=100","17","units","0","v41692039","14.274","135.7","","","","1"
"2022-04","Ontario","2016A000235","Goods","2002=100","17","units","0","v41692039","14.274","136.5","","","","1"
"2022-05","Ontario","2016A000235","Goods","2002=100","17","units","0","v41692039","14.274","139.5","","","","1"
"2022-06","Ontario","2016A000235","Goods","2002=100","17","units","0","v41692039","14.274","140.2","","","","1"
"2022-07","Ontario","2016A000235","Goods","2002=100","17","units","0","v41692039","14.274","139.3","","","","1"
"2022-08","Ontario","2016A000235","Goods","2002=100","17","units","0","v41692039","14.274","138.4","","","","1"
"2022-09","Ontario","2016A000235","Goods","2002=100","17","units","0","v41692039","14.274","137.8","","","","1"
"2022-10","Ontario","2016A000235","Goods","2002=100","17","units","0","v41692039","14.274","139.4","","","","1"
"2022-11","Ontario","2016A000235","Goods","2002=100","17","units","0","v41692039","14.274","139.7","","","","1"
"2022-12","Ontario","2016A000235","Goods","2002=100","17","units","0","v41692039","14.274","137.8","","","","1"
"2023-01","Ontario","2016A000235","Goods","2002=100","17","units","0","v41692039","14.274","139.5","","","","1"
"2023-02","Ontario","2016A000235","Goods","2002=100","17","units","0","v41692039","14.274","140.1","","","","1"
"2023-03","Ontario","2016A000235","Goods","2002=100","17","units","0","v41692039","14.274","140.9","","","","1"
"2023-04","Ontario","2016A000235","Goods","2002=100","17","units","0","v41692039","14.274","141.5","","","","1"
"2023-05","Ontario","2016A000235","Goods","2002=100","17","units","0","v41692039","14.274","141.7","","","","1"
"2023-06","Ontario","2016A000235","Goods","2002=100","17","units","0","v41692039","14.274","141.9","","","","1"
"2023-07","Ontario","2016A000235","Goods","2002=100","17","units","0","v41692039","14.274","142.5","","","","1"
"2023-08","Ontario","2016A000235","Goods","2002=100","17","units","0","v41692039","14.274","143.2","","","","1"
"2023-09","Ontario","2016A000235","Goods","2002=100","17","units","0","v41692039","14.274","142.9","","","","1"
"2023-10","Ontario","2016A000235","Goods","2002=100","17","units","0","v41692039","14.274","142.0","","","","1"
"2023-11","Ontario","2016A000235","Goods","2002=100","17","units","0","v41692039","14.274","142.2","","","","1"
"2023-12","Ontario","2016A000235","Goods","2002=100","17","units","0","v41692039","14.274","141.2","","","","1"
"2024-01","Ontario","2016A000235","Goods","2002=100","17","units","0","v41692039","14.274","141.4","","","","1"
"2024-02","Ontario","2016A000235","Goods","2002=100","17","units","0","v41692039","14.274","141.3","","","","1"
"2024-03","Ontario","2016A000235","Goods","2002=100","17","units","0","v41692039","14.274","142.0","","","","1"
"2024-04","Ontario","2016A000235","Goods","2002=100","17","units","0","v41692039","14.274","143.4","","","","1"
"2024-05","Ontario","2016A000235","Goods","2002=100","17","units","0","v41692039","14.274","143.4","","","","1"
"2024-06","Ontario","2016A000235","Goods","2002=100","17","units","0","v41692039","14.274","143.2","","","","1"
"2024-07","Ontario","2016A000235","Goods","2002=100","17","units","0","v41692039","14.274","143.6","","","","1"
"2024-08","Ontario","2016A000235","Goods","2002=100","17","units","0","v41692039","14.274","142.8","","","","1"
"2024-09","Ontario","2016A000235","Goods","2002=100","17","units","0","v41692039","14.274","141.9","","","","1"
"2024-10","Ontario","2016A000235","Goods","2002=100","17","units","0","v41692039","14.274","142.3","","","","1"
"2024-11","Ontario","2016A000235","Goods","2002=100","17","units","0","v41692039","14.274","142.2","","","","1"
"2024-12","Ontario","2016A000235","Goods","2002=100","17","units","0","v41692039","14.274","141.0","","","","1"
"2025-01","Ontario","2016A000235","Goods","2002=100","17","units","0","v41692039","14.274","142.1","","","","1"
"2025-02","Ontario","2016A000235","Goods","2002=100","17","units","0","v41692039","14.274","143.3","","","","1"
"2025-03","Ontario","2016A000235","Goods","2002=100","17","units","0","v41692039","14.274","143.8","","","","1"
"2025-04","Ontario","2016A000235","Goods","2002=100","17","units","0","v41692039","14.274","141.9","","","","1"
"2025-05","Ontario","2016A000235","Goods","2002=100","17","units","0","v41692039","14.274","142.8","","","","1"
"2025-06","Ontario","2016A000235","Goods","2002=100","17","units","0","v41692039","14.274","143.1","","","","1"
"2025-07","Ontario","2016A000235","Goods","2002=100","17","units","0","v41692039","14.274","143.4","","","","1"
"2025-08","Ontario","2016A000235","Goods","2002=100","17","units","0","v41692039","14.274","142.9","","","","1"
"2025-09","Ontario","2016A000235","Goods","2002=100","17","units","0","v41692039","14.274","143.3","","","","1"
"2025-10","Ontario","2016A000235","Goods","2002=100","17","units","0","v41692039","14.274","142.5","","","","1"
"2025-11","Ontario","2016A000235","Goods","2002=100","17","units","0","v41692039","14.274","143.7","","","","1"
"2025-12","Ontario","2016A000235","Goods","2002=100","17","units","0","v41692039","14.274","142.0","","","","1"
"2026-01","Ontario","2016A000235","Goods","2002=100","17","units","0","v41692039","14.274","143.1","","","","1"
"2026-02","Ontario","2016A000235","Goods","2002=100","17","units","0","v41692039","14.274","143.8","","","","1"
"2026-03","Ontario","2016A000235","Goods","2002=100","17","units","0","v41692039","14.274","146.6","","","","1"
"2026-04","Ontario","2016A000235","Goods","2002=100","17","units","0","v41692039","14.274","148.6","","","","1"
"2026-05","Ontario","2016A000235","Goods","2002=100","17","units","0","v41692039","14.274","150.0","","","","1"
"2026-06","Ontario","2016A000235","Goods","2002=100","17","units","0","v41692039","14.274","147.9","","","","1"
"2015-01","Ontario","2016A000235","Services","2002=100","17","units","0","v41692043","14.282","135.7","","","","1"
"2015-02","Ontario","2016A000235","Services","2002=100","17","units","0","v41692043","14.282","136.5","","","","1"
"2015-03","Ontario","2016A000235","Services","2002=100","17","units","0","v41692043","14.282","136.7","","","","1"
"2015-04","Ontario","2016A000235","Services","2002=100","17","units","0","v41692043","14.282","136.8","","","","1"
"2015-05","Ontario","2016A000235","Services","2002=100","17","units","0","v41692043","14.282","137.2","","","","1"
"2015-06","Ontario","2016A000235","Services","2002=100","17","units","0","v41692043","14.282","137.6","","","","1"
"2015-07","Ontario","2016A000235","Services","2002=100","17","units","0","v41692043","14.282","137.8","","","","1"
"2015-08","Ontario","2016A000235","Services","2002=100","17","units","0","v41692043","14.282","138.0","","","","1"
"2015-09","Ontario","2016A000235","Services","2002=100","17","units","0","v41692043","14.282","138.6","","","","1"
"2015-10","Ontario","2016A000235","Services","2002=100","17","units","0","v41692043","14.282","138.9","","","","1"
"2015-11","Ontario","2016A000235","Services","2002=100","17","units","0","v41692043","14.282","138.3","","","","1"
"2015-12","Ontario","2016A000235","Services","2002=100","17","units","0","v41692043","14.282","138.1","","","","1"
"2016-01","Ontario","2016A000235","Services","2002=100","17","units","0","v41692043","14.282","138.4","","","","1"
"2016-02","Ontario","2016A000235","Services","2002=100","17","units","0","v41692043","14.282","139.1","","","","1"
"2016-03","Ontario","2016A000235","Services","2002=100","17","units","0","v41692043","14.282","139.5","","","","1"
"2016-04","Ontario","2016A000235","Services","2002=100","17","units","0","v41692043","14.282","139.5","","","","1"
"2016-05","Ontario","2016A000235","Services","2002=100","17","units","0","v41692043","14.282","140.3","","","","1"
"2016-06","Ontario","2016A000235","Services","2002=100","17","units","0","v41692043","14.282","140.7","","","","1"
"2016-07","Ontario","2016A000235","Services","2002=100","17","units","0","v41692043","14.282","141.3","","","","1"
"2016-08","Ontario","2016A000235","Services","2002=100","17","units","0","v41692043","14.282","141.2","","","","1"
"2016-09","Ontario","2016A000235","Services","2002=100","17","units","0","v41692043","14.282","141.8","","","","1"
"2016-10","Ontario","2016A000235","Services","2002=100","17","units","0","v41692043","14.282","142.0","","","","1"
"2016-11","Ontario","2016A000235","Services","2002=100","17","units","0","v41692043","14.282","141.7","","","","1"
"2016-12","Ontario","2016A000235","Services","2002=100","17","units","0","v41692043","14.282","141.5","","","","1"
"2017-01","Ontario","2016A000235","Services","2002=100","17","units","0","v41692043","14.282","142.3","","","","1"
"2017-02","Ontario","2016A000235","Services","2002=100","17","units","0","v41692043","14.282","143.0","","","","1"
"2017-03","Ontario","2016A000235","Services","2002=100","17","units","0","v41692043","14.282","143.5","","","","1"
"2017-04","Ontario","2016A000235","Services","2002=100","17","units","0","v41692043","14.282","143.9","","","","1"
"2017-05","Ontario","2016A000235","Services","2002=100","17","units","0","v41692043","14.282","144.6","","","","1"
"2017-06","Ontario","2016A000235","Services","2002=100","17","units","0","v41692043","14.282","145.1","","","","1"
"2017-07","Ontario","2016A000235","Services","2002=100","17","units","0","v41692043","14.282","145.2","","","","1"
"2017-08","Ontario","2016A000235","Services","2002=100","17","units","0","v41692043","14.282","145.1","","","","1"
"2017-09","Ontario","2016A000235","Services","2002=100","17","units","0","v41692043","14.282","145.7","","","","1"
"2017-10","Ontario","2016A000235","Services","2002=100","17","units","0","v41692043","14.282","145.9","","","","1"
"2017-11","Ontario","2016A000235","Services","2002=100","17","units","0","v41692043","14.282","145.6","","","","1"
"2017-12","Ontario","2016A000235","Services","2002=100","17","units","0","v41692043","14.282","144.7","","","","1"
"2018-01","Ontario","2016A000235","Services","2002=100","17","units","0","v41692043","14.282","146.1","","","","1"
"2018-02","Ontario","2016A000235","Services","2002=100","17","units","0","v41692043","14.282","147.4","","","","1"
"2018-03","Ontario","2016A000235","Services","2002=100","17","units","0","v41692043","14.282","148.3","","","","1"
"2018-04","Ontario","2016A000235","Services","2002=100","17","units","0","v41692043","14.282","147.8","","","","1"
"2018-05","Ontario","2016A000235","Services","2002=100","17","units","0","v41692043","14.282","148.3","","","","1"
"2018-06","Ontario","2016A000235","Services","2002=100","17","units","0","v41692043","14.282","148.9","","","","1"
"2018-07","Ontario","2016A000235","Services","2002=100","17","units","0","v41692043","14.282","150.2","","","","1"
"2018-08","Ontario","2016A000235","Services","2002=100","17","units","0","v41692043","14.282","150.2","","","","1"
"2018-09","Ontario","2016A000235","Services","2002=100","17","units","0","v41692043","14.282","149.6","","","","1"
"2018-10","Ontario","2016A000235","Services","2002=100","17","units","0","v41692043","14.282","150.0","","","","1"
"2018-11","Ontario","2016A000235","Services","2002=100","17","units","0","v41692043","14.282","149.9","","","","1"
"2018-12","Ontario","2016A000235","Services","2002=100","17","units","0","v41692043","14.282","150.4","","","","1"
"2019-01","Ontario","2016A000235","Services","2002=100","17","units","0","v41692043","14.282","150.3","","","","1"
"2019-02","Ontario","2016A000235","Services","2002=100","17","units","0","v41692043","14.282","150.9","","","","1"
"2019-03","Ontario","2016A000235","Services","2002=100","17","units","0","v41692043","14.282","151.5","","","","1"
"2019-04","Ontario","2016A000235","Services","2002=100","17","units","0","v41692043","14.282","151.4","","","","1"
"2019-05","Ontario","2016A000235","Services","2002=100","17","units","0","v41692043","14.282","152.4","","","","1"
"2019-06","Ontario","2016A000235","Services","2002=100","17","units","0","v41692043","14.282","152.9","","","","1"
"2019-07","Ontario","2016A000235","Services","2002=100","17","units","0","v41692043","14.282","154.2","","","","1"
"2019-08","Ontario","2016A000235","Services","2002=100","17","units","0","v41692043","14.282","154.3","","","","1"
"2019-09","Ontario","2016A000235","Services","2002=100","17","units","0","v41692043","14.282","152.4","","","","1"
"2019-10","Ontario","2016A000235","Services","2002=100","17","units","0","v41692043","14.282","153.2","","","","1"
"2019-11","Ontario","2016A000235","Services","2002=100","17","units","0","v41692043","14.282","152.3","","","","1"
"2019-12","Ontario","2016A000235","Services","2002=100","17","units","0","v41692043","14.282","153.0","","","","1"
"2020-01","Ontario","2016A000235","Services","2002=100","17","units","0","v41692043","14.282","152.6","","","","1"
"2020-02","Ontario","2016A000235","Services","2002=100","17","units","0","v41692043","14.282","154.0","","","","1"
"2020-03","Ontario","2016A000235","Services","2002=100","17","units","0","v41692043","14.282","154.3","","","","1"
"2020-04","Ontario","2016A000235","Services","2002=100","17","units","0","v41692043","14.282","154.6","","","","1"
"2020-05","Ontario","2016A000235","Services","2002=100","17","units","0","v41692043","14.282","154.5","","","","1"
"2020-06","Ontario","2016A000235","Services","2002=100","17","units","0","v41692043","14.282","154.9","","","","1"
"2020-07","Ontario","2016A000235","Services","2002=100","17","units","0","v41692043","14.282","154.7","","","","1"
"2020-08","Ontario","2016A000235","Services","2002=100","17","units","0","v41692043","14.282","154.9","","","","1"
"2020-09","Ontario","2016A000235","Services","2002=100","17","units","0","v41692043","14.282","154.7","","","","1"
"2020-10","Ontario","2016A000235","Services","2002=100","17","units","0","v41692043","14.282","155.1","","","","1"
"2020-11","Ontario","2016A000235","Services","2002=100","17","units","0","v41692043","14.282","155.2","","","","1"
"2020-12","Ontario","2016A000235","Services","2002=100","17","units","0","v41692043","14.282","155.1","","","","1"
"2021-01","Ontario","2016A000235","Services","2002=100","17","units","0","v41692043","14.282","155.7","","","","1"
"2021-02","Ontario","2016A000235","Services","2002=100","17","units","0","v41692043","14.282","155.9","","","","1"
"2021-03","Ontario","2016A000235","Services","2002=100","17","units","0","v41692043","14.282","156.2","","","","1"
"2021-04","Ontario","2016A000235","Services","2002=100","17","units","0","v41692043","14.282","157.1","","","","1"
"2021-05","Ontario","2016A000235","Services","2002=100","17","units","0","v41692043","14.282","157.8","","","","1"
"2021-06","Ontario","2016A000235","Services","2002=100","17","units","0","v41692043","14.282","158.4","","","","1"
"2021-07","Ontario","2016A000235","Services","2002=100","17","units","0","v41692043","14.282","159.0","","","","1"
"2021-08","Ontario","2016A000235","Services","2002=100","17","units","0","v41692043","14.282","159.3","","","","1"
"2021-09","Ontario","2016A000235","Services","2002=100","17","units","0","v41692043","14.282","160.0","","","","1"
"2021-10","Ontario","2016A000235","Services","2002=100","17","units","0","v41692043","14.282","160.9","","","","1"
"2021-11","Ontario","2016A000235","Services","2002=100","17","units","0","v41692043","14.282","160.6","","","","1"
"2021-12","Ontario","2016A000235","Services","2002=100","17","units","0","v41692043","14.282","161.5","","","","1"
"2022-01","Ontario","2016A000235","Services","2002=100","17","units","0","v41692043","14.282","162.2","","","","1"
"2022-02","Ontario","2016A000235","Services","2002=100","17","units","0","v41692043","14.282","162.9","","","","1"
"2022-03","Ontario","2016A000235","Services","2002=100","17","units","0","v41692043","14.282","163.9","","","","1"
"2022-04","Ontario","2016A000235","Services","2002=100","17","units","0","v41692043","14.282","164.7","","","","1"
"2022-05","Ontario","2016A000235","Services","2002=100","17","units","0","v41692043","14.282","165.8","","","","1"
"2022-06","Ontario","2016A000235","Services","2002=100","17","units","0","v41692043","14.282","166.4","","","","1"
"2022-07","Ontario","2016A000235","Services","2002=100","17","units","0","v41692043","14.282","167.8","","","","1"
"2022-08","Ontario","2016A000235","Services","2002=100","17","units","0","v41692043","14.282","167.7","","","","1"
"2022-09","Ontario","2016A000235","Services","2002=100","17","units","0","v41692043","14.282","168.3","","","","1"
"2022-10","Ontario","2016A000235","Services","2002=100","17","units","0","v41692043","14.282","168.9","","","","1"
"2022-11","Ontario","2016A000235","Services","2002=100","17","units","0","v41692043","14.282","169.1","","","","1"
"2022-12","Ontario","2016A000235","Services","2002=100","17","units","0","v41692043","14.282","169.7","","","","1"
"2023-01","Ontario","2016A000235","Services","2002=100","17","units","0","v41692043","14.282","169.7","","","","1"
"2023-02","Ontario","2016A000235","Services","2002=100","17","units","0","v41692043","14.282","170.5","","","","1"
"2023-03","Ontario","2016A000235","Services","2002=100","17","units","0","v41692043","14.282","171.5","","","","1"
"2023-04","Ontario","2016A000235","Services","2002=100","17","units","0","v41692043","14.282","172.2","","","","1"
"2023-05","Ontario","2016A000235","Services","2002=100","17","units","0","v41692043","14.282","173.3","","","","1"
"2023-06","Ontario","2016A000235","Services","2002=100","17","units","0","v41692043","14.282","172.7","","","","1"
"2023-07","Ontario","2016A000235","Services","2002=100","17","units","0","v41692043","14.282","174.5","","","","1"
"2023-08","Ontario","2016A000235","Services","2002=100","17","units","0","v41692043","14.282","174.5","","","","1"
"2023-09","Ontario","2016A000235","Services","2002=100","17","units","0","v41692043","14.282","174.3","","","","1"
"2023-10","Ontario","2016A000235","Services","2002=100","17","units","0","v41692043","14.282","176.4","","","","1"
"2023-11","Ontario","2016A000235","Services","2002=100","17","units","0","v41692043","14.282","176.8","","","","1"
"2023-12","Ontario","2016A000235","Services","2002=100","17","units","0","v41692043","14.282","176.6","","","","1"
"2024-01","Ontario","2016A000235","Services","2002=100","17","units","0","v41692043","14.282","176.1","","","","1"
"2024-02","Ontario","2016A000235","Services","2002=100","17","units","0","v41692043","14.282","176.9","","","","1"
"2024-03","Ontario","2016A000235","Services","2002=100","17","units","0","v41692043","14.282","178.5","","","","1"
"2024-04","Ontario","2016A000235","Services","2002=100","17","units","0","v41692043","14.282","178.7","","","","1"
"2024-05","Ontario","2016A000235","Services","2002=100","17","units","0","v41692043","14.282","180.7","","","","1"
"2024-06","Ontario","2016A000235","Services","2002=100","17","units","0","v41692043","14.282","180.7","","","","1"
"2024-07","Ontario","2016A000235","Services","2002=100","17","units","0","v41692043","14.282","181.8","","","","1"
"2024-08","Ontario","2016A000235","Services","2002=100","17","units","0","v41692043","14.282","181.5","","","","1"
"2024-09","Ontario","2016A000235","Services","2002=100","17","units","0","v41692043","14.282","181.1","","","","1"
"2024-10","Ontario","2016A000235","Services","2002=100","17","units","0","v41692043","14.282","182.3","","","","1"
"2024-11","Ontario","2016A000235","Services","2002=100","17","units","0","v41692043","14.282","182.3","","","","1"
"2024-12","Ontario","2016A000235","Services","2002=100","17","units","0","v41692043","14.282","181.9","","","","1"
"2025-01","Ontario","2016A000235","Services","2002=100","17","units","0","v41692043","14.282","180.7","","","","1"
"2025-02","Ontario","2016A000235","Services","2002=100","17","units","0","v41692043","14.282","183.5","","","","1"
"2025-03","Ontario","2016A000235","Services","2002=100","17","units","0","v41692043","14.282","183.8","","","","1"
"2025-04","Ontario","2016A000235","Services","2002=100","17","units","0","v41692043","14.282","184.9","","","","1"
"2025-05","Ontario","2016A000235","Services","2002=100","17","units","0","v41692043","14.282","186.4","","","","1"
"2025-06","Ontario","2016A000235","Services","2002=100","17","units","0","v41692043","14.282","186.3","","","","1"
"2025-07","Ontario","2016A000235","Services","2002=100","17","units","0","v41692043","14.282","186.9","","","","1"
"2025-08","Ontario","2016A000235","Services","2002=100","17","units","0","v41692043","14.282","186.4","","","","1"
"2025-09","Ontario","2016A000235","Services","2002=100","17","units","0","v41692043","14.282","186.3","","","","1"
"2025-10","Ontario","2016A000235","Services","2002=100","17","units","0","v41692043","14.282","187.5","","","","1"
"2025-11","Ontario","2016A000235","Services","2002=100","17","units","0","v41692043","14.282","186.9","","","","1"
"2025-12","Ontario","2016A000235","Services","2002=100","17","units","0","v41692043","14.282","187.4","","","","1"
"2026-01","Ontario","2016A000235","Services","2002=100","17","units","0","v41692043","14.282","186.0","","","","1"
"2026-02","Ontario","2016A000235","Services","2002=100","17","units","0","v41692043","14.282","186.9","","","","1"
"2026-03","Ontario","2016A000235","Services","2002=100","17","units","0","v41692043","14.282","187.2","","","","1"
"2026-04","Ontario","2016A000235","Services","2002=100","17","units","0","v41692043","14.282","186.4","","","","1"
"2026-05","Ontario","2016A000235","Services","2002=100","17","units","0","v41692043","14.282","187.8","","","","1"
"2026-06","Ontario","2016A000235","Services","2002=100","17","units","0","v41692043","14.282","188.2","","","","1"


