month,visited_agency,total_visits,total_people_served,unique_clients,unique_clients_excl_unknown,unique_households,unique_households_excl_unknown,avg_household_size,avg_client_age,0-17,18-30,31-44,45-64,65+,Not Reported,ow_cases_official,ow_beneficiaries,odsp_cases_official,odsp_beneficiaries,total_homeless,total_chronic_homeless
2015-01-01,Blessed Sacrament Catholic Church - Society of St. Vincent de Paul,108,344,108,78,108,78,3.185185185185185,46.1025641025641,0,9,28,34,7,30,8257,14896,10998,15022,,
2015-01-01,Cambridge Food Bank - Cambridge,1630,1630,1097,1097,1076,1076,1.0,41.24153705397987,8,435,519,618,43,7,8257,14896,10998,15022,,
2015-01-01,Ray of Hope,126,231,123,122,122,121,1.8114754098360655,45.60655737704918,0,18,42,58,7,1,8257,14896,10998,15022,,
2015-02-01,Blessed Sacrament Catholic Church - Society of St. Vincent de Paul,106,319,106,86,106,86,3.009433962264151,44.616279069767444,0,15,29,35,7,20,8270,14928,11000,15052,,
2015-02-01,Cambridge Food Bank - Cambridge,1386,1386,1050,1050,1034,1034,1.0,41.14995224450812,6,367,458,513,38,4,8270,14928,11000,15052,,
2015-02-01,Emergency Food Hamper Program - House of Friendship,2,2,2,2,2,2,1.0,35.0,0,1,1,0,0,0,8270,14928,11000,15052,,
2015-02-01,Kingsdale Community Centre - Neighbourhood Food Program - House of Friendship,14,38,13,13,13,13,2.6923076923076925,36.38461538461539,0,6,6,2,0,0,8270,14928,11000,15052,,
2015-02-01,Ray of Hope,484,928,295,295,284,284,1.8873239436619718,47.11864406779661,0,57,132,264,31,0,8270,14928,11000,15052,,
2015-03-01,Blessed Sacrament Catholic Church - Society of St. Vincent de Paul,114,343,113,113,113,113,3.0265486725663715,44.56637168141593,1,18,39,48,8,0,8391,15071,11056,15140,,
2015-03-01,Cambridge Food Bank - Cambridge,1378,1378,1045,1045,1028,1028,1.0,42.16330451488953,6,340,409,564,55,4,8391,15071,11056,15140,,
2015-03-01,Emergency Food Hamper Program - House of Friendship,2560,6120,2302,2301,2265,2264,2.419867549668874,42.61260869565218,13,550,892,938,165,2,8391,15071,11056,15140,,
2015-03-01,Kingsdale Community Centre - Neighbourhood Food Program - House of Friendship,342,910,206,206,199,199,2.6180904522613067,45.39320388349515,2,58,97,143,42,0,8391,15071,11056,15140,,
2015-03-01,Ray of Hope,546,1084,343,343,335,335,1.9522388059701492,45.481049562682216,2,73,160,287,24,0,8391,15071,11056,15140,,
2015-03-01,Traverse Independence,25,47,24,1,24,1,1.9166666666666667,37.0,0,0,2,0,0,23,8391,15071,11056,15140,,
2015-03-01,Woolwich Community Services,50,118,47,47,47,47,2.3191489361702127,43.12765957446808,1,9,18,18,4,0,8391,15071,11056,15140,,
2015-04-01,Blessed Sacrament Catholic Church - Society of St. Vincent de Paul,99,296,99,99,99,99,2.98989898989899,46.18181818181818,1,11,32,47,8,0,8460,15264,11066,15150,,
2015-04-01,Cambridge Food Bank - Cambridge,1191,1191,959,959,943,943,1.0,41.83874345549738,5,309,355,472,46,4,8460,15264,11066,15150,,
2015-04-01,Emergency Food Hamper Program - House of Friendship,2275,5355,2044,2043,2000,1999,2.3805,42.09006363191385,20,538,763,797,156,1,8460,15264,11066,15150,,
2015-04-01,Glencairn Mennonite Brethren Church,101,302,100,100,100,100,3.01,46.09,2,10,38,41,10,0,8460,15264,11066,15150,,
2015-04-01,Kingdom Community International ,110,210,91,91,91,91,1.9120879120879122,47.142857142857146,2,11,38,44,15,0,8460,15264,11066,15150,,
2015-04-01,Kingsdale Community Centre - Neighbourhood Food Program - House of Friendship,349,935,198,195,194,191,2.6804123711340204,46.707692307692305,2,48,86,166,44,3,8460,15264,11066,15150,,
2015-04-01,Langs,23,35,23,23,22,22,1.5454545454545454,43.52173913043478,1,5,4,12,1,0,8460,15264,11066,15150,,
2015-04-01,Ray of Hope,520,1076,323,323,317,317,1.9810725552050472,46.804953560371516,2,52,151,283,32,0,8460,15264,11066,15150,,
2015-04-01,Southwood Resource Centre - Kinbridge Community Association,2,8,2,2,2,2,4.0,35.0,0,0,2,0,0,0,8460,15264,11066,15150,,
2015-04-01,St. Agnes Conference - Society of St. Vincent de Paul,19,56,19,18,19,18,2.9473684210526314,40.55555555555556,0,4,8,5,1,1,8460,15264,11066,15150,,
2015-04-01,St. Aloysius Parish Food Pantry,9,32,9,9,9,9,3.5555555555555554,41.333333333333336,0,2,3,3,1,0,8460,15264,11066,15150,,
2015-04-01,Sunnydale Community Centre - Neighbourhood Food Program - House of Friendship,9,34,9,9,9,9,3.7777777777777777,46.55555555555556,0,1,3,4,1,0,8460,15264,11066,15150,,
2015-04-01,Traverse Independence,43,71,31,3,31,3,1.903225806451613,50.333333333333336,0,0,6,9,0,28,8460,15264,11066,15150,,
2015-04-01,Woolwich Community Services,61,152,59,59,59,59,2.542372881355932,45.186440677966104,1,10,17,27,6,0,8460,15264,11066,15150,,
2015-05-01,Blessed Sacrament Catholic Church - Society of St. Vincent de Paul,114,351,113,112,113,112,3.0707964601769913,43.732142857142854,0,22,42,41,8,1,8579,15546,11002,15042,,
2015-05-01,Cambridge Food Bank - Cambridge,1144,1144,958,958,945,945,1.0,41.9643605870021,10,300,327,460,43,4,8579,15546,11002,15042,,
2015-05-01,Christopher Champlain Resource Centre - Kinbridge Community Association,11,32,11,0,11,0,2.909090909090909,,0,0,0,0,0,11,8579,15546,11002,15042,,
2015-05-01,Courtland Shelley Community Centre - Neighbourhood Food Program - House of Friendship,98,370,34,34,34,34,3.7941176470588234,39.94117647058823,0,21,46,27,4,0,8579,15546,11002,15042,,
2015-05-01,Emergency Food Hamper Program - House of Friendship,2155,5270,1997,1995,1964,1962,2.468431771894094,41.99047619047619,16,515,743,754,125,2,8579,15546,11002,15042,,
2015-05-01,Emmanuel United Church - Waterloo Wayside ,55,75,42,38,40,36,1.225,54.05263157894737,0,2,5,34,10,4,8579,15546,11002,15042,,
2015-05-01,Erb West Community Centre - Camino Wellness + Mental Health,13,75,11,11,11,11,5.363636363636363,35.90909090909091,0,2,11,0,0,0,8579,15546,11002,15042,,
2015-05-01,Glencairn Mennonite Brethren Church,103,320,101,101,100,100,3.13,45.78217821782178,1,12,34,45,11,0,8579,15546,11002,15042,,
2015-05-01,Kingdom Community International ,161,344,145,145,144,144,2.0902777777777777,45.53103448275862,1,20,59,67,14,0,8579,15546,11002,15042,,
2015-05-01,Kingsdale Community Centre - Neighbourhood Food Program - House of Friendship,310,860,188,187,183,182,2.73224043715847,46.88235294117647,2,43,82,141,41,1,8579,15546,11002,15042,,
2015-05-01,Kitchener Community Church and Family Care Centre,14,31,14,14,14,14,2.2142857142857144,42.07142857142857,0,4,2,8,0,0,8579,15546,11002,15042,,
2015-05-01,Langs,29,38,23,23,23,23,1.2608695652173914,43.04347826086956,1,9,5,13,1,0,8579,15546,11002,15042,,
2015-05-01,Ray of Hope,542,1158,323,323,317,317,2.1009463722397475,47.526315789473685,3,50,155,297,37,0,8579,15546,11002,15042,,
2015-05-01,St. Agnes Conference - Society of St. Vincent de Paul,25,84,25,22,24,21,3.4583333333333335,40.45454545454545,0,5,9,7,1,3,8579,15546,11002,15042,,
2015-05-01,St. Aloysius Parish Food Pantry,17,51,15,15,15,15,3.2666666666666666,40.4,1,5,5,4,2,0,8579,15546,11002,15042,,
2015-05-01,Traverse Independence,52,67,34,8,34,8,1.3823529411764706,46.5,0,1,7,18,0,26,8579,15546,11002,15042,,
2015-05-01,Wellesley Food Cupboard,3,20,3,3,3,3,6.666666666666667,30.333333333333332,0,1,2,0,0,0,8579,15546,11002,15042,,
2015-05-01,Woolwich Community Services,53,131,50,50,50,50,2.46,46.94,0,8,16,21,8,0,8579,15546,11002,15042,,
2015-06-01,Blessed Sacrament Catholic Church - Society of St. Vincent de Paul,85,260,85,84,85,84,3.0588235294117645,43.892857142857146,0,16,27,36,5,1,8548,15502,11061,15115,,
2015-06-01,Cambridge Food Bank - Cambridge,1001,1001,836,836,826,826,1.0,41.90059880239521,5,281,284,384,46,1,8548,15502,11061,15115,,
2015-06-01,Christopher Champlain Resource Centre - Kinbridge Community Association,8,26,8,0,8,0,3.25,,0,0,0,0,0,8,8548,15502,11061,15115,,
2015-06-01,Courtland Shelley Community Centre - Neighbourhood Food Program - House of Friendship,118,457,39,39,39,39,3.7948717948717947,41.07692307692308,0,21,50,44,3,0,8548,15502,11061,15115,,
2015-06-01,Emergency Food Hamper Program - House of Friendship,2344,5665,2123,2123,2090,2090,2.4392344497607654,42.261422515308524,6,575,783,821,159,0,8548,15502,11061,15115,,
2015-06-01,Emmanuel United Church - Waterloo Wayside ,121,180,56,52,53,49,1.5471698113207548,52.23076923076923,0,3,20,69,25,4,8548,15502,11061,15115,,
2015-06-01,Erb West Community Centre - Camino Wellness + Mental Health,11,58,11,11,11,11,5.2727272727272725,41.27272727272727,0,1,6,4,0,0,8548,15502,11061,15115,,
2015-06-01,Glencairn Mennonite Brethren Church,106,343,105,102,104,101,3.25,44.911764705882355,1,15,36,42,9,3,8548,15502,11061,15115,,
2015-06-01,Kingdom Community International ,83,183,78,72,76,70,2.236842105263158,46.69444444444444,0,11,25,34,7,6,8548,15502,11061,15115,,
2015-06-01,Kingsdale Community Centre - Neighbourhood Food Program - House of Friendship,323,901,198,198,193,193,2.7927461139896375,46.69191919191919,1,44,95,143,40,0,8548,15502,11061,15115,,
2015-06-01,Kitchener Community Church and Family Care Centre,268,633,263,263,261,261,2.3869731800766285,44.539923954372625,3,38,97,110,20,0,8548,15502,11061,15115,,
2015-06-01,Langs,18,29,14,14,14,14,1.7857142857142858,44.07142857142857,2,1,2,13,0,0,8548,15502,11061,15115,,
2015-06-01,Ray of Hope,571,1273,360,360,353,353,2.2011331444759206,46.15277777777778,3,56,182,290,40,0,8548,15502,11061,15115,,
2015-06-01,Southwood Resource Centre - Kinbridge Community Association,3,11,3,3,3,3,3.6666666666666665,35.0,0,0,3,0,0,0,8548,15502,11061,15115,,
2015-06-01,St. Agnes Conference - Society of St. Vincent de Paul,32,96,32,32,32,32,3.0,42.40625,0,5,12,14,1,0,8548,15502,11061,15115,,
2015-06-01,St. Aloysius Parish Food Pantry,18,50,18,18,18,18,2.7777777777777777,41.333333333333336,1,4,7,4,2,0,8548,15502,11061,15115,,
2015-06-01,Supportive Housing YWCA (Lincoln Road),24,34,24,0,24,0,1.4166666666666667,,0,0,0,0,0,24,8548,15502,11061,15115,,
2015-06-01,Supportive Housing of Waterloo (SHOW),9,9,9,9,9,9,1.0,51.666666666666664,0,0,1,7,1,0,8548,15502,11061,15115,,
2015-06-01,Traverse Independence,33,49,22,8,22,8,1.6818181818181819,52.0,0,0,5,14,0,14,8548,15502,11061,15115,,
2015-06-01,Wellesley Food Cupboard,11,58,11,9,11,9,5.2727272727272725,36.0,0,3,4,2,0,2,8548,15502,11061,15115,,
2015-06-01,Woolwich Community Services,63,161,58,58,58,58,2.6206896551724137,44.44827586206897,0,11,23,23,6,0,8548,15502,11061,15115,,
2015-06-01,oneROOF Youth Services,109,169,82,82,79,79,1.4683544303797469,21.658536585365855,7,101,1,0,0,0,8548,15502,11061,15115,,
2015-07-01,Blessed Sacrament Catholic Church - Society of St. Vincent de Paul,106,323,103,100,103,100,2.9514563106796117,45.52,0,17,35,42,9,3,8536,15539,11131,15207,,
2015-07-01,Cambridge Food Bank - Cambridge,1004,1004,844,844,832,832,1.0,42.44219308700834,1,269,276,407,46,5,8536,15539,11131,15207,,
2015-07-01,Christopher Champlain Resource Centre - Kinbridge Community Association,4,16,4,0,4,0,4.0,,0,0,0,0,0,4,8536,15539,11131,15207,,
2015-07-01,Courtland Shelley Community Centre - Neighbourhood Food Program - House of Friendship,64,266,32,32,30,30,4.2,40.625,0,11,26,25,2,0,8536,15539,11131,15207,,
2015-07-01,Emergency Food Hamper Program - House of Friendship,2061,4983,1875,1874,1858,1857,2.442411194833154,42.79135538954109,8,481,684,724,163,1,8536,15539,11131,15207,,
2015-07-01,Emmanuel United Church - Waterloo Wayside ,148,210,65,60,62,57,1.3870967741935485,53.4,0,6,13,93,31,5,8536,15539,11131,15207,,
2015-07-01,Erb West Community Centre - Camino Wellness + Mental Health,13,70,11,11,11,11,5.181818181818182,39.27272727272727,0,3,9,1,0,0,8536,15539,11131,15207,,
2015-07-01,Glencairn Mennonite Brethren Church,92,317,91,89,90,88,3.466666666666667,48.06741573033708,0,8,28,44,10,2,8536,15539,11131,15207,,
2015-07-01,Kingdom Community International ,144,297,128,123,127,122,2.0866141732283463,48.10569105691057,1,16,38,71,13,5,8536,15539,11131,15207,,
2015-07-01,Kingsdale Community Centre - Neighbourhood Food Program - House of Friendship,294,846,185,184,177,176,2.8192090395480225,46.494565217391305,1,41,88,124,39,1,8536,15539,11131,15207,,
2015-07-01,Kitchener Community Church and Family Care Centre,207,498,202,202,201,201,2.427860696517413,45.14356435643565,1,31,67,94,14,0,8536,15539,11131,15207,,
2015-07-01,Langs,22,36,20,20,20,20,1.7,42.4,1,5,3,13,0,0,8536,15539,11131,15207,,
2015-07-01,Ray of Hope,541,1148,353,353,346,346,2.0722543352601157,46.30028328611898,5,61,162,272,41,0,8536,15539,11131,15207,,
2015-07-01,Southwood Resource Centre - Kinbridge Community Association,1,6,1,1,1,1,6.0,35.0,0,0,1,0,0,0,8536,15539,11131,15207,,
2015-07-01,St. Agnes Conference - Society of St. Vincent de Paul,23,81,23,23,23,23,3.5217391304347827,42.47826086956522,0,3,10,9,1,0,8536,15539,11131,15207,,
2015-07-01,St. Aloysius Parish Food Pantry,3,4,3,3,3,3,1.3333333333333333,42.666666666666664,0,0,2,1,0,0,8536,15539,11131,15207,,
2015-07-01,Sunnydale Community Centre - Neighbourhood Food Program - House of Friendship,6,21,6,6,6,6,3.5,41.666666666666664,0,0,4,2,0,0,8536,15539,11131,15207,,
2015-07-01,Supportive Housing YWCA (Lincoln Road),19,27,14,9,14,9,1.3571428571428572,40.55555555555556,1,2,3,8,0,5,8536,15539,11131,15207,,
2015-07-01,Traverse Independence,33,39,17,10,17,10,1.3529411764705883,48.8,0,1,5,20,0,7,8536,15539,11131,15207,,
2015-07-01,Wellesley Food Cupboard,3,24,3,3,3,3,8.0,25.666666666666668,1,1,1,0,0,0,8536,15539,11131,15207,,
2015-07-01,Wilmot & Wellesley Resource Centre,15,27,15,14,15,14,1.8,44.42857142857143,0,2,4,8,0,1,8536,15539,11131,15207,,
2015-07-01,Woolwich Community Services,54,121,50,50,50,50,2.26,44.24,1,12,12,22,7,0,8536,15539,11131,15207,,
2015-07-01,oneROOF Youth Services,83,141,58,58,57,57,1.6666666666666667,21.862068965517242,9,73,0,1,0,0,8536,15539,11131,15207,,
2015-08-01,Blessed Sacrament Catholic Church - Society of St. Vincent de Paul,39,116,39,39,39,39,2.9743589743589745,44.69230769230769,0,11,8,16,4,0,8559,15608,11073,15108,,
2015-08-01,Cambridge Food Bank - Cambridge,967,967,839,839,831,831,1.0,41.86074429771909,6,250,285,385,35,6,8559,15608,11073,15108,,
2015-08-01,Christopher Champlain Resource Centre - Kinbridge Community Association,15,50,15,0,15,0,3.3333333333333335,,0,0,0,0,0,15,8559,15608,11073,15108,,
2015-08-01,Courtland Shelley Community Centre - Neighbourhood Food Program - House of Friendship,59,252,36,36,33,33,4.212121212121212,41.22222222222222,1,9,27,22,0,0,8559,15608,11073,15108,,
2015-08-01,Emergency Food Hamper Program - House of Friendship,2162,5194,1978,1975,1951,1948,2.4233726294208098,42.95443037974684,9,499,717,760,174,3,8559,15608,11073,15108,,
2015-08-01,Emmanuel United Church - Waterloo Wayside ,108,150,55,55,50,50,1.3,51.527272727272724,0,3,14,76,15,0,8559,15608,11073,15108,,
2015-08-01,Erb West Community Centre - Camino Wellness + Mental Health,5,18,5,5,5,5,3.6,37.0,0,1,3,1,0,0,8559,15608,11073,15108,,
2015-08-01,Glencairn Mennonite Brethren Church,108,389,108,106,106,104,3.6226415094339623,45.556603773584904,2,11,38,45,10,2,8559,15608,11073,15108,,
2015-08-01,Kingsdale Community Centre - Neighbourhood Food Program - House of Friendship,337,1027,228,228,222,222,3.018018018018018,46.00877192982456,2,37,110,150,38,0,8559,15608,11073,15108,,
2015-08-01,Kitchener Community Church and Family Care Centre,228,556,224,224,223,223,2.4529147982062782,42.57142857142857,2,38,81,98,9,0,8559,15608,11073,15108,,
2015-08-01,Langs,8,13,8,8,8,8,1.625,41.625,0,3,1,4,0,0,8559,15608,11073,15108,,
2015-08-01,Ray of Hope,505,1129,328,328,325,325,2.163076923076923,47.292682926829265,3,48,147,269,38,0,8559,15608,11073,15108,,
2015-08-01,St. Agnes Conference - Society of St. Vincent de Paul,29,100,29,29,29,29,3.4482758620689653,38.62068965517241,0,10,10,9,0,0,8559,15608,11073,15108,,
2015-08-01,St. Aloysius Parish Food Pantry,5,11,5,5,5,5,2.2,40.8,0,1,3,0,1,0,8559,15608,11073,15108,,
2015-08-01,St. John's Church - Society of St. Vincent de Paul,60,139,60,60,60,60,2.316666666666667,43.166666666666664,0,7,28,23,2,0,8559,15608,11073,15108,,
2015-08-01,Sunnydale Community Centre - Neighbourhood Food Program - House of Friendship,218,972,83,76,81,74,4.185185185185185,43.171052631578945,2,43,73,77,16,7,8559,15608,11073,15108,,
2015-08-01,Supportive Housing YWCA (Lincoln Road),14,20,13,8,13,8,1.4615384615384615,46.25,0,1,2,6,0,5,8559,15608,11073,15108,,
2015-08-01,Traverse Independence,29,40,13,8,13,8,1.6153846153846154,48.375,0,2,3,19,0,5,8559,15608,11073,15108,,
2015-08-01,Wellesley Food Cupboard,3,22,3,3,3,3,7.333333333333333,31.333333333333332,0,2,1,0,0,0,8559,15608,11073,15108,,
2015-08-01,Wilmot & Wellesley Resource Centre,36,104,32,32,32,32,2.625,43.6875,0,4,15,14,3,0,8559,15608,11073,15108,,
2015-08-01,Woolwich Community Services,51,95,51,51,51,51,1.8627450980392157,44.8235294117647,1,7,17,20,6,0,8559,15608,11073,15108,,
2015-08-01,oneROOF Youth Services,40,77,30,30,30,30,2.066666666666667,22.3,5,34,0,1,0,0,8559,15608,11073,15108,,
2015-09-01,Blessed Sacrament Catholic Church - Society of St. Vincent de Paul,104,285,104,103,104,103,2.7403846153846154,43.86407766990291,0,24,25,47,7,1,8399,15287,11184,15292,,
2015-09-01,Cambridge Food Bank - Cambridge,876,876,739,739,735,735,1.0,42.414965986394556,1,220,267,332,51,5,8399,15287,11184,15292,,
2015-09-01,Chandler Mowat Community Centre - Neighbourhood Food Program - House of Friendship,163,553,75,75,73,73,3.2739726027397262,43.44,0,21,60,76,6,0,8399,15287,11184,15292,,
2015-09-01,Christopher Champlain Resource Centre - Kinbridge Community Association,11,47,11,0,11,0,4.2727272727272725,,0,0,0,0,0,11,8399,15287,11184,15292,,
2015-09-01,Courtland Shelley Community Centre - Neighbourhood Food Program - House of Friendship,111,467,44,44,42,42,4.166666666666667,40.65909090909091,1,17,48,45,0,0,8399,15287,11184,15292,,
2015-09-01,Emergency Food Hamper Program - House of Friendship,1911,4676,1777,1777,1752,1752,2.458904109589041,43.22566122678672,12,417,634,698,150,0,8399,15287,11184,15292,,
2015-09-01,Emmanuel United Church - Waterloo Wayside ,116,177,62,59,62,59,1.403225806451613,52.52542372881356,0,2,13,78,20,3,8399,15287,11184,15292,,
2015-09-01,Erb West Community Centre - Camino Wellness + Mental Health,14,53,12,12,11,11,3.727272727272727,38.75,0,3,8,3,0,0,8399,15287,11184,15292,,
2015-09-01,Glencairn Mennonite Brethren Church,92,302,92,89,90,87,3.2777777777777777,46.561797752808985,3,7,30,39,10,3,8399,15287,11184,15292,,
2015-09-01,Kingdom Community International ,153,318,135,135,135,135,2.140740740740741,47.422222222222224,0,14,53,75,11,0,8399,15287,11184,15292,,
2015-09-01,Kingsdale Community Centre - Neighbourhood Food Program - House of Friendship,267,745,186,186,184,184,2.8315217391304346,47.25806451612903,0,28,87,115,37,0,8399,15287,11184,15292,,
2015-09-01,Kitchener Community Church and Family Care Centre,251,634,245,245,242,242,2.541322314049587,45.42857142857143,2,39,76,110,24,0,8399,15287,11184,15292,,
2015-09-01,Langs,18,28,16,16,16,16,1.375,42.1875,1,5,3,9,0,0,8399,15287,11184,15292,,
2015-09-01,Ray of Hope,506,1155,327,327,322,322,2.2422360248447206,47.96330275229358,3,50,133,273,47,0,8399,15287,11184,15292,,
2015-09-01,St. Agnes Conference - Society of St. Vincent de Paul,27,75,27,27,27,27,2.7777777777777777,41.25925925925926,1,7,7,10,2,0,8399,15287,11184,15292,,
2015-09-01,St. Aloysius Parish Food Pantry,28,72,26,26,26,26,2.5,45.15384615384615,0,4,11,10,3,0,8399,15287,11184,15292,,
2015-09-01,St. John's Church - Society of St. Vincent de Paul,67,181,66,66,65,65,2.723076923076923,41.015151515151516,1,13,25,27,1,0,8399,15287,11184,15292,,
2015-09-01,Sunnydale Community Centre - Neighbourhood Food Program - House of Friendship,216,968,82,70,82,70,4.341463414634147,42.17142857142857,2,32,71,80,19,12,8399,15287,11184,15292,,
2015-09-01,Supportive Housing YWCA (Lincoln Road),21,30,17,5,17,5,1.5294117647058822,48.6,0,0,2,7,0,12,8399,15287,11184,15292,,
2015-09-01,Traverse Independence,28,41,12,10,12,10,1.6666666666666667,50.2,0,3,1,22,0,2,8399,15287,11184,15292,,
2015-09-01,Wellesley Food Cupboard,9,49,9,9,9,9,5.444444444444445,37.111111111111114,0,4,4,0,1,0,8399,15287,11184,15292,,
2015-09-01,Wilmot & Wellesley Resource Centre,46,142,45,45,45,45,3.111111111111111,40.733333333333334,0,15,15,15,1,0,8399,15287,11184,15292,,
2015-09-01,Woolwich Community Services,60,136,55,55,55,55,2.309090909090909,46.96363636363636,1,8,15,26,10,0,8399,15287,11184,15292,,
2015-09-01,oneROOF Youth Services,154,240,88,88,86,86,1.4534883720930232,21.25,18,135,1,0,0,0,8399,15287,11184,15292,,
2015-10-01,Blessed Sacrament Catholic Church - Society of St. Vincent de Paul,96,277,96,95,96,95,2.8854166666666665,43.54736842105263,0,19,30,42,4,1,8394,15239,11202,15301,,
2015-10-01,Cambridge Food Bank - Cambridge,870,870,715,715,709,709,1.0,42.06610407876231,11,235,237,328,54,5,8394,15239,11202,15301,,
2015-10-01,Chandler Mowat Community Centre - Neighbourhood Food Program - House of Friendship,194,678,66,66,64,64,3.515625,44.27272727272727,0,23,72,90,9,0,8394,15239,11202,15301,,
2015-10-01,Christopher Champlain Resource Centre - Kinbridge Community Association,2,5,2,2,2,2,2.5,40.5,0,0,2,0,0,0,8394,15239,11202,15301,,
2015-10-01,Courtland Shelley Community Centre - Neighbourhood Food Program - House of Friendship,117,494,45,45,42,42,4.0476190476190474,39.644444444444446,3,15,53,46,0,0,8394,15239,11202,15301,,
2015-10-01,Emergency Food Hamper Program - House of Friendship,1887,4785,1733,1732,1713,1712,2.5405720957384705,43.673210161662816,9,384,631,698,164,1,8394,15239,11202,15301,,
2015-10-01,Emmanuel United Church - Waterloo Wayside ,131,208,59,59,57,57,1.543859649122807,51.33898305084746,0,8,20,79,24,0,8394,15239,11202,15301,,
2015-10-01,Erb West Community Centre - Camino Wellness + Mental Health,13,65,12,12,12,12,5.0,37.166666666666664,0,3,7,3,0,0,8394,15239,11202,15301,,
2015-10-01,Glencairn Mennonite Brethren Church,95,358,93,92,92,91,3.739130434782609,47.54347826086956,1,6,33,43,11,1,8394,15239,11202,15301,,
2015-10-01,Kingdom Community International ,134,313,125,125,124,124,2.314516129032258,45.704,5,14,43,60,12,0,8394,15239,11202,15301,,
2015-10-01,Kingsdale Community Centre - Neighbourhood Food Program - House of Friendship,324,924,197,197,190,190,2.8526315789473684,47.47208121827411,0,34,102,139,49,0,8394,15239,11202,15301,,
2015-10-01,Kitchener Community Church and Family Care Centre,243,620,235,235,231,231,2.6103896103896105,44.85957446808511,0,35,81,115,12,0,8394,15239,11202,15301,,
2015-10-01,Langs,14,29,12,12,12,12,2.1666666666666665,44.0,1,2,2,9,0,0,8394,15239,11202,15301,,
2015-10-01,Paulander Community Centre - Camino Wellness + Mental Health,8,29,8,8,8,8,3.625,46.625,0,0,4,4,0,0,8394,15239,11202,15301,,
2015-10-01,Ray of Hope,532,1235,328,328,323,323,2.219814241486068,48.21036585365854,4,40,154,284,50,0,8394,15239,11202,15301,,
2015-10-01,St. Agnes Conference - Society of St. Vincent de Paul,15,48,15,15,15,15,3.2,38.86666666666667,1,3,5,6,0,0,8394,15239,11202,15301,,
2015-10-01,St. Aloysius Parish Food Pantry,30,78,30,30,29,29,2.6551724137931036,43.2,1,6,11,8,4,0,8394,15239,11202,15301,,
2015-10-01,St. John's Church - Society of St. Vincent de Paul,43,104,42,42,42,42,2.3333333333333335,45.23809523809524,1,4,15,21,2,0,8394,15239,11202,15301,,
2015-10-01,Sunnydale Community Centre - Neighbourhood Food Program - House of Friendship,275,1267,86,71,86,71,4.255813953488372,42.42253521126761,3,48,92,93,24,15,8394,15239,11202,15301,,
2015-10-01,Supportive Housing YWCA (Lincoln Road),16,31,13,5,13,5,1.9230769230769231,44.2,0,0,5,3,0,8,8394,15239,11202,15301,,
2015-10-01,Traverse Independence,24,29,10,5,10,5,1.1,50.0,0,0,5,14,0,5,8394,15239,11202,15301,,
2015-10-01,University of Waterloo Food Bank,1,1,1,0,1,0,1.0,,0,0,0,0,0,1,8394,15239,11202,15301,,
2015-10-01,Wellesley Food Cupboard,9,48,7,7,7,7,5.571428571428571,42.857142857142854,0,0,6,1,2,0,8394,15239,11202,15301,,
2015-10-01,Wilmot & Wellesley Resource Centre,39,105,36,36,36,36,2.7222222222222223,42.55555555555556,0,11,11,15,2,0,8394,15239,11202,15301,,
2015-10-01,Woolwich Community Services,54,119,53,53,53,53,2.2264150943396226,45.43396226415094,1,8,15,23,7,0,8394,15239,11202,15301,,
2015-10-01,oneROOF Youth Services,121,204,85,85,77,77,1.6233766233766234,20.729411764705883,13,108,0,0,0,0,8394,15239,11202,15301,,
2015-11-01,Blessed Sacrament Catholic Church - Society of St. Vincent de Paul,126,404,122,121,122,121,3.2049180327868854,43.421487603305785,0,24,46,47,8,1,8382,15179,11155,15224,,
2015-11-01,Cambridge Food Bank - Cambridge,551,551,497,497,488,488,1.0,40.82424242424243,2,154,170,201,22,2,8382,15179,11155,15224,,
2015-11-01,Chandler Mowat Community Centre - Neighbourhood Food Program - House of Friendship,188,592,103,67,101,65,2.910891089108911,44.25373134328358,0,19,56,72,5,36,8382,15179,11155,15224,,
2015-11-01,Christopher Champlain Resource Centre - Kinbridge Community Association,27,87,16,16,16,16,3.3125,35.125,2,5,8,12,0,0,8382,15179,11155,15224,,
2015-11-01,Courtland Shelley Community Centre - Neighbourhood Food Program - House of Friendship,159,625,76,76,71,71,3.647887323943662,43.776315789473685,4,23,62,61,9,0,8382,15179,11155,15224,,
2015-11-01,Emergency Food Hamper Program - House of Friendship,2256,5831,2052,2051,2023,2022,2.565496786950074,43.19161384690395,9,485,737,851,173,1,8382,15179,11155,15224,,
2015-11-01,Emmanuel United Church - Waterloo Wayside ,102,157,49,48,47,46,1.5106382978723405,52.3125,0,3,13,65,20,1,8382,15179,11155,15224,,
2015-11-01,Erb West Community Centre - Camino Wellness + Mental Health,12,67,12,12,12,12,5.583333333333333,36.916666666666664,0,2,8,2,0,0,8382,15179,11155,15224,,
2015-11-01,Glencairn Mennonite Brethren Church,120,407,117,116,116,115,3.353448275862069,45.241379310344826,1,14,45,48,11,1,8382,15179,11155,15224,,
2015-11-01,Kingdom Community International ,179,436,160,150,158,148,2.4430379746835444,45.24,5,23,54,66,21,10,8382,15179,11155,15224,,
2015-11-01,Kingsdale Community Centre - Neighbourhood Food Program - House of Friendship,293,803,213,213,207,207,2.739130434782609,47.652582159624416,0,28,96,126,43,0,8382,15179,11155,15224,,
2015-11-01,Kitchener Community Church and Family Care Centre,195,543,192,192,191,191,2.816753926701571,43.5,1,41,57,83,13,0,8382,15179,11155,15224,,
2015-11-01,Langs,7,13,7,7,7,7,1.8571428571428572,46.857142857142854,0,1,1,5,0,0,8382,15179,11155,15224,,
2015-11-01,Paulander Community Centre - Camino Wellness + Mental Health,6,25,5,5,5,5,3.8,43.2,0,0,2,4,0,0,8382,15179,11155,15224,,
2015-11-01,Ray of Hope,528,1272,340,340,335,335,2.337313432835821,47.561764705882354,4,42,160,270,52,0,8382,15179,11155,15224,,
2015-11-01,St. Agnes Conference - Society of St. Vincent de Paul,42,127,41,41,41,41,3.073170731707317,37.48780487804878,2,9,18,12,1,0,8382,15179,11155,15224,,
2015-11-01,St. Aloysius Parish Food Pantry,33,86,33,33,33,33,2.606060606060606,38.15151515151515,2,8,11,11,1,0,8382,15179,11155,15224,,
2015-11-01,St. John's Church - Society of St. Vincent de Paul,72,204,72,72,69,69,2.8840579710144927,40.888888888888886,1,15,28,25,3,0,8382,15179,11155,15224,,
2015-11-01,Sunnydale Community Centre - Neighbourhood Food Program - House of Friendship,240,1073,85,80,85,80,4.223529411764706,40.4875,3,55,83,74,20,5,8382,15179,11155,15224,,
2015-11-01,Supportive Housing YWCA (Lincoln Road),15,25,11,4,11,4,1.8181818181818181,43.25,0,1,2,5,0,7,8382,15179,11155,15224,,
2015-11-01,Traverse Independence,56,71,36,8,36,8,1.3055555555555556,51.625,0,0,6,22,0,28,8382,15179,11155,15224,,
2015-11-01,Wellesley Food Cupboard,16,72,11,10,11,10,5.0,35.3,1,3,6,1,4,1,8382,15179,11155,15224,,
2015-11-01,Wilmot & Wellesley Resource Centre,77,248,67,67,67,67,3.014925373134328,42.17910447761194,0,17,34,22,4,0,8382,15179,11155,15224,,
2015-11-01,Woolwich Community Services,68,168,63,63,63,63,2.492063492063492,47.42857142857143,1,5,24,24,14,0,8382,15179,11155,15224,,
2015-11-01,oneROOF Youth Services,146,257,101,101,99,99,1.6868686868686869,21.22772277227723,12,133,1,0,0,0,8382,15179,11155,15224,,
2015-12-01,Blessed Sacrament Catholic Church - Society of St. Vincent de Paul,94,275,92,92,92,92,2.9130434782608696,45.30434782608695,0,15,28,45,6,0,8310,15004,11254,15373,,
2015-12-01,Cambridge Food Bank - Cambridge,4,11,2,2,2,2,2.5,46.0,0,0,3,1,0,0,8310,15004,11254,15373,,
2015-12-01,Chandler Mowat Community Centre - Neighbourhood Food Program - House of Friendship,192,595,108,71,107,70,2.9813084112149535,43.267605633802816,0,22,56,71,6,37,8310,15004,11254,15373,,
2015-12-01,Christopher Champlain Resource Centre - Kinbridge Community Association,17,65,16,16,16,16,3.875,41.0625,0,2,9,6,0,0,8310,15004,11254,15373,,
2015-12-01,Courtland Shelley Community Centre - Neighbourhood Food Program - House of Friendship,139,575,53,52,48,47,3.875,39.01923076923077,3,21,63,46,5,1,8310,15004,11254,15373,,
2015-12-01,Emergency Food Hamper Program - House of Friendship,2275,5995,1946,1946,1905,1905,2.5984251968503935,43.81192189105858,5,452,721,897,200,0,8310,15004,11254,15373,,
2015-12-01,Emmanuel United Church - Waterloo Wayside ,123,187,55,52,52,49,1.4615384615384615,52.30769230769231,0,5,19,75,21,3,8310,15004,11254,15373,,
2015-12-01,Erb West Community Centre - Camino Wellness + Mental Health,4,19,4,4,4,4,4.75,40.75,0,0,3,1,0,0,8310,15004,11254,15373,,
2015-12-01,Glencairn Mennonite Brethren Church,99,359,99,99,98,98,3.6530612244897958,46.343434343434346,0,9,39,41,10,0,8310,15004,11254,15373,,
2015-12-01,Kingdom Community International ,160,427,141,127,139,125,2.647482014388489,48.43307086614173,3,9,49,65,20,14,8310,15004,11254,15373,,
2015-12-01,Kingsdale Community Centre - Neighbourhood Food Program - House of Friendship,444,1279,333,333,327,327,2.8470948012232418,46.48048048048048,2,45,157,179,61,0,8310,15004,11254,15373,,
2015-12-01,Kitchener Community Church and Family Care Centre,10,27,10,10,10,10,2.7,42.4,0,3,1,6,0,0,8310,15004,11254,15373,,
2015-12-01,Langs,10,18,9,9,9,9,1.8888888888888888,47.333333333333336,1,0,1,8,0,0,8310,15004,11254,15373,,
2015-12-01,Paulander Community Centre - Camino Wellness + Mental Health,26,69,17,17,17,17,2.764705882352941,48.05882352941177,0,4,5,14,3,0,8310,15004,11254,15373,,
2015-12-01,Ray of Hope,525,1305,321,321,317,317,2.4037854889589907,48.40809968847352,1,40,154,280,50,0,8310,15004,11254,15373,,
2015-12-01,St. Agnes Conference - Society of St. Vincent de Paul,94,313,94,80,93,79,3.3548387096774195,39.075,2,20,32,24,2,14,8310,15004,11254,15373,,
2015-12-01,St. Aloysius Parish Food Pantry,24,69,24,24,24,24,2.875,43.666666666666664,0,4,12,7,1,0,8310,15004,11254,15373,,
2015-12-01,St. John's Church - Society of St. Vincent de Paul,43,118,42,42,41,41,2.682926829268293,45.07142857142857,0,7,12,22,2,0,8310,15004,11254,15373,,
2015-12-01,Sunnydale Community Centre - Neighbourhood Food Program - House of Friendship,177,777,77,73,77,73,4.337662337662338,41.821917808219176,1,38,54,65,15,4,8310,15004,11254,15373,,
2015-12-01,Supportive Housing YWCA (Lincoln Road),11,19,9,5,9,5,1.4444444444444444,45.2,0,0,5,2,0,4,8310,15004,11254,15373,,
2015-12-01,Traverse Independence,13,23,9,3,9,3,1.7777777777777777,47.333333333333336,0,0,1,6,0,6,8310,15004,11254,15373,,
2015-12-01,Wellesley Food Cupboard,9,45,7,7,5,5,6.0,28.714285714285715,2,4,1,0,2,0,8310,15004,11254,15373,,
2015-12-01,Wilmot & Wellesley Resource Centre,182,536,162,162,160,160,2.99375,42.93827160493827,3,40,62,63,14,0,8310,15004,11254,15373,,
2015-12-01,Woolwich Community Services,30,68,30,30,30,30,2.2666666666666666,46.266666666666666,0,4,9,14,3,0,8310,15004,11254,15373,,
2015-12-01,oneROOF Youth Services,130,221,92,92,86,86,1.6162790697674418,20.956521739130434,15,115,0,0,0,0,8310,15004,11254,15373,,
2016-01-01,Blessed Sacrament Catholic Church - Society of St. Vincent de Paul,115,335,114,114,114,114,2.9035087719298245,44.13157894736842,0,21,38,48,8,0,8495,15235,11203,15255,,
2016-01-01,Cambridge Food Bank - Cambridge,1048,2141,773,771,758,756,2.0356200527704487,40.83398184176394,8,302,335,361,40,2,8495,15235,11203,15255,,
2016-01-01,Chandler Mowat Community Centre - Neighbourhood Food Program - House of Friendship,170,541,93,61,91,59,2.868131868131868,44.131147540983605,0,20,43,70,5,32,8495,15235,11203,15255,,
2016-01-01,Christopher Champlain Resource Centre - Kinbridge Community Association,29,102,26,26,25,25,3.48,37.42307692307692,0,6,19,4,0,0,8495,15235,11203,15255,,
2016-01-01,Courtland Shelley Community Centre - Neighbourhood Food Program - House of Friendship,126,533,46,46,44,44,4.090909090909091,40.02173913043478,0,24,53,45,4,0,8495,15235,11203,15255,,
2016-01-01,Emergency Food Hamper Program - House of Friendship,2228,5441,1994,1994,1965,1965,2.480916030534351,42.38264794383149,8,538,730,820,132,0,8495,15235,11203,15255,,
2016-01-01,Emmanuel United Church - Waterloo Wayside ,92,129,56,54,56,54,1.3571428571428572,52.18518518518518,0,2,12,60,16,2,8495,15235,11203,15255,,
2016-01-01,Erb West Community Centre - Camino Wellness + Mental Health,20,93,17,15,17,15,4.117647058823529,38.46666666666667,0,3,12,3,0,2,8495,15235,11203,15255,,
2016-01-01,Glencairn Mennonite Brethren Church,85,296,82,81,81,80,3.432098765432099,46.65432098765432,1,6,29,41,7,1,8495,15235,11203,15255,,
2016-01-01,Kingdom Community International ,141,300,135,134,133,132,2.112781954887218,46.007462686567166,3,16,43,68,10,1,8495,15235,11203,15255,,
2016-01-01,Kingsdale Community Centre - Neighbourhood Food Program - House of Friendship,288,806,200,200,194,194,2.8195876288659796,48.36,1,27,88,122,50,0,8495,15235,11203,15255,,
2016-01-01,Kitchener Community Church and Family Care Centre,179,417,178,178,177,177,2.3446327683615817,45.26966292134831,1,23,60,84,11,0,8495,15235,11203,15255,,
2016-01-01,Langs,10,33,9,9,9,9,2.7777777777777777,40.888888888888886,1,1,3,5,0,0,8495,15235,11203,15255,,
2016-01-01,Paulander Community Centre - Camino Wellness + Mental Health,6,15,6,6,6,6,2.5,50.0,0,0,3,3,0,0,8495,15235,11203,15255,,
2016-01-01,Ray of Hope,491,1181,321,321,317,317,2.309148264984227,48.046728971962615,2,45,130,265,49,0,8495,15235,11203,15255,,
2016-01-01,Southwood Resource Centre - Kinbridge Community Association,19,75,12,12,12,12,4.166666666666667,34.833333333333336,0,9,9,1,0,0,8495,15235,11203,15255,,
2016-01-01,St. Agnes Conference - Society of St. Vincent de Paul,28,85,28,28,28,28,3.0357142857142856,39.357142857142854,0,8,10,9,1,0,8495,15235,11203,15255,,
2016-01-01,St. Aloysius Parish Food Pantry,7,15,7,7,7,7,2.142857142857143,54.142857142857146,0,0,2,2,3,0,8495,15235,11203,15255,,
2016-01-01,St. John's Church - Society of St. Vincent de Paul,59,151,59,59,58,58,2.5344827586206895,41.30508474576271,1,14,17,26,1,0,8495,15235,11203,15255,,
2016-01-01,St. Mark's Conference - Society of St. Vincent de Paul,26,89,26,26,26,26,3.423076923076923,47.26923076923077,0,4,5,14,3,0,8495,15235,11203,15255,,
2016-01-01,St. Michael's Church - Society of St. Vincent de Paul,5,13,5,5,5,5,2.6,44.4,0,2,1,1,1,0,8495,15235,11203,15255,,
2016-01-01,Sunnydale Community Centre - Neighbourhood Food Program - House of Friendship,230,1022,83,75,83,75,4.433734939759036,41.626666666666665,0,46,82,74,20,8,8495,15235,11203,15255,,
2016-01-01,Supportive Housing YWCA (Lincoln Road),22,30,16,7,16,7,1.3125,49.857142857142854,0,0,4,9,0,9,8495,15235,11203,15255,,
2016-01-01,Traverse Independence,32,45,21,7,21,7,1.380952380952381,48.0,0,0,2,16,0,14,8495,15235,11203,15255,,
2016-01-01,Wellesley Food Cupboard,16,66,12,11,12,11,4.666666666666667,39.09090909090909,0,4,5,3,3,1,8495,15235,11203,15255,,
2016-01-01,Wilmot & Wellesley Resource Centre,46,142,42,42,42,42,3.119047619047619,40.095238095238095,0,14,14,14,4,0,8495,15235,11203,15255,,
2016-01-01,Woolwich Community Services,45,118,43,43,43,43,2.6511627906976742,44.0,0,7,19,12,7,0,8495,15235,11203,15255,,
2016-01-01,oneROOF Youth Services,132,202,84,84,82,82,1.5731707317073171,21.726190476190474,11,121,0,0,0,0,8495,15235,11203,15255,,
2016-02-01,Blessed Sacrament Catholic Church - Society of St. Vincent de Paul,103,311,103,103,103,103,3.0194174757281553,43.9126213592233,1,15,37,42,8,0,8540,15244,11288,15372,,
2016-02-01,Cambridge Food Bank - Cambridge,1012,2217,787,787,763,763,2.1585845347313235,41.38627700127065,9,260,336,368,39,0,8540,15244,11288,15372,,
2016-02-01,Chandler Mowat Community Centre - Neighbourhood Food Program - House of Friendship,169,525,96,59,94,57,2.8085106382978724,44.40677966101695,1,8,52,65,6,37,8540,15244,11288,15372,,
2016-02-01,Christopher Champlain Resource Centre - Kinbridge Community Association,40,137,36,26,36,26,3.4722222222222223,37.11538461538461,0,9,12,9,0,10,8540,15244,11288,15372,,
2016-02-01,Courtland Shelley Community Centre - Neighbourhood Food Program - House of Friendship,151,600,63,63,59,59,3.8135593220338984,39.79365079365079,4,34,58,49,6,0,8540,15244,11288,15372,,
2016-02-01,Emergency Food Hamper Program - House of Friendship,2239,5539,1994,1994,1961,1961,2.529831718510964,41.59679037111334,6,591,752,751,139,0,8540,15244,11288,15372,,
2016-02-01,Emmanuel United Church - Waterloo Wayside ,102,151,53,52,52,51,1.3846153846153846,52.61538461538461,0,2,9,75,15,1,8540,15244,11288,15372,,
2016-02-01,Erb West Community Centre - Camino Wellness + Mental Health,11,55,10,9,10,9,4.9,37.44444444444444,0,2,6,2,0,1,8540,15244,11288,15372,,
2016-02-01,Glencairn Mennonite Brethren Church,99,359,95,95,93,93,3.5483870967741935,46.83157894736842,1,10,34,44,10,0,8540,15244,11288,15372,,
2016-02-01,Kingdom Community International ,152,363,136,130,131,125,2.427480916030534,46.738461538461536,3,13,48,68,14,6,8540,15244,11288,15372,,
2016-02-01,Kingsdale Community Centre - Neighbourhood Food Program - House of Friendship,373,1108,254,254,251,251,2.9880478087649402,45.56692913385827,2,57,124,137,53,0,8540,15244,11288,15372,,
2016-02-01,Kitchener Community Church and Family Care Centre,237,619,233,233,232,232,2.6163793103448274,44.648068669527895,0,34,84,105,14,0,8540,15244,11288,15372,,
2016-02-01,Langs,11,33,11,11,11,11,3.0,44.72727272727273,0,1,4,6,0,0,8540,15244,11288,15372,,
2016-02-01,Paulander Community Centre - Camino Wellness + Mental Health,5,13,5,5,5,5,2.6,43.2,0,0,3,2,0,0,8540,15244,11288,15372,,
2016-02-01,Ray of Hope,350,838,347,347,342,342,2.347953216374269,47.30835734870317,1,37,106,176,30,0,8540,15244,11288,15372,,
2016-02-01,Southwood Resource Centre - Kinbridge Community Association,42,181,21,10,21,10,4.142857142857143,35.8,0,14,14,3,0,11,8540,15244,11288,15372,,
2016-02-01,St. Agnes Conference - Society of St. Vincent de Paul,25,88,25,25,25,25,3.52,39.4,0,6,11,7,1,0,8540,15244,11288,15372,,
2016-02-01,St. Aloysius Parish Food Pantry,16,35,15,15,15,15,2.2,36.333333333333336,0,6,4,6,0,0,8540,15244,11288,15372,,
2016-02-01,St. John's Church - Society of St. Vincent de Paul,54,163,53,53,53,53,3.0377358490566038,41.9811320754717,0,13,19,21,1,0,8540,15244,11288,15372,,
2016-02-01,St. Mark's Conference - Society of St. Vincent de Paul,23,79,23,23,23,23,3.4347826086956523,46.391304347826086,0,4,5,12,2,0,8540,15244,11288,15372,,
2016-02-01,St. Michael's Church - Society of St. Vincent de Paul,1,3,1,1,1,1,3.0,31.0,0,0,1,0,0,0,8540,15244,11288,15372,,
2016-02-01,Sunnydale Community Centre - Neighbourhood Food Program - House of Friendship,240,1037,86,85,86,85,4.27906976744186,40.98823529411764,1,54,84,81,19,1,8540,15244,11288,15372,,
2016-02-01,Supportive Housing YWCA (Lincoln Road),13,19,11,6,11,6,1.4545454545454546,50.333333333333336,0,0,3,5,0,5,8540,15244,11288,15372,,
2016-02-01,Traverse Independence,19,25,16,9,16,9,1.3125,49.888888888888886,0,0,2,10,0,7,8540,15244,11288,15372,,
2016-02-01,Wellesley Food Cupboard,13,53,10,8,9,7,4.777777777777778,46.5,0,0,5,3,3,2,8540,15244,11288,15372,,
2016-02-01,Wilmot & Wellesley Resource Centre,51,141,50,50,50,50,2.8,42.16,0,13,17,16,5,0,8540,15244,11288,15372,,
2016-02-01,Woolwich Community Services,62,154,61,61,61,61,2.4754098360655736,46.90163934426229,0,9,19,23,11,0,8540,15244,11288,15372,,
2016-02-01,oneROOF Youth Services,84,155,63,63,62,62,1.8064516129032258,21.126984126984127,11,73,0,0,0,0,8540,15244,11288,15372,,
2016-03-01,Blessed Sacrament Catholic Church - Society of St. Vincent de Paul,110,328,110,109,109,108,2.9908256880733943,42.62385321100918,1,21,39,42,6,1,8667,15413,11324,15413,,
2016-03-01,Cambridge Food Bank - Cambridge,1045,2353,815,815,797,797,2.203262233375157,40.83558282208589,6,278,346,371,44,0,8667,15413,11324,15413,,
2016-03-01,Chandler Mowat Community Centre - Neighbourhood Food Program - House of Friendship,240,746,126,77,124,75,3.0080645161290325,42.98701298701299,1,22,68,91,9,49,8667,15413,11324,15413,,
2016-03-01,Christopher Champlain Resource Centre - Kinbridge Community Association,43,151,36,36,36,36,3.638888888888889,37.833333333333336,0,14,18,11,0,0,8667,15413,11324,15413,,
2016-03-01,Courtland Shelley Community Centre - Neighbourhood Food Program - House of Friendship,192,744,69,69,66,66,3.772727272727273,40.57971014492754,2,37,76,70,7,0,8667,15413,11324,15413,,
2016-03-01,Emergency Food Hamper Program - House of Friendship,2357,5931,2078,2078,2053,2053,2.5440818314661473,43.01780558229066,3,511,825,855,163,0,8667,15413,11324,15413,,
2016-03-01,Emmanuel United Church - Waterloo Wayside ,122,178,57,53,56,52,1.3928571428571428,52.339622641509436,0,5,11,80,22,4,8667,15413,11324,15413,,
2016-03-01,Erb West Community Centre - Camino Wellness + Mental Health,19,102,15,13,15,13,5.066666666666666,33.84615384615385,2,5,7,3,0,2,8667,15413,11324,15413,,
2016-03-01,Glencairn Mennonite Brethren Church,104,345,101,100,100,99,3.35,45.83,1,14,35,42,11,1,8667,15413,11324,15413,,
2016-03-01,Kingdom Community International ,145,288,127,124,127,124,1.984251968503937,46.725806451612904,1,15,44,64,18,3,8667,15413,11324,15413,,
2016-03-01,Kingsdale Community Centre - Neighbourhood Food Program - House of Friendship,360,1105,223,223,221,221,3.1357466063348416,45.00896860986547,2,51,125,133,49,0,8667,15413,11324,15413,,
2016-03-01,Kitchener Community Church and Family Care Centre,260,626,254,254,250,250,2.448,44.93307086614173,1,37,91,117,14,0,8667,15413,11324,15413,,
2016-03-01,Langs,15,38,15,15,14,14,2.5,42.46666666666667,1,2,3,9,0,0,8667,15413,11324,15413,,
2016-03-01,Paulander Community Centre - Camino Wellness + Mental Health,95,286,40,40,40,40,3.15,46.85,0,8,32,53,2,0,8667,15413,11324,15413,,
2016-03-01,Ray of Hope,351,861,351,350,348,347,2.439655172413793,47.434285714285714,2,33,111,174,30,1,8667,15413,11324,15413,,
2016-03-01,Salvation Army Cambridge,1,4,1,1,1,1,4.0,43.0,0,0,1,0,0,0,8667,15413,11324,15413,,
2016-03-01,Southwood Resource Centre - Kinbridge Community Association,7,27,5,3,5,3,4.2,41.666666666666664,0,1,3,1,0,2,8667,15413,11324,15413,,
2016-03-01,St. Agnes Conference - Society of St. Vincent de Paul,28,82,27,27,27,27,2.888888888888889,41.81481481481482,0,7,10,9,2,0,8667,15413,11324,15413,,
2016-03-01,St. Aloysius Parish Food Pantry,10,22,10,10,10,10,2.2,35.5,0,3,4,3,0,0,8667,15413,11324,15413,,
2016-03-01,St. Anthony Daniel Conference - Society of St. Vincent de Paul,38,86,38,37,36,35,2.1944444444444446,46.027027027027025,1,6,10,18,2,1,8667,15413,11324,15413,,
2016-03-01,St. John's Church - Society of St. Vincent de Paul,74,191,74,74,73,73,2.6027397260273974,43.932432432432435,1,13,20,37,3,0,8667,15413,11324,15413,,
2016-03-01,St. Mark's Conference - Society of St. Vincent de Paul,23,85,22,22,22,22,3.5454545454545454,48.13636363636363,0,2,6,12,3,0,8667,15413,11324,15413,,
2016-03-01,St. Michael's Church - Society of St. Vincent de Paul,49,130,41,41,41,41,2.707317073170732,43.853658536585364,0,8,18,17,6,0,8667,15413,11324,15413,,
2016-03-01,Sunnydale Community Centre - Neighbourhood Food Program - House of Friendship,231,996,90,81,89,80,4.056179775280899,41.407407407407405,0,51,89,63,19,9,8667,15413,11324,15413,,
2016-03-01,Supportive Housing YWCA (Lincoln Road),29,49,17,7,17,7,1.8235294117647058,46.714285714285715,0,0,6,13,0,10,8667,15413,11324,15413,,
2016-03-01,Traverse Independence,29,39,19,8,19,8,1.4210526315789473,46.375,0,2,4,12,0,11,8667,15413,11324,15413,,
2016-03-01,Wellesley Food Cupboard,13,52,9,8,9,8,5.222222222222222,39.375,0,2,4,2,4,1,8667,15413,11324,15413,,
2016-03-01,Wilmot & Wellesley Resource Centre,54,179,51,50,51,50,3.372549019607843,42.04,0,13,20,15,5,1,8667,15413,11324,15413,,
2016-03-01,Woolwich Community Services,50,141,50,50,50,50,2.82,42.42,2,10,17,15,6,0,8667,15413,11324,15413,,
2016-03-01,oneROOF Youth Services,156,273,97,97,95,95,1.6526315789473685,21.628865979381445,11,143,0,2,0,0,8667,15413,11324,15413,,
2016-04-01,Blessed Sacrament Catholic Church - Society of St. Vincent de Paul,98,279,98,98,98,98,2.8469387755102042,43.94897959183673,0,15,34,45,4,0,8640,15356,11325,15412,,
2016-04-01,Cambridge Food Bank - Cambridge,904,1959,748,748,732,732,2.157103825136612,42.01470588235294,4,216,303,332,49,0,8640,15356,11325,15412,,
2016-04-01,Chandler Mowat Community Centre - Neighbourhood Food Program - House of Friendship,246,842,141,96,139,94,3.2446043165467624,40.5625,3,23,91,79,5,45,8640,15356,11325,15412,,
2016-04-01,Christopher Champlain Resource Centre - Kinbridge Community Association,32,107,24,24,24,24,3.5833333333333335,37.375,1,5,19,7,0,0,8640,15356,11325,15412,,
2016-04-01,Courtland Shelley Community Centre - Neighbourhood Food Program - House of Friendship,178,701,87,87,85,85,3.847058823529412,42.55172413793103,3,31,66,71,7,0,8640,15356,11325,15412,,
2016-04-01,Emergency Food Hamper Program - House of Friendship,2077,5307,1907,1907,1879,1879,2.5949973390101118,42.86575773466177,3,455,739,740,140,0,8640,15356,11325,15412,,
2016-04-01,Emmanuel United Church - Waterloo Wayside ,119,206,58,54,56,52,1.7321428571428572,52.0,1,3,13,73,25,4,8640,15356,11325,15412,,
2016-04-01,Erb West Community Centre - Camino Wellness + Mental Health,30,120,27,24,25,22,4.04,38.583333333333336,1,6,11,9,0,3,8640,15356,11325,15412,,
2016-04-01,Glencairn Mennonite Brethren Church,100,356,99,99,98,98,3.6122448979591835,47.95959595959596,1,10,28,48,13,0,8640,15356,11325,15412,,
2016-04-01,Kingdom Community International ,268,640,206,201,197,192,2.3807106598984773,45.940298507462686,4,30,81,115,33,5,8640,15356,11325,15412,,
2016-04-01,Kingsdale Community Centre - Neighbourhood Food Program - House of Friendship,353,1077,239,238,232,231,3.2025862068965516,45.07983193277311,3,54,116,134,45,1,8640,15356,11325,15412,,
2016-04-01,Kitchener Community Church and Family Care Centre,241,643,232,232,231,231,2.696969696969697,44.099137931034484,0,44,83,103,11,0,8640,15356,11325,15412,,
2016-04-01,Langs,18,59,15,15,15,15,3.2666666666666666,38.666666666666664,1,2,9,6,0,0,8640,15356,11325,15412,,
2016-04-01,Paulander Community Centre - Camino Wellness + Mental Health,125,382,42,42,42,42,3.0,47.5,0,5,43,70,7,0,8640,15356,11325,15412,,
2016-04-01,Ray of Hope,391,947,390,390,388,388,2.422680412371134,47.1,0,36,136,185,34,0,8640,15356,11325,15412,,
2016-04-01,Salvation Army Cambridge,246,380,245,245,240,240,1.5583333333333333,44.63265306122449,1,48,61,134,2,0,8640,15356,11325,15412,,
2016-04-01,Southwood Resource Centre - Kinbridge Community Association,26,94,18,18,18,18,3.4444444444444446,34.72222222222222,0,9,15,2,0,0,8640,15356,11325,15412,,
2016-04-01,St. Agnes Conference - Society of St. Vincent de Paul,18,54,18,18,18,18,3.0,42.27777777777778,0,3,7,7,1,0,8640,15356,11325,15412,,
2016-04-01,St. Aloysius Parish Food Pantry,13,34,13,13,13,13,2.6153846153846154,39.84615384615385,1,3,2,7,0,0,8640,15356,11325,15412,,
2016-04-01,St. Anthony Daniel Conference - Society of St. Vincent de Paul,75,230,73,71,73,71,3.0684931506849313,42.732394366197184,0,10,32,29,2,2,8640,15356,11325,15412,,
2016-04-01,St. John's Church - Society of St. Vincent de Paul,47,121,46,46,46,46,2.608695652173913,40.52173913043478,0,13,17,16,1,0,8640,15356,11325,15412,,
2016-04-01,St. Mark's Conference - Society of St. Vincent de Paul,32,93,31,31,31,31,2.935483870967742,49.16129032258065,0,3,7,19,3,0,8640,15356,11325,15412,,
2016-04-01,St. Michael's Church - Society of St. Vincent de Paul,39,123,35,35,35,35,3.2,40.02857142857143,0,8,18,12,1,0,8640,15356,11325,15412,,
2016-04-01,Sunnydale Community Centre - Neighbourhood Food Program - House of Friendship,236,995,87,82,88,83,4.011363636363637,41.292682926829265,0,51,86,76,18,5,8640,15356,11325,15412,,
2016-04-01,Supportive Housing YWCA (Lincoln Road),19,37,11,7,11,7,2.090909090909091,46.714285714285715,0,0,6,9,0,4,8640,15356,11325,15412,,
2016-04-01,Traverse Independence,21,25,16,10,16,10,1.0625,49.8,0,1,2,12,0,6,8640,15356,11325,15412,,
2016-04-01,Wellesley Food Cupboard,17,76,15,14,15,14,4.6,39.92857142857143,0,3,8,3,2,1,8640,15356,11325,15412,,
2016-04-01,Wilmot & Wellesley Resource Centre,54,149,52,52,52,52,2.7884615384615383,42.5,0,11,22,17,4,0,8640,15356,11325,15412,,
2016-04-01,Woolwich Community Services,58,140,56,56,56,56,2.375,44.357142857142854,1,11,17,22,7,0,8640,15356,11325,15412,,
2016-04-01,oneROOF Youth Services,94,161,57,57,56,56,1.6428571428571428,20.912280701754387,4,90,0,0,0,0,8640,15356,11325,15412,,
2016-05-01,Blessed Sacrament Catholic Church - Society of St. Vincent de Paul,105,321,105,105,105,105,3.057142857142857,45.371428571428574,0,14,34,50,7,0,8665,15447,11347,15463,,
2016-05-01,Cambridge Food Bank - Cambridge,997,2209,809,808,797,796,2.2271016311166876,41.631188118811885,6,244,343,352,51,1,8665,15447,11347,15463,,
2016-05-01,Chandler Mowat Community Centre - Neighbourhood Food Program - House of Friendship,209,663,112,74,111,73,2.963963963963964,43.851351351351354,0,23,62,79,7,38,8665,15447,11347,15463,,
2016-05-01,Christopher Champlain Resource Centre - Kinbridge Community Association,39,146,32,31,32,31,3.625,35.0,0,12,23,3,0,1,8665,15447,11347,15463,,
2016-05-01,Courtland Shelley Community Centre - Neighbourhood Food Program - House of Friendship,182,704,66,66,65,65,3.769230769230769,39.77272727272727,0,38,80,59,5,0,8665,15447,11347,15463,,
2016-05-01,Emergency Food Hamper Program - House of Friendship,2195,5859,1991,1990,1966,1965,2.6892166836215665,42.78241206030151,4,500,781,736,173,1,8665,15447,11347,15463,,
2016-05-01,Emmanuel United Church - Waterloo Wayside ,130,182,62,60,61,59,1.3770491803278688,52.9,0,7,10,84,27,2,8665,15447,11347,15463,,
2016-05-01,Erb West Community Centre - Camino Wellness + Mental Health,30,130,22,21,22,21,4.2727272727272725,40.42857142857143,1,1,14,13,0,1,8665,15447,11347,15463,,
2016-05-01,Glencairn Mennonite Brethren Church,91,323,89,89,89,89,3.5730337078651684,45.19101123595506,1,10,35,35,10,0,8665,15447,11347,15463,,
2016-05-01,Kingdom Community International ,132,289,120,116,120,116,2.1666666666666665,46.991379310344826,2,15,39,55,17,4,8665,15447,11347,15463,,
2016-05-01,Kingsdale Community Centre - Neighbourhood Food Program - House of Friendship,372,1187,239,235,232,228,3.2456896551724137,45.40851063829787,2,53,121,147,45,4,8665,15447,11347,15463,,
2016-05-01,Kitchener Community Church and Family Care Centre,267,727,264,264,262,262,2.7022900763358777,44.02651515151515,1,53,83,111,19,0,8665,15447,11347,15463,,
2016-05-01,Langs,19,48,17,17,17,17,2.6470588235294117,43.35294117647059,0,4,4,11,0,0,8665,15447,11347,15463,,
2016-05-01,Paulander Community Centre - Camino Wellness + Mental Health,134,400,48,48,48,48,3.0833333333333335,47.354166666666664,0,9,48,67,10,0,8665,15447,11347,15463,,
2016-05-01,Ray of Hope,412,1076,410,410,407,407,2.6044226044226044,47.48780487804878,2,31,148,195,36,0,8665,15447,11347,15463,,
2016-05-01,Salvation Army Cambridge,267,449,267,267,262,262,1.6946564885496183,44.250936329588015,0,53,67,145,2,0,8665,15447,11347,15463,,
2016-05-01,Southwood Resource Centre - Kinbridge Community Association,21,77,13,13,13,13,3.6923076923076925,34.30769230769231,0,7,11,3,0,0,8665,15447,11347,15463,,
2016-05-01,St. Agnes Conference - Society of St. Vincent de Paul,31,108,31,31,31,31,3.4838709677419355,40.483870967741936,0,7,14,8,2,0,8665,15447,11347,15463,,
2016-05-01,St. Aloysius Parish Food Pantry,8,22,8,8,8,8,2.75,44.875,0,1,3,3,1,0,8665,15447,11347,15463,,
2016-05-01,St. Anthony Daniel Conference - Society of St. Vincent de Paul,77,250,77,77,77,77,3.2467532467532467,43.76623376623377,0,11,33,26,7,0,8665,15447,11347,15463,,
2016-05-01,St. John's Church - Society of St. Vincent de Paul,66,195,66,66,65,65,2.9846153846153847,42.39393939393939,0,9,28,29,0,0,8665,15447,11347,15463,,
2016-05-01,St. Mark's Conference - Society of St. Vincent de Paul,26,90,26,26,26,26,3.4615384615384617,48.07692307692308,0,1,10,12,3,0,8665,15447,11347,15463,,
2016-05-01,St. Michael's Church - Society of St. Vincent de Paul,48,127,47,42,47,42,2.6382978723404253,42.714285714285715,0,9,16,15,3,5,8665,15447,11347,15463,,
2016-05-01,Sunnydale Community Centre - Neighbourhood Food Program - House of Friendship,235,1004,81,81,81,81,4.172839506172839,41.4320987654321,0,45,100,74,16,0,8665,15447,11347,15463,,
2016-05-01,Supportive Housing YWCA (Lincoln Road),16,21,11,6,11,6,1.4545454545454546,48.5,0,0,2,9,0,5,8665,15447,11347,15463,,
2016-05-01,Traverse Independence,22,38,16,8,16,8,1.75,48.25,0,0,3,11,0,8,8665,15447,11347,15463,,
2016-05-01,Wellesley Food Cupboard,6,30,6,6,6,6,5.0,42.833333333333336,0,1,3,1,1,0,8665,15447,11347,15463,,
2016-05-01,Wilmot & Wellesley Resource Centre,57,166,57,57,57,57,2.912280701754386,41.05263157894737,0,16,19,18,4,0,8665,15447,11347,15463,,
2016-05-01,Woolwich Community Services,54,149,53,53,53,53,2.69811320754717,44.301886792452834,1,12,15,19,7,0,8665,15447,11347,15463,,
2016-05-01,oneROOF Youth Services,82,129,55,55,55,55,1.4545454545454546,21.036363636363635,6,76,0,0,0,0,8665,15447,11347,15463,,
2016-06-01,Blessed Sacrament Catholic Church - Society of St. Vincent de Paul,111,343,111,111,111,111,3.09009009009009,43.31531531531532,0,20,39,46,6,0,8732,15633,11422,15568,,
2016-06-01,Cambridge Food Bank - Cambridge,1026,2261,846,846,829,829,2.2050663449939685,42.05673758865248,6,251,341,364,64,0,8732,15633,11422,15568,,
2016-06-01,Chandler Mowat Community Centre - Neighbourhood Food Program - House of Friendship,227,755,112,68,109,65,3.0642201834862384,42.294117647058826,1,22,67,87,6,44,8732,15633,11422,15568,,
2016-06-01,Christopher Champlain Resource Centre - Kinbridge Community Association,35,106,26,24,26,24,3.076923076923077,39.375,0,7,15,11,0,2,8732,15633,11422,15568,,
2016-06-01,Courtland Shelley Community Centre - Neighbourhood Food Program - House of Friendship,169,655,63,63,63,63,3.761904761904762,41.07936507936508,1,32,68,63,5,0,8732,15633,11422,15568,,
2016-06-01,Emergency Food Hamper Program - House of Friendship,2132,5531,1963,1962,1936,1935,2.6306818181818183,42.75840978593272,8,463,743,742,175,1,8732,15633,11422,15568,,
2016-06-01,Emmanuel United Church - Waterloo Wayside ,145,220,62,56,61,55,1.3934426229508197,54.464285714285715,1,4,5,92,37,6,8732,15633,11422,15568,,
2016-06-01,Erb West Community Centre - Camino Wellness + Mental Health,24,94,19,17,19,17,4.2105263157894735,38.11764705882353,0,2,16,4,0,2,8732,15633,11422,15568,,
2016-06-01,Glencairn Mennonite Brethren Church,80,287,79,78,78,77,3.58974358974359,47.73076923076923,0,5,31,34,9,1,8732,15633,11422,15568,,
2016-06-01,Kingdom Community International ,213,490,176,170,172,166,2.302325581395349,45.94705882352941,7,23,60,92,25,6,8732,15633,11422,15568,,
2016-06-01,Kingsdale Community Centre - Neighbourhood Food Program - House of Friendship,399,1246,249,247,244,242,3.192622950819672,45.78947368421053,2,56,130,152,57,2,8732,15633,11422,15568,,
2016-06-01,Kitchener Community Church and Family Care Centre,265,705,257,257,257,257,2.642023346303502,45.63424124513619,1,32,96,115,21,0,8732,15633,11422,15568,,
2016-06-01,Langs,15,44,13,13,13,13,2.769230769230769,38.23076923076923,1,4,3,7,0,0,8732,15633,11422,15568,,
2016-06-01,Paulander Community Centre - Camino Wellness + Mental Health,150,489,48,48,48,48,3.3125,48.0625,0,13,42,83,12,0,8732,15633,11422,15568,,
2016-06-01,Ray of Hope,420,1070,418,418,415,415,2.549397590361446,47.39712918660287,2,41,140,195,42,0,8732,15633,11422,15568,,
2016-06-01,Salvation Army Cambridge,262,415,261,261,257,257,1.5875486381322956,43.75095785440613,0,61,61,136,4,0,8732,15633,11422,15568,,
2016-06-01,Southwood Resource Centre - Kinbridge Community Association,33,145,22,22,22,22,4.2272727272727275,36.18181818181818,0,8,21,4,0,0,8732,15633,11422,15568,,
2016-06-01,St. Agnes Conference - Society of St. Vincent de Paul,20,74,20,20,20,20,3.7,41.2,0,5,8,6,1,0,8732,15633,11422,15568,,
2016-06-01,St. Aloysius Parish Food Pantry,11,30,10,10,10,10,2.6,44.5,0,3,3,4,1,0,8732,15633,11422,15568,,
2016-06-01,St. Anthony Daniel Conference - Society of St. Vincent de Paul,37,79,36,36,35,35,1.9714285714285715,49.0,0,5,5,25,2,0,8732,15633,11422,15568,,
2016-06-01,St. John's Church - Society of St. Vincent de Paul,58,176,58,58,58,58,3.0344827586206895,43.758620689655174,0,10,19,27,2,0,8732,15633,11422,15568,,
2016-06-01,St. Mark's Conference - Society of St. Vincent de Paul,32,107,28,28,28,28,3.2142857142857144,47.142857142857146,0,5,10,13,4,0,8732,15633,11422,15568,,
2016-06-01,St. Michael's Church - Society of St. Vincent de Paul,47,139,46,44,46,44,3.0,40.36363636363637,0,11,17,15,2,2,8732,15633,11422,15568,,
2016-06-01,Sunnydale Community Centre - Neighbourhood Food Program - House of Friendship,283,1206,89,87,88,86,4.090909090909091,42.67816091954023,0,41,120,101,19,2,8732,15633,11422,15568,,
2016-06-01,Supportive Housing YWCA (Lincoln Road),13,19,10,5,10,5,1.6,48.0,0,0,2,6,0,5,8732,15633,11422,15568,,
2016-06-01,Traverse Independence,34,49,17,13,17,13,1.7058823529411764,50.76923076923077,0,0,6,24,0,4,8732,15633,11422,15568,,
2016-06-01,Wellesley Food Cupboard,26,130,18,16,17,15,5.352941176470588,37.6875,0,7,9,6,2,2,8732,15633,11422,15568,,
2016-06-01,Wilmot & Wellesley Resource Centre,58,170,54,54,54,54,3.0,40.7037037037037,0,14,19,21,4,0,8732,15633,11422,15568,,
2016-06-01,Woolwich Community Services,57,147,56,56,56,56,2.607142857142857,45.55357142857143,0,10,18,21,8,0,8732,15633,11422,15568,,
2016-06-01,oneROOF Youth Services,181,290,98,98,98,98,1.683673469387755,20.979591836734695,9,171,1,0,0,0,8732,15633,11422,15568,,
2016-07-01,Blessed Sacrament Catholic Church - Society of St. Vincent de Paul,94,294,94,94,94,94,3.127659574468085,44.3936170212766,0,17,32,40,5,0,8755,15691,11380,15454,,
2016-07-01,Cambridge Food Bank - Cambridge,785,1659,679,678,672,671,2.111607142857143,41.426253687315636,4,210,255,261,54,1,8755,15691,11380,15454,,
2016-07-01,Cambridge Vineyard - Urban Hope,1,1,1,0,1,0,1.0,,0,0,0,0,0,1,8755,15691,11380,15454,,
2016-07-01,Chandler Mowat Community Centre - Neighbourhood Food Program - House of Friendship,174,582,99,67,98,66,3.0510204081632653,42.37313432835821,0,20,46,68,8,32,8755,15691,11380,15454,,
2016-07-01,Christopher Champlain Resource Centre - Kinbridge Community Association,25,76,20,19,20,19,2.9,40.94736842105263,0,4,10,10,0,1,8755,15691,11380,15454,,
2016-07-01,Courtland Shelley Community Centre - Neighbourhood Food Program - House of Friendship,87,336,48,48,47,47,3.702127659574468,39.916666666666664,0,21,34,31,1,0,8755,15691,11380,15454,,
2016-07-01,Emergency Food Hamper Program - House of Friendship,1577,4087,1468,1468,1449,1449,2.6231884057971016,43.405313351498634,7,346,532,541,151,0,8755,15691,11380,15454,,
2016-07-01,Emmanuel United Church - Waterloo Wayside ,107,165,57,50,57,50,1.4912280701754386,54.4,0,2,8,58,32,7,8755,15691,11380,15454,,
2016-07-01,Erb West Community Centre - Camino Wellness + Mental Health,10,38,9,9,9,9,3.888888888888889,42.77777777777778,0,1,3,6,0,0,8755,15691,11380,15454,,
2016-07-01,Glencairn Mennonite Brethren Church,90,340,88,88,86,86,3.7790697674418605,47.44318181818182,1,7,35,34,13,0,8755,15691,11380,15454,,
2016-07-01,Kingdom Community International ,178,401,152,150,148,146,2.277027027027027,44.84,8,20,46,77,25,2,8755,15691,11380,15454,,
2016-07-01,Kingsdale Community Centre - Neighbourhood Food Program - House of Friendship,351,1081,228,227,227,226,3.101321585903084,46.3568281938326,1,47,117,129,56,1,8755,15691,11380,15454,,
2016-07-01,Kitchener Community Church and Family Care Centre,237,647,231,231,231,231,2.757575757575758,43.58441558441559,3,36,85,102,11,0,8755,15691,11380,15454,,
2016-07-01,Langs,11,30,10,10,10,10,2.4,50.1,0,0,4,7,0,0,8755,15691,11380,15454,,
2016-07-01,Paulander Community Centre - Camino Wellness + Mental Health,151,493,49,49,49,49,3.183673469387755,47.97959183673469,0,12,54,70,15,0,8755,15691,11380,15454,,
2016-07-01,Ray of Hope,399,1016,399,399,397,397,2.5415617128463475,47.53383458646616,1,39,133,186,40,0,8755,15691,11380,15454,,
2016-07-01,Salvation Army Cambridge,195,308,195,195,193,193,1.5854922279792747,44.64102564102564,0,35,52,105,3,0,8755,15691,11380,15454,,
2016-07-01,Southwood Resource Centre - Kinbridge Community Association,25,102,18,18,18,18,3.7777777777777777,36.22222222222222,0,10,13,2,0,0,8755,15691,11380,15454,,
2016-07-01,St. Agnes Conference - Society of St. Vincent de Paul,30,97,30,30,30,30,3.2333333333333334,40.86666666666667,0,7,11,11,1,0,8755,15691,11380,15454,,
2016-07-01,St. Anthony Daniel Conference - Society of St. Vincent de Paul,36,119,36,36,36,36,3.3055555555555554,40.97222222222222,0,9,14,10,3,0,8755,15691,11380,15454,,
2016-07-01,St. John's Church - Society of St. Vincent de Paul,55,151,52,52,52,52,2.730769230769231,40.75,1,13,20,20,1,0,8755,15691,11380,15454,,
2016-07-01,St. Mark's Conference - Society of St. Vincent de Paul,28,99,26,26,26,26,3.6923076923076925,47.0,0,4,7,14,3,0,8755,15691,11380,15454,,
2016-07-01,St. Michael's Church - Society of St. Vincent de Paul,45,132,45,44,44,43,2.9545454545454546,41.04545454545455,0,10,17,15,2,1,8755,15691,11380,15454,,
2016-07-01,Sunnydale Community Centre - Neighbourhood Food Program - House of Friendship,208,905,82,80,82,80,4.2560975609756095,42.975,0,25,89,75,17,2,8755,15691,11380,15454,,
2016-07-01,Supportive Housing YWCA (Lincoln Road),24,34,10,7,10,7,2.0,46.142857142857146,0,4,5,12,0,3,8755,15691,11380,15454,,
2016-07-01,Traverse Independence,39,49,22,14,22,14,1.3181818181818181,49.214285714285715,0,2,3,26,0,8,8755,15691,11380,15454,,
2016-07-01,Wellesley Food Cupboard,15,85,13,11,12,10,5.416666666666667,40.18181818181818,0,3,7,2,1,2,8755,15691,11380,15454,,
2016-07-01,Wilmot & Wellesley Resource Centre,47,141,45,44,45,44,3.066666666666667,41.63636363636363,0,13,16,14,3,1,8755,15691,11380,15454,,
2016-07-01,Woolwich Community Services,51,112,50,50,50,50,2.2,45.46,0,11,13,20,7,0,8755,15691,11380,15454,,
2016-07-01,oneROOF Youth Services,121,198,81,81,80,80,1.575,20.62962962962963,12,109,0,0,0,0,8755,15691,11380,15454,,
2016-08-01,Blessed Sacrament Catholic Church - Society of St. Vincent de Paul,104,344,104,104,104,104,3.3076923076923075,43.92307692307692,0,17,38,44,5,0,8620,15513,11487,15574,,
2016-08-01,Cambridge Food Bank - Cambridge,952,2061,798,798,790,790,2.1949367088607596,41.37719298245614,5,245,304,342,56,0,8620,15513,11487,15574,,
2016-08-01,Chandler Mowat Community Centre - Neighbourhood Food Program - House of Friendship,205,722,112,75,110,73,3.190909090909091,44.2,0,16,65,79,8,37,8620,15513,11487,15574,,
2016-08-01,Christopher Champlain Resource Centre - Kinbridge Community Association,31,93,26,26,25,25,3.2,38.23076923076923,0,9,14,8,0,0,8620,15513,11487,15574,,
2016-08-01,Courtland Shelley Community Centre - Neighbourhood Food Program - House of Friendship,106,407,39,39,38,38,3.9210526315789473,39.84615384615385,0,21,41,41,3,0,8620,15513,11487,15574,,
2016-08-01,Emergency Food Hamper Program - House of Friendship,1782,4566,1643,1643,1625,1625,2.596923076923077,43.46622032866707,1,376,607,653,145,0,8620,15513,11487,15574,,
2016-08-01,Emmanuel United Church - Waterloo Wayside ,118,162,80,46,80,46,1.325,54.84782608695652,0,1,9,55,19,34,8620,15513,11487,15574,,
2016-08-01,Erb West Community Centre - Camino Wellness + Mental Health,23,111,20,19,20,19,4.45,42.05263157894737,0,4,7,11,0,1,8620,15513,11487,15574,,
2016-08-01,Glencairn Mennonite Brethren Church,108,405,106,104,105,103,3.761904761904762,46.21153846153846,2,10,38,44,12,2,8620,15513,11487,15574,,
2016-08-01,Kingsdale Community Centre - Neighbourhood Food Program - House of Friendship,359,1179,219,219,208,208,3.2548076923076925,46.00456621004566,1,48,112,150,48,0,8620,15513,11487,15574,,
2016-08-01,Kitchener Community Church and Family Care Centre,263,738,259,259,257,257,2.8287937743190663,44.01930501930502,3,40,90,118,12,0,8620,15513,11487,15574,,
2016-08-01,Langs,10,30,10,10,10,10,3.0,42.5,0,2,3,5,0,0,8620,15513,11487,15574,,
2016-08-01,Paulander Community Centre - Camino Wellness + Mental Health,159,545,48,48,48,48,3.2291666666666665,47.625,0,20,50,74,15,0,8620,15513,11487,15574,,
2016-08-01,Ray of Hope,396,1066,394,394,391,391,2.6982097186700766,47.24873096446701,2,38,137,183,36,0,8620,15513,11487,15574,,
2016-08-01,Salvation Army Cambridge,223,354,223,223,223,223,1.5874439461883407,44.90582959641256,0,44,54,121,4,0,8620,15513,11487,15574,,
2016-08-01,Southwood Resource Centre - Kinbridge Community Association,42,172,25,25,25,25,3.92,35.92,0,11,25,6,0,0,8620,15513,11487,15574,,
2016-08-01,St. Agnes Conference - Society of St. Vincent de Paul,25,87,25,25,25,25,3.48,40.48,0,6,9,9,1,0,8620,15513,11487,15574,,
2016-08-01,St. Anthony Daniel Conference - Society of St. Vincent de Paul,51,120,51,51,51,51,2.3529411764705883,44.490196078431374,0,8,20,21,2,0,8620,15513,11487,15574,,
2016-08-01,St. John's Church - Society of St. Vincent de Paul,61,160,60,60,60,60,2.6,41.85,1,11,21,28,0,0,8620,15513,11487,15574,,
2016-08-01,St. Mark's Conference - Society of St. Vincent de Paul,19,58,18,18,18,18,3.111111111111111,48.77777777777778,0,3,4,9,3,0,8620,15513,11487,15574,,
2016-08-01,St. Michael's Church - Society of St. Vincent de Paul,56,176,53,51,53,51,3.0943396226415096,39.529411764705884,0,14,25,13,2,2,8620,15513,11487,15574,,
2016-08-01,Sunnydale Community Centre - Neighbourhood Food Program - House of Friendship,232,994,79,79,78,78,4.230769230769231,41.50632911392405,4,31,90,88,19,0,8620,15513,11487,15574,,
2016-08-01,Supportive Housing YWCA (Lincoln Road),20,25,13,8,13,8,1.3076923076923077,45.5,0,1,4,10,0,5,8620,15513,11487,15574,,
2016-08-01,Traverse Independence,35,48,23,9,23,9,1.4782608695652173,48.77777777777778,0,3,3,15,0,14,8620,15513,11487,15574,,
2016-08-01,Wellesley Food Cupboard,12,54,10,9,10,9,4.6,40.666666666666664,0,2,6,2,1,1,8620,15513,11487,15574,,
2016-08-01,Wilmot & Wellesley Resource Centre,64,202,58,58,58,58,3.2586206896551726,40.224137931034484,0,20,21,19,4,0,8620,15513,11487,15574,,
2016-08-01,Woolwich Community Services,60,136,59,59,59,59,2.288135593220339,44.23728813559322,0,13,17,22,8,0,8620,15513,11487,15574,,
2016-08-01,oneROOF Youth Services,141,226,89,89,87,87,1.5402298850574712,20.876404494382022,17,124,0,0,0,0,8620,15513,11487,15574,,
2016-09-01,Blessed Sacrament Catholic Church - Society of St. Vincent de Paul,107,337,107,107,107,107,3.149532710280374,44.21495327102804,0,18,36,49,4,0,8690,15644,11514,15652,,
2016-09-01,Cambridge Food Bank - Cambridge,870,1833,740,740,726,726,2.128099173553719,42.08918918918919,6,214,279,319,52,0,8690,15644,11514,15652,,
2016-09-01,Chandler Mowat Community Centre - Neighbourhood Food Program - House of Friendship,244,891,121,78,119,76,3.1596638655462184,43.256410256410255,0,18,81,96,6,43,8690,15644,11514,15652,,
2016-09-01,Christopher Champlain Resource Centre - Kinbridge Community Association,42,122,33,33,33,33,3.0303030303030303,38.18181818181818,0,11,20,11,0,0,8690,15644,11514,15652,,
2016-09-01,Courtland Shelley Community Centre - Neighbourhood Food Program - House of Friendship,146,542,70,70,69,69,3.536231884057971,40.97142857142857,1,32,54,53,6,0,8690,15644,11514,15652,,
2016-09-01,Emergency Food Hamper Program - House of Friendship,1627,4143,1492,1492,1478,1478,2.588633288227334,43.09651474530831,7,358,543,582,137,0,8690,15644,11514,15652,,
2016-09-01,Emmanuel United Church - Waterloo Wayside ,128,179,49,48,48,47,1.3125,55.333333333333336,0,1,8,82,36,1,8690,15644,11514,15652,,
2016-09-01,Erb West Community Centre - Camino Wellness + Mental Health,14,70,12,12,12,12,4.833333333333333,43.75,0,2,6,6,0,0,8690,15644,11514,15652,,
2016-09-01,Glencairn Mennonite Brethren Church,104,376,98,98,97,97,3.556701030927835,46.86734693877551,1,4,45,41,13,0,8690,15644,11514,15652,,
2016-09-01,Kingdom Community International ,194,480,170,168,166,164,2.4819277108433737,45.49404761904762,5,28,54,79,26,2,8690,15644,11514,15652,,
2016-09-01,Kingsdale Community Centre - Neighbourhood Food Program - House of Friendship,342,1065,222,222,215,215,3.2232558139534886,46.0990990990991,2,48,102,137,53,0,8690,15644,11514,15652,,
2016-09-01,Kitchener Community Church and Family Care Centre,208,538,205,205,205,205,2.5902439024390245,45.229268292682924,2,29,71,90,16,0,8690,15644,11514,15652,,
2016-09-01,Paulander Community Centre - Camino Wellness + Mental Health,135,450,56,56,56,56,3.4285714285714284,47.30357142857143,0,15,35,76,9,0,8690,15644,11514,15652,,
2016-09-01,Ray of Hope,423,1077,413,413,411,411,2.557177615571776,46.83050847457627,3,44,147,196,33,0,8690,15644,11514,15652,,
2016-09-01,Salvation Army Cambridge,216,357,216,216,216,216,1.6527777777777777,44.032407407407405,1,41,59,113,2,0,8690,15644,11514,15652,,
2016-09-01,Southwood Resource Centre - Kinbridge Community Association,47,186,27,27,27,27,4.111111111111111,36.44444444444444,0,9,30,8,0,0,8690,15644,11514,15652,,
2016-09-01,St. Agnes Conference - Society of St. Vincent de Paul,30,100,30,30,30,30,3.3333333333333335,40.93333333333333,0,6,13,9,2,0,8690,15644,11514,15652,,
2016-09-01,St. Aloysius Parish Food Pantry,15,37,14,14,14,14,2.357142857142857,45.214285714285715,0,4,4,6,1,0,8690,15644,11514,15652,,
2016-09-01,St. Anthony Daniel Conference - Society of St. Vincent de Paul,72,216,71,71,71,71,2.971830985915493,44.028169014084504,0,12,30,24,6,0,8690,15644,11514,15652,,
2016-09-01,St. John's Church - Society of St. Vincent de Paul,61,154,61,61,61,61,2.5245901639344264,43.18032786885246,0,12,19,29,1,0,8690,15644,11514,15652,,
2016-09-01,St. Mark's Conference - Society of St. Vincent de Paul,32,101,30,30,30,30,3.066666666666667,49.4,0,5,6,15,6,0,8690,15644,11514,15652,,
2016-09-01,St. Michael's Church - Society of St. Vincent de Paul,54,165,51,51,51,51,3.1176470588235294,42.549019607843135,0,13,14,23,4,0,8690,15644,11514,15652,,
2016-09-01,Sunnydale Community Centre - Neighbourhood Food Program - House of Friendship,300,1264,83,83,83,83,4.0120481927710845,43.144578313253014,5,25,129,119,22,0,8690,15644,11514,15652,,
2016-09-01,Supportive Housing YWCA (Lincoln Road),15,28,12,6,12,6,2.0,46.333333333333336,0,1,3,5,0,6,8690,15644,11514,15652,,
2016-09-01,Supportive Housing of Waterloo (SHOW),14,14,14,14,14,14,1.0,54.714285714285715,0,0,2,9,3,0,8690,15644,11514,15652,,
2016-09-01,Traverse Independence,24,30,18,8,18,8,1.3333333333333333,44.75,0,3,4,7,0,10,8690,15644,11514,15652,,
2016-09-01,Wellesley Food Cupboard,14,79,12,9,12,9,5.333333333333333,42.55555555555556,0,1,7,2,1,3,8690,15644,11514,15652,,
2016-09-01,Wilmot & Wellesley Resource Centre,48,135,47,46,46,45,2.847826086956522,41.41304347826087,0,10,19,13,5,1,8690,15644,11514,15652,,
2016-09-01,Woolwich Community Services,62,160,61,61,61,61,2.5901639344262297,43.52459016393443,1,12,21,20,8,0,8690,15644,11514,15652,,
2016-09-01,oneROOF Youth Services,71,121,58,58,58,58,1.6551724137931034,20.551724137931036,8,63,0,0,0,0,8690,15644,11514,15652,,
2016-10-01,Blessed Sacrament Catholic Church - Society of St. Vincent de Paul,94,300,93,93,93,93,3.204301075268817,43.88172043010753,0,18,32,40,4,0,8602,15476,11510,15633,,
2016-10-01,Cambridge Food Bank - Cambridge,820,1703,690,690,678,678,2.0973451327433628,41.426086956521736,12,176,305,289,38,0,8602,15476,11510,15633,,
2016-10-01,Cambridge Vineyard - Urban Hope,104,186,84,33,84,33,1.7976190476190477,38.54545454545455,6,13,15,12,7,51,8602,15476,11510,15633,,
2016-10-01,Chandler Mowat Community Centre - Neighbourhood Food Program - House of Friendship,206,713,115,66,113,64,3.079646017699115,44.28787878787879,0,17,56,78,6,49,8602,15476,11510,15633,,
2016-10-01,Christopher Champlain Resource Centre - Kinbridge Community Association,26,85,22,22,22,22,3.409090909090909,37.68181818181818,0,7,13,6,0,0,8602,15476,11510,15633,,
2016-10-01,Courtland Shelley Community Centre - Neighbourhood Food Program - House of Friendship,136,540,48,48,47,47,3.9361702127659575,38.291666666666664,0,28,58,47,3,0,8602,15476,11510,15633,,
2016-10-01,Emergency Food Hamper Program - House of Friendship,1394,3540,1301,1301,1293,1293,2.5730858468677495,44.667947732513454,6,262,467,511,148,0,8602,15476,11510,15633,,
2016-10-01,Emmanuel United Church - Waterloo Wayside ,101,152,50,48,49,47,1.489795918367347,54.0,0,3,11,64,21,2,8602,15476,11510,15633,,
2016-10-01,Erb West Community Centre - Camino Wellness + Mental Health,10,55,8,8,8,8,5.5,38.125,0,2,6,2,0,0,8602,15476,11510,15633,,
2016-10-01,Glencairn Mennonite Brethren Church,105,359,98,97,97,96,3.4329896907216493,47.48453608247423,1,8,42,39,14,1,8602,15476,11510,15633,,
2016-10-01,Kingdom Community International ,179,451,158,154,152,148,2.5921052631578947,44.753246753246756,6,26,52,66,25,4,8602,15476,11510,15633,,
2016-10-01,Kingsdale Community Centre - Neighbourhood Food Program - House of Friendship,315,1008,206,204,205,203,3.2634146341463413,46.34313725490196,2,30,108,123,50,2,8602,15476,11510,15633,,
2016-10-01,Kitchener Community Church and Family Care Centre,216,607,215,215,214,214,2.822429906542056,44.41860465116279,1,45,60,92,18,0,8602,15476,11510,15633,,
2016-10-01,Paulander Community Centre - Camino Wellness + Mental Health,161,581,56,56,54,54,3.5,47.017857142857146,0,18,49,81,13,0,8602,15476,11510,15633,,
2016-10-01,Ray of Hope,401,1043,399,399,395,395,2.5822784810126582,47.666666666666664,2,35,135,193,36,0,8602,15476,11510,15633,,
2016-10-01,Salvation Army Cambridge,153,235,152,152,151,151,1.5364238410596027,44.796052631578945,0,30,34,85,4,0,8602,15476,11510,15633,,
2016-10-01,Southwood Resource Centre - Kinbridge Community Association,36,143,19,19,19,19,4.052631578947368,37.89473684210526,0,5,27,4,0,0,8602,15476,11510,15633,,
2016-10-01,St. Agnes Conference - Society of St. Vincent de Paul,27,90,27,26,27,26,3.3333333333333335,42.42307692307692,0,5,11,8,2,1,8602,15476,11510,15633,,
2016-10-01,St. Aloysius Parish Food Pantry,5,6,5,5,5,5,1.2,60.8,0,0,0,4,1,0,8602,15476,11510,15633,,
2016-10-01,St. Anthony Daniel Conference - Society of St. Vincent de Paul,100,303,98,98,98,98,3.020408163265306,45.142857142857146,0,14,38,43,5,0,8602,15476,11510,15633,,
2016-10-01,St. John's Church - Society of St. Vincent de Paul,43,128,43,43,43,43,2.9767441860465116,41.81395348837209,0,8,18,15,2,0,8602,15476,11510,15633,,
2016-10-01,St. Mark's Conference - Society of St. Vincent de Paul,23,76,23,23,23,23,3.3043478260869565,45.73913043478261,0,4,5,12,2,0,8602,15476,11510,15633,,
2016-10-01,St. Michael's Church - Society of St. Vincent de Paul,59,196,54,52,54,52,3.4444444444444446,39.38461538461539,0,15,23,16,3,2,8602,15476,11510,15633,,
2016-10-01,Sunnydale Community Centre - Neighbourhood Food Program - House of Friendship,251,1120,90,88,89,87,4.202247191011236,41.81818181818182,2,33,108,91,15,2,8602,15476,11510,15633,,
2016-10-01,Supportive Housing YWCA (Lincoln Road),24,33,15,6,15,6,1.2666666666666666,38.666666666666664,0,4,3,8,0,9,8602,15476,11510,15633,,
2016-10-01,Traverse Independence,32,40,20,12,20,12,1.4,46.916666666666664,0,5,6,13,0,8,8602,15476,11510,15633,,
2016-10-01,Wellesley Food Cupboard,11,52,8,6,8,6,5.125,43.333333333333336,0,1,4,2,2,2,8602,15476,11510,15633,,
2016-10-01,Wilmot & Wellesley Resource Centre,56,171,52,51,52,51,3.0961538461538463,42.90196078431372,0,9,21,21,4,1,8602,15476,11510,15633,,
2016-10-01,Woolwich Community Services,47,103,47,47,47,47,2.1914893617021276,47.95744680851064,0,4,15,20,8,0,8602,15476,11510,15633,,
2016-10-01,oneROOF Youth Services,117,194,79,79,75,75,1.5333333333333334,21.088607594936708,10,106,1,0,0,0,8602,15476,11510,15633,,
2016-11-01,Blessed Sacrament Catholic Church - Society of St. Vincent de Paul,116,357,114,114,113,113,3.061946902654867,43.771929824561404,0,22,40,50,4,0,8616,15477,11640,15849,,
2016-11-01,Cambridge Food Bank - Cambridge,1121,2494,880,880,857,857,2.2135355892648776,42.570454545454545,8,256,375,412,70,0,8616,15477,11640,15849,,
2016-11-01,Cambridge Vineyard - Urban Hope,79,126,64,33,64,33,1.609375,44.72727272727273,5,7,13,11,12,31,8616,15477,11640,15849,,
2016-11-01,Chandler Mowat Community Centre - Neighbourhood Food Program - House of Friendship,215,754,106,80,101,75,3.376237623762376,43.3,0,22,64,98,5,26,8616,15477,11640,15849,,
2016-11-01,Christopher Champlain Resource Centre - Kinbridge Community Association,46,167,38,38,37,37,3.4864864864864864,37.28947368421053,1,8,29,8,0,0,8616,15477,11640,15849,,
2016-11-01,Courtland Shelley Community Centre - Neighbourhood Food Program - House of Friendship,171,688,52,52,50,50,4.04,40.15384615384615,0,40,65,62,4,0,8616,15477,11640,15849,,
2016-11-01,Emergency Food Hamper Program - House of Friendship,2212,6047,1996,1995,1970,1969,2.7583756345177664,44.21553884711779,4,434,733,830,210,1,8616,15477,11640,15849,,
2016-11-01,Emmanuel United Church - Waterloo Wayside ,107,174,50,50,50,50,1.74,53.62,0,3,5,80,19,0,8616,15477,11640,15849,,
2016-11-01,Erb West Community Centre - Camino Wellness + Mental Health,6,31,6,5,6,5,5.166666666666667,35.2,0,2,3,0,0,1,8616,15477,11640,15849,,
2016-11-01,Glencairn Mennonite Brethren Church,127,457,123,123,122,122,3.6311475409836067,45.63414634146341,1,18,43,53,12,0,8616,15477,11640,15849,,
2016-11-01,Kingdom Community International ,218,550,177,172,173,168,2.61271676300578,45.36046511627907,5,25,67,82,34,5,8616,15477,11640,15849,,
2016-11-01,Kingsdale Community Centre - Neighbourhood Food Program - House of Friendship,367,1142,239,236,234,231,3.1367521367521367,46.440677966101696,3,48,110,146,57,3,8616,15477,11640,15849,,
2016-11-01,Kitchener Community Church and Family Care Centre,163,507,161,161,160,160,3.1,43.27950310559006,1,26,65,60,11,0,8616,15477,11640,15849,,
2016-11-01,Langs,1,1,1,1,1,1,1.0,51.0,0,0,0,1,0,0,8616,15477,11640,15849,,
2016-11-01,Paulander Community Centre - Camino Wellness + Mental Health,167,577,59,59,59,59,3.406779661016949,46.28813559322034,0,18,49,89,11,0,8616,15477,11640,15849,,
2016-11-01,Ray of Hope,419,1040,418,418,415,415,2.4795180722891565,46.15071770334928,2,57,133,191,36,0,8616,15477,11640,15849,,
2016-11-01,Salvation Army Cambridge,186,299,184,184,184,184,1.5978260869565217,44.08695652173913,1,38,42,102,3,0,8616,15477,11640,15849,,
2016-11-01,Southwood Resource Centre - Kinbridge Community Association,46,183,23,23,22,22,4.0,36.47826086956522,0,15,22,9,0,0,8616,15477,11640,15849,,
2016-11-01,St. Agnes Conference - Society of St. Vincent de Paul,29,114,29,29,29,29,3.9310344827586206,40.724137931034484,0,9,10,7,3,0,8616,15477,11640,15849,,
2016-11-01,St. Aloysius Parish Food Pantry,31,107,31,31,31,31,3.4516129032258065,41.54838709677419,0,9,8,13,1,0,8616,15477,11640,15849,,
2016-11-01,St. Anthony Daniel Conference - Society of St. Vincent de Paul,105,303,104,104,103,103,2.8932038834951457,47.39423076923077,0,14,27,53,11,0,8616,15477,11640,15849,,
2016-11-01,St. John's Church - Society of St. Vincent de Paul,65,161,62,62,62,62,2.4838709677419355,43.20967741935484,0,13,19,33,0,0,8616,15477,11640,15849,,
2016-11-01,St. Mark's Conference - Society of St. Vincent de Paul,27,101,26,26,26,26,3.6923076923076925,45.26923076923077,0,3,9,13,2,0,8616,15477,11640,15849,,
2016-11-01,St. Michael's Church - Society of St. Vincent de Paul,60,185,57,54,57,54,3.1403508771929824,42.24074074074074,0,8,26,20,3,3,8616,15477,11640,15849,,
2016-11-01,Sunnydale Community Centre - Neighbourhood Food Program - House of Friendship,251,1130,88,88,88,88,4.238636363636363,42.13636363636363,0,36,114,88,13,0,8616,15477,11640,15849,,
2016-11-01,Supportive Housing YWCA (Lincoln Road),18,22,13,5,13,5,1.3076923076923077,41.0,0,2,3,5,0,8,8616,15477,11640,15849,,
2016-11-01,Traverse Independence,28,35,15,12,15,12,1.3333333333333333,47.916666666666664,0,6,6,13,0,3,8616,15477,11640,15849,,
2016-11-01,Wellesley Food Cupboard,12,63,9,9,9,9,4.777777777777778,38.0,0,3,8,0,1,0,8616,15477,11640,15849,,
2016-11-01,Wilmot & Wellesley Resource Centre,59,170,53,53,53,53,2.830188679245283,42.9622641509434,0,13,25,14,7,0,8616,15477,11640,15849,,
2016-11-01,Woolwich Community Services,66,139,66,66,66,66,2.106060606060606,47.121212121212125,0,8,21,26,11,0,8616,15477,11640,15849,,
2016-11-01,oneROOF Youth Services,116,198,78,78,77,77,1.6233766233766234,22.32051282051282,9,104,1,2,0,0,8616,15477,11640,15849,,
2016-12-01,Blessed Sacrament Catholic Church - Society of St. Vincent de Paul,74,222,74,74,74,74,3.0,44.108108108108105,0,10,29,32,3,0,8693,15601,11691,15925,,
2016-12-01,Cambridge Food Bank - Cambridge,1028,2240,760,759,743,742,2.131897711978466,43.28853754940712,3,191,353,404,76,1,8693,15601,11691,15925,,
2016-12-01,Cambridge Vineyard - Urban Hope,1,1,1,1,1,1,1.0,0.0,1,0,0,0,0,0,8693,15601,11691,15925,,
2016-12-01,Chandler Mowat Community Centre - Neighbourhood Food Program - House of Friendship,284,1054,106,95,103,92,3.5825242718446604,42.757894736842104,1,39,84,140,9,11,8693,15601,11691,15925,,
2016-12-01,Christopher Champlain Resource Centre - Kinbridge Community Association,36,119,30,30,29,29,3.2413793103448274,37.03333333333333,1,8,19,8,0,0,8693,15601,11691,15925,,
2016-12-01,Courtland Shelley Community Centre - Neighbourhood Food Program - House of Friendship,90,351,41,41,41,41,3.951219512195122,40.707317073170735,0,18,37,35,0,0,8693,15601,11691,15925,,
2016-12-01,Emergency Food Hamper Program - House of Friendship,1875,5475,1644,1644,1620,1620,2.867283950617284,43.818734793187346,5,358,654,681,177,0,8693,15601,11691,15925,,
2016-12-01,Emmanuel United Church - Waterloo Wayside ,117,181,53,49,52,48,1.5384615384615385,53.91836734693877,0,3,5,79,26,4,8693,15601,11691,15925,,
2016-12-01,Glencairn Mennonite Brethren Church,97,385,96,96,96,96,4.0,46.729166666666664,0,10,33,44,10,0,8693,15601,11691,15925,,
2016-12-01,Kingdom Community International ,141,392,121,114,118,111,2.889830508474576,45.3859649122807,8,17,33,41,35,7,8693,15601,11691,15925,,
2016-12-01,Kingsdale Community Centre - Neighbourhood Food Program - House of Friendship,414,1387,289,288,281,280,3.3345195729537367,45.260416666666664,1,60,145,152,55,1,8693,15601,11691,15925,,
2016-12-01,Paulander Community Centre - Camino Wellness + Mental Health,112,381,58,58,57,57,3.543859649122807,45.8448275862069,1,10,35,56,10,0,8693,15601,11691,15925,,
2016-12-01,Ray of Hope,396,1011,396,396,392,392,2.558673469387755,47.083333333333336,1,50,116,195,34,0,8693,15601,11691,15925,,
2016-12-01,Salvation Army Cambridge,69,115,69,69,69,69,1.6666666666666667,41.869565217391305,0,18,21,30,0,0,8693,15601,11691,15925,,
2016-12-01,Southwood Resource Centre - Kinbridge Community Association,28,116,17,17,17,17,3.8823529411764706,37.0,0,8,13,7,0,0,8693,15601,11691,15925,,
2016-12-01,St. Agnes Conference - Society of St. Vincent de Paul,10,24,10,10,10,10,2.4,37.9,0,2,5,3,0,0,8693,15601,11691,15925,,
2016-12-01,St. Aloysius Parish Food Pantry,12,37,12,12,12,12,3.0833333333333335,41.5,1,2,3,6,0,0,8693,15601,11691,15925,,
2016-12-01,St. Anthony Daniel Conference - Society of St. Vincent de Paul,59,173,59,59,59,59,2.9322033898305087,46.20338983050848,0,7,20,30,2,0,8693,15601,11691,15925,,
2016-12-01,St. John's Church - Society of St. Vincent de Paul,35,91,33,33,33,33,2.5757575757575757,44.06060606060606,0,2,18,15,0,0,8693,15601,11691,15925,,
2016-12-01,St. Mark's Conference - Society of St. Vincent de Paul,4,15,4,4,4,4,3.75,45.0,0,1,1,1,1,0,8693,15601,11691,15925,,
2016-12-01,St. Michael's Church - Society of St. Vincent de Paul,46,142,46,40,46,40,3.0869565217391304,44.75,0,8,11,17,4,6,8693,15601,11691,15925,,
2016-12-01,Sunnydale Community Centre - Neighbourhood Food Program - House of Friendship,271,1216,101,98,101,98,4.405940594059406,41.734693877551024,0,37,124,91,16,3,8693,15601,11691,15925,,
2016-12-01,Supportive Housing YWCA (Lincoln Road),25,47,17,7,17,7,2.235294117647059,44.142857142857146,0,1,4,10,0,10,8693,15601,11691,15925,,
2016-12-01,Traverse Independence,31,39,18,11,18,11,1.2777777777777777,50.54545454545455,0,1,3,19,1,7,8693,15601,11691,15925,,
2016-12-01,Wellesley Food Cupboard,5,16,5,4,5,4,3.2,48.75,0,1,1,1,1,1,8693,15601,11691,15925,,
2016-12-01,Wilmot & Wellesley Resource Centre,26,79,26,26,26,26,3.0384615384615383,37.92307692307692,0,8,11,7,0,0,8693,15601,11691,15925,,
2016-12-01,Woolwich Community Services,36,96,35,35,35,35,2.7142857142857144,43.22857142857143,0,5,15,12,4,0,8693,15601,11691,15925,,
2016-12-01,oneROOF Youth Services,62,112,49,49,49,49,1.6938775510204083,22.122448979591837,5,56,0,1,0,0,8693,15601,11691,15925,,
2017-01-01,Blessed Sacrament Catholic Church - Society of St. Vincent de Paul,86,276,86,86,86,86,3.2093023255813953,45.80232558139535,0,11,27,44,4,0,8761,15916,11643,15823,,
2017-01-01,Cambridge Food Bank - Cambridge,1194,2536,861,861,838,838,2.116945107398568,41.97560975609756,5,290,385,445,69,0,8761,15916,11643,15823,,
2017-01-01,Cambridge Vineyard - Urban Hope,1,1,1,1,1,1,1.0,0.0,1,0,0,0,0,0,8761,15916,11643,15823,,
2017-01-01,Chandler Mowat Community Centre - Neighbourhood Food Program - House of Friendship,256,884,110,94,108,92,3.4444444444444446,44.255319148936174,0,31,60,139,10,16,8761,15916,11643,15823,,
2017-01-01,Christopher Champlain Resource Centre - Kinbridge Community Association,26,116,20,20,20,20,4.3,37.9,0,3,16,7,0,0,8761,15916,11643,15823,,
2017-01-01,Courtland Shelley Community Centre - Neighbourhood Food Program - House of Friendship,132,497,69,69,69,69,3.608695652173913,43.47826086956522,2,20,54,49,7,0,8761,15916,11643,15823,,
2017-01-01,Emergency Food Hamper Program - House of Friendship,1942,4891,1695,1693,1670,1668,2.565269461077844,42.66804489072652,4,445,669,691,131,2,8761,15916,11643,15823,,
2017-01-01,Emmanuel United Church - Waterloo Wayside ,116,177,57,53,54,50,1.462962962962963,55.056603773584904,0,0,5,85,22,4,8761,15916,11643,15823,,
2017-01-01,Glencairn Mennonite Brethren Church,98,356,92,90,91,89,3.6043956043956045,47.111111111111114,1,11,37,32,15,2,8761,15916,11643,15823,,
2017-01-01,Kingdom Community International ,185,415,146,140,140,134,2.2642857142857142,47.56428571428572,6,15,48,65,45,6,8761,15916,11643,15823,,
2017-01-01,Kingsdale Community Centre - Neighbourhood Food Program - House of Friendship,241,774,192,192,191,191,3.2931937172774868,46.442708333333336,3,27,79,91,41,0,8761,15916,11643,15823,,
2017-01-01,Kitchener Community Church and Family Care Centre,163,414,163,163,162,162,2.54320987654321,46.920245398773005,0,25,44,77,17,0,8761,15916,11643,15823,,
2017-01-01,Langs,11,27,10,10,10,10,2.4,47.6,0,2,3,6,0,0,8761,15916,11643,15823,,
2017-01-01,Paulander Community Centre - Camino Wellness + Mental Health,143,451,54,54,54,54,3.2222222222222223,48.94444444444444,0,12,35,78,18,0,8761,15916,11643,15823,,
2017-01-01,Ray of Hope,400,1029,397,397,394,394,2.583756345177665,46.92695214105793,0,49,121,196,34,0,8761,15916,11643,15823,,
2017-01-01,Salvation Army Cambridge,267,435,264,264,262,262,1.6297709923664123,44.34469696969697,0,48,67,150,2,0,8761,15916,11643,15823,,
2017-01-01,Southwood Resource Centre - Kinbridge Community Association,5,19,5,5,5,5,3.8,34.8,0,2,3,0,0,0,8761,15916,11643,15823,,
2017-01-01,St. Agnes Conference - Society of St. Vincent de Paul,16,48,16,16,16,16,3.0,44.0,0,4,4,6,2,0,8761,15916,11643,15823,,
2017-01-01,St. Aloysius Parish Food Pantry,3,5,3,3,3,3,1.6666666666666667,51.0,0,0,1,2,0,0,8761,15916,11643,15823,,
2017-01-01,St. Anthony Daniel Conference - Society of St. Vincent de Paul,61,142,61,61,60,60,2.35,46.31147540983606,0,9,17,29,6,0,8761,15916,11643,15823,,
2017-01-01,St. John's Church - Society of St. Vincent de Paul,51,144,51,49,51,49,2.823529411764706,42.38775510204081,0,9,15,25,0,2,8761,15916,11643,15823,,
2017-01-01,St. Mark's Conference - Society of St. Vincent de Paul,12,40,12,12,12,12,3.3333333333333335,47.666666666666664,0,2,2,6,2,0,8761,15916,11643,15823,,
2017-01-01,St. Michael's Church - Society of St. Vincent de Paul,40,124,39,39,39,39,3.076923076923077,41.794871794871796,0,10,13,14,3,0,8761,15916,11643,15823,,
2017-01-01,Sunnydale Community Centre - Neighbourhood Food Program - House of Friendship,206,948,88,88,88,88,4.4772727272727275,42.38636363636363,0,34,92,68,12,0,8761,15916,11643,15823,,
2017-01-01,Supportive Housing YWCA (Lincoln Road),27,39,19,9,19,9,1.5263157894736843,49.77777777777778,0,0,5,12,0,10,8761,15916,11643,15823,,
2017-01-01,Traverse Independence,29,30,14,14,14,14,1.0714285714285714,49.42857142857143,0,3,6,19,1,0,8761,15916,11643,15823,,
2017-01-01,Wellesley Food Cupboard,14,62,11,7,11,7,4.636363636363637,40.714285714285715,0,3,4,1,2,4,8761,15916,11643,15823,,
2017-01-01,Wilmot & Wellesley Resource Centre,49,139,46,46,46,46,2.760869565217391,43.04347826086956,0,9,19,17,4,0,8761,15916,11643,15823,,
2017-01-01,Woolwich Community Services,56,112,56,56,56,56,2.0,46.589285714285715,0,7,20,22,7,0,8761,15916,11643,15823,,
2017-01-01,oneROOF Youth Services,59,95,48,48,46,46,1.565217391304348,21.083333333333332,4,55,0,0,0,0,8761,15916,11643,15823,,
2017-02-01,Blessed Sacrament Catholic Church - Society of St. Vincent de Paul,84,272,83,83,83,83,3.253012048192771,45.674698795180724,0,11,26,42,5,0,8891,16297,11795,16095,,
2017-02-01,Cambridge Food Bank - Cambridge,1094,2346,828,828,808,808,2.1435643564356437,42.93478260869565,4,252,335,441,62,0,8891,16297,11795,16095,,
2017-02-01,Cambridge Vineyard - Urban Hope,1,1,1,1,1,1,1.0,0.0,1,0,0,0,0,0,8891,16297,11795,16095,,
2017-02-01,Chandler Mowat Community Centre - Neighbourhood Food Program - House of Friendship,284,998,109,98,107,96,3.607476635514019,44.04081632653061,0,47,75,141,10,11,8891,16297,11795,16095,,
2017-02-01,Christopher Champlain Resource Centre - Kinbridge Community Association,32,113,27,27,27,27,3.4444444444444446,31.555555555555557,2,11,14,5,0,0,8891,16297,11795,16095,,
2017-02-01,Courtland Shelley Community Centre - Neighbourhood Food Program - House of Friendship,124,492,67,67,67,67,3.985074626865672,42.37313432835821,1,16,48,57,2,0,8891,16297,11795,16095,,
2017-02-01,Emergency Food Hamper Program - House of Friendship,1831,4837,1658,1657,1632,1631,2.710171568627451,43.130959565479785,5,410,622,647,146,1,8891,16297,11795,16095,,
2017-02-01,Emmanuel United Church - Waterloo Wayside ,98,158,54,51,54,51,1.5740740740740742,54.84313725490196,0,0,6,69,20,3,8891,16297,11795,16095,,
2017-02-01,Erb West Community Centre - Camino Wellness + Mental Health,4,26,4,4,3,3,6.333333333333333,33.5,0,1,3,0,0,0,8891,16297,11795,16095,,
2017-02-01,Glencairn Mennonite Brethren Church,106,399,103,103,99,99,3.757575757575758,45.8252427184466,0,10,44,42,10,0,8891,16297,11795,16095,,
2017-02-01,Kingdom Community International ,182,434,148,143,143,138,2.4265734265734267,46.15384615384615,4,20,60,65,28,5,8891,16297,11795,16095,,
2017-02-01,Kingsdale Community Centre - Neighbourhood Food Program - House of Friendship,305,987,209,208,201,200,3.208955223880597,46.82692307692308,2,39,105,107,51,1,8891,16297,11795,16095,,
2017-02-01,Kitchener Community Church and Family Care Centre,218,601,216,216,216,216,2.75,45.59722222222222,0,36,70,95,17,0,8891,16297,11795,16095,,
2017-02-01,Langs,7,11,5,5,5,5,1.8,49.4,0,0,1,6,0,0,8891,16297,11795,16095,,
2017-02-01,Paulander Community Centre - Camino Wellness + Mental Health,118,375,58,58,58,58,3.4310344827586206,48.94827586206897,0,5,35,64,14,0,8891,16297,11795,16095,,
2017-02-01,Ray of Hope,406,1039,405,405,402,402,2.572139303482587,46.51358024691358,1,57,126,184,38,0,8891,16297,11795,16095,,
2017-02-01,Salvation Army Cambridge,228,370,228,228,225,225,1.6311111111111112,44.28508771929825,1,43,56,127,1,0,8891,16297,11795,16095,,
2017-02-01,Southwood Resource Centre - Kinbridge Community Association,12,40,10,10,10,10,3.5,42.5,1,1,5,3,2,0,8891,16297,11795,16095,,
2017-02-01,St. Agnes Conference - Society of St. Vincent de Paul,22,55,22,22,22,22,2.5,43.18181818181818,0,3,9,9,1,0,8891,16297,11795,16095,,
2017-02-01,St. Aloysius Parish Food Pantry,6,11,6,6,6,6,1.8333333333333333,47.166666666666664,0,1,1,4,0,0,8891,16297,11795,16095,,
2017-02-01,St. Anthony Daniel Conference - Society of St. Vincent de Paul,66,178,66,66,65,65,2.723076923076923,48.63636363636363,0,7,19,33,7,0,8891,16297,11795,16095,,
2017-02-01,St. John's Church - Society of St. Vincent de Paul,39,105,38,38,38,38,2.736842105263158,44.3421052631579,1,3,14,19,2,0,8891,16297,11795,16095,,
2017-02-01,St. Michael's Church - Society of St. Vincent de Paul,50,152,48,45,48,45,3.0416666666666665,41.37777777777778,0,12,15,18,2,3,8891,16297,11795,16095,,
2017-02-01,Sunnydale Community Centre - Neighbourhood Food Program - House of Friendship,294,1287,102,99,102,99,4.205882352941177,42.111111111111114,0,44,130,103,14,3,8891,16297,11795,16095,,
2017-02-01,Supportive Housing YWCA (Lincoln Road),29,43,18,8,18,8,1.5,43.25,0,5,3,11,0,10,8891,16297,11795,16095,,
2017-02-01,Supportive Housing of Waterloo (SHOW),1,1,1,1,1,1,1.0,46.0,0,0,0,1,0,0,8891,16297,11795,16095,,
2017-02-01,Traverse Independence,35,40,17,14,17,14,1.2941176470588236,47.92857142857143,0,4,7,19,2,3,8891,16297,11795,16095,,
2017-02-01,Wellesley Food Cupboard,13,56,9,8,9,8,4.333333333333333,38.75,0,4,5,1,2,1,8891,16297,11795,16095,,
2017-02-01,Wilmot & Wellesley Resource Centre,52,150,48,46,48,46,2.7708333333333335,41.19565217391305,0,13,18,17,2,2,8891,16297,11795,16095,,
2017-02-01,Woolwich Community Services,41,71,41,41,41,41,1.7317073170731707,47.53658536585366,0,5,11,19,6,0,8891,16297,11795,16095,,
2017-02-01,oneROOF Youth Services,89,139,56,56,55,55,1.6181818181818182,22.089285714285715,4,84,1,0,0,0,8891,16297,11795,16095,,
2017-03-01,Blessed Sacrament Catholic Church - Society of St. Vincent de Paul,95,296,95,95,95,95,3.1157894736842104,43.642105263157895,0,20,30,42,3,0,9055,16720,11838,16162,,
2017-03-01,Cambridge Food Bank - Cambridge,1091,2319,849,849,827,827,2.1185006045949213,42.755005889281506,4,267,332,415,73,0,9055,16720,11838,16162,,
2017-03-01,Cambridge Vineyard - Urban Hope,2,3,2,2,2,2,1.5,20.5,1,0,1,0,0,0,9055,16720,11838,16162,,
2017-03-01,Chandler Mowat Community Centre - Neighbourhood Food Program - House of Friendship,333,1148,115,95,111,91,3.5225225225225225,44.305263157894736,0,55,88,159,11,20,9055,16720,11838,16162,,
2017-03-01,Christopher Champlain Resource Centre - Kinbridge Community Association,24,95,21,21,21,21,3.9047619047619047,35.476190476190474,0,8,9,7,0,0,9055,16720,11838,16162,,
2017-03-01,Courtland Shelley Community Centre - Neighbourhood Food Program - House of Friendship,137,556,57,57,56,56,3.892857142857143,41.91228070175438,0,25,52,57,3,0,9055,16720,11838,16162,,
2017-03-01,Emergency Food Hamper Program - House of Friendship,2126,5479,1865,1865,1850,1850,2.6524324324324327,43.15174262734585,3,471,729,763,160,0,9055,16720,11838,16162,,
2017-03-01,Emmanuel United Church - Waterloo Wayside ,118,188,61,52,61,52,1.540983606557377,54.23076923076923,0,2,9,75,23,9,9055,16720,11838,16162,,
2017-03-01,Erb West Community Centre - Camino Wellness + Mental Health,2,8,2,2,2,2,4.0,48.0,0,0,0,2,0,0,9055,16720,11838,16162,,
2017-03-01,Glencairn Mennonite Brethren Church,121,460,115,115,111,111,3.828828828828829,46.130434782608695,0,14,47,49,11,0,9055,16720,11838,16162,,
2017-03-01,Kingdom Community International ,221,511,164,155,161,152,2.360248447204969,47.34193548387097,3,19,71,74,45,9,9055,16720,11838,16162,,
2017-03-01,Kingsdale Community Centre - Neighbourhood Food Program - House of Friendship,409,1318,231,228,225,222,3.2355555555555555,45.05701754385965,0,55,149,144,58,3,9055,16720,11838,16162,,
2017-03-01,Kitchener Community Church and Family Care Centre,263,692,257,257,256,256,2.640625,43.8715953307393,2,45,91,113,12,0,9055,16720,11838,16162,,
2017-03-01,Langs,14,33,13,13,13,13,2.4615384615384617,45.92307692307692,0,3,1,10,0,0,9055,16720,11838,16162,,
2017-03-01,Paulander Community Centre - Camino Wellness + Mental Health,155,478,58,58,58,58,3.0344827586206895,48.62068965517241,0,10,47,78,20,0,9055,16720,11838,16162,,
2017-03-01,Ray of Hope,438,1064,437,437,435,435,2.439080459770115,47.67963386727689,0,49,136,214,39,0,9055,16720,11838,16162,,
2017-03-01,Salvation Army Cambridge,254,382,253,253,250,250,1.512,43.85770750988142,0,48,72,131,3,0,9055,16720,11838,16162,,
2017-03-01,Southwood Resource Centre - Kinbridge Community Association,2,9,2,2,2,2,4.5,37.5,0,0,2,0,0,0,9055,16720,11838,16162,,
2017-03-01,St. Agnes Conference - Society of St. Vincent de Paul,26,84,25,25,25,25,3.2,44.4,0,6,6,12,2,0,9055,16720,11838,16162,,
2017-03-01,St. Aloysius Parish Food Pantry,9,23,9,9,9,9,2.5555555555555554,47.666666666666664,0,1,2,6,0,0,9055,16720,11838,16162,,
2017-03-01,St. Anthony Daniel Conference - Society of St. Vincent de Paul,57,152,57,57,57,57,2.6666666666666665,44.14035087719298,0,11,21,21,4,0,9055,16720,11838,16162,,
2017-03-01,St. John's Church - Society of St. Vincent de Paul,60,150,60,59,58,57,2.5517241379310347,42.779661016949156,0,10,22,27,0,1,9055,16720,11838,16162,,
2017-03-01,St. Michael's Church - Society of St. Vincent de Paul,47,125,45,44,45,44,2.7333333333333334,45.06818181818182,0,5,17,22,2,1,9055,16720,11838,16162,,
2017-03-01,Sunnydale Community Centre - Neighbourhood Food Program - House of Friendship,348,1545,101,101,101,101,4.2772277227722775,42.12871287128713,0,47,159,125,17,0,9055,16720,11838,16162,,
2017-03-01,Supportive Housing YWCA (Lincoln Road),22,31,15,12,15,12,1.4666666666666666,47.083333333333336,0,2,6,10,1,3,9055,16720,11838,16162,,
2017-03-01,Traverse Independence,24,24,14,13,14,13,1.0,48.0,0,5,3,14,1,1,9055,16720,11838,16162,,
2017-03-01,Wellesley Food Cupboard,8,30,8,6,8,6,3.75,43.333333333333336,0,2,2,1,1,2,9055,16720,11838,16162,,
2017-03-01,Wilmot & Wellesley Resource Centre,41,99,38,38,38,38,2.3684210526315788,46.60526315789474,0,6,10,20,5,0,9055,16720,11838,16162,,
2017-03-01,Woolwich Community Services,53,121,53,53,53,53,2.2830188679245285,45.9811320754717,0,12,14,18,9,0,9055,16720,11838,16162,,
2017-03-01,oneROOF Youth Services,122,185,73,73,70,70,1.5857142857142856,21.534246575342465,4,118,0,0,0,0,9055,16720,11838,16162,,
2017-04-01,Blessed Sacrament Catholic Church - Society of St. Vincent de Paul,101,317,99,98,98,97,3.1020408163265305,43.89795918367347,0,18,34,43,5,1,9092,16848,11772,16053,,
2017-04-01,Cambridge Food Bank - Cambridge,796,1766,693,693,676,676,2.2159763313609466,42.63347763347763,4,173,264,305,50,0,9092,16848,11772,16053,,
2017-04-01,Cambridge Vineyard - Urban Hope,38,69,33,16,33,16,1.8484848484848484,45.0625,1,3,6,7,4,17,9092,16848,11772,16053,,
2017-04-01,Chandler Mowat Community Centre - Neighbourhood Food Program - House of Friendship,252,868,115,92,112,89,3.4017857142857144,44.358695652173914,0,39,68,114,8,23,9092,16848,11772,16053,,
2017-04-01,Christopher Champlain Resource Centre - Kinbridge Community Association,19,76,19,19,19,19,4.0,35.05263157894737,1,4,11,3,0,0,9092,16848,11772,16053,,
2017-04-01,Courtland Shelley Community Centre - Neighbourhood Food Program - House of Friendship,134,538,52,52,52,52,3.8653846153846154,40.57692307692308,0,24,53,55,2,0,9092,16848,11772,16053,,
2017-04-01,Emergency Food Hamper Program - House of Friendship,1678,4392,1549,1549,1528,1528,2.651178010471204,43.601678502259524,5,347,562,624,140,0,9092,16848,11772,16053,,
2017-04-01,Emmanuel United Church - Waterloo Wayside ,88,144,45,43,45,43,1.488888888888889,54.651162790697676,0,3,4,54,25,2,9092,16848,11772,16053,,
2017-04-01,Glencairn Mennonite Brethren Church,117,453,106,106,104,104,3.7788461538461537,47.37735849056604,0,11,47,45,14,0,9092,16848,11772,16053,,
2017-04-01,Kingdom Community International ,125,305,105,104,103,102,2.533980582524272,46.28846153846154,5,13,39,42,25,1,9092,16848,11772,16053,,
2017-04-01,Kingsdale Community Centre - Neighbourhood Food Program - House of Friendship,312,963,196,196,195,195,3.1333333333333333,46.44897959183673,2,45,103,117,45,0,9092,16848,11772,16053,,
2017-04-01,Kitchener Community Church and Family Care Centre,197,534,193,193,192,192,2.6927083333333335,44.968911917098445,1,29,72,79,16,0,9092,16848,11772,16053,,
2017-04-01,Langs,9,15,9,9,9,9,1.6666666666666667,51.55555555555556,0,0,0,9,0,0,9092,16848,11772,16053,,
2017-04-01,Paulander Community Centre - Camino Wellness + Mental Health,106,336,50,50,50,50,3.04,49.56,0,4,35,54,13,0,9092,16848,11772,16053,,
2017-04-01,Ray of Hope,384,925,383,383,382,382,2.4162303664921465,47.03655352480418,0,45,127,179,33,0,9092,16848,11772,16053,,
2017-04-01,Salvation Army Cambridge,200,321,198,198,197,197,1.6091370558375635,44.24242424242424,0,39,53,106,2,0,9092,16848,11772,16053,,
2017-04-01,Southwood Resource Centre - Kinbridge Community Association,5,23,5,5,5,5,4.6,38.6,0,1,3,1,0,0,9092,16848,11772,16053,,
2017-04-01,St. Agnes Conference - Society of St. Vincent de Paul,18,58,18,18,18,18,3.2222222222222223,44.611111111111114,0,4,5,7,2,0,9092,16848,11772,16053,,
2017-04-01,St. Aloysius Parish Food Pantry,8,26,8,8,8,8,3.25,45.5,0,0,5,3,0,0,9092,16848,11772,16053,,
2017-04-01,St. Anthony Daniel Conference - Society of St. Vincent de Paul,41,135,39,39,39,39,3.2564102564102564,42.46153846153846,2,2,20,14,3,0,9092,16848,11772,16053,,
2017-04-01,St. John's Church - Society of St. Vincent de Paul,39,113,39,39,39,39,2.8974358974358974,42.23076923076923,0,9,12,17,1,0,9092,16848,11772,16053,,
2017-04-01,St. Michael's Church - Society of St. Vincent de Paul,42,120,40,32,40,32,2.875,43.125,0,6,11,15,2,8,9092,16848,11772,16053,,
2017-04-01,Sunnydale Community Centre - Neighbourhood Food Program - House of Friendship,297,1287,106,103,105,102,4.238095238095238,43.0,0,42,120,114,18,3,9092,16848,11772,16053,,
2017-04-01,Supportive Housing YWCA (Lincoln Road),18,30,13,11,13,11,1.6923076923076923,41.27272727272727,0,4,4,8,0,2,9092,16848,11772,16053,,
2017-04-01,Traverse Independence,29,31,17,13,17,13,1.1176470588235294,50.38461538461539,0,2,4,17,2,4,9092,16848,11772,16053,,
2017-04-01,Wellesley Food Cupboard,18,80,16,14,16,14,4.4375,35.42857142857143,1,5,6,2,2,2,9092,16848,11772,16053,,
2017-04-01,Wilmot & Wellesley Resource Centre,47,140,45,43,44,42,3.0,44.72093023255814,0,10,10,20,5,2,9092,16848,11772,16053,,
2017-04-01,Woolwich Community Services,51,101,49,49,49,49,2.020408163265306,48.69387755102041,0,6,14,24,7,0,9092,16848,11772,16053,,
2017-04-01,oneROOF Youth Services,31,38,24,24,24,24,1.25,21.75,0,31,0,0,0,0,9092,16848,11772,16053,,
2017-05-01,Blessed Sacrament Catholic Church - Society of St. Vincent de Paul,114,356,114,114,114,114,3.1228070175438596,44.44736842105263,0,18,40,53,3,0,9183,17025,11946,16337,,
2017-05-01,Cambridge Food Bank - Cambridge,992,2132,797,797,782,782,2.130434782608696,43.235884567126725,3,225,329,360,75,0,9183,17025,11946,16337,,
2017-05-01,Cambridge Vineyard - Urban Hope,2,4,2,0,2,0,2.0,,0,0,0,0,0,2,9183,17025,11946,16337,,
2017-05-01,Chandler Mowat Community Centre - Neighbourhood Food Program - House of Friendship,280,986,127,106,122,101,3.6557377049180326,44.179245283018865,0,50,77,121,11,21,9183,17025,11946,16337,,
2017-05-01,Christopher Champlain Resource Centre - Kinbridge Community Association,19,72,19,19,19,19,3.789473684210526,35.526315789473685,1,3,11,4,0,0,9183,17025,11946,16337,,
2017-05-01,Courtland Shelley Community Centre - Neighbourhood Food Program - House of Friendship,129,504,54,54,52,52,3.769230769230769,41.666666666666664,0,22,48,57,2,0,9183,17025,11946,16337,,
2017-05-01,Emergency Food Hamper Program - House of Friendship,2155,5650,1911,1911,1887,1887,2.677795442501325,43.274201988487704,4,452,751,773,175,0,9183,17025,11946,16337,,
2017-05-01,Emmanuel United Church - Waterloo Wayside ,99,149,63,52,61,50,1.4426229508196722,54.0,0,6,9,46,27,11,9183,17025,11946,16337,,
2017-05-01,Glencairn Mennonite Brethren Church,107,390,105,105,104,104,3.6634615384615383,47.84761904761905,1,9,34,49,14,0,9183,17025,11946,16337,,
2017-05-01,Kingdom Community International ,163,361,130,126,125,121,2.288,46.682539682539684,11,14,44,62,28,4,9183,17025,11946,16337,,
2017-05-01,Kingsdale Community Centre - Neighbourhood Food Program - House of Friendship,338,1019,209,208,202,201,3.00990099009901,46.31730769230769,3,44,120,123,47,1,9183,17025,11946,16337,,
2017-05-01,Kitchener Community Church and Family Care Centre,231,635,228,228,227,227,2.7400881057268722,45.15350877192982,1,38,70,107,15,0,9183,17025,11946,16337,,
2017-05-01,Langs,10,22,9,9,9,9,2.3333333333333335,43.0,0,2,2,6,0,0,9183,17025,11946,16337,,
2017-05-01,Paulander Community Centre - Camino Wellness + Mental Health,162,496,60,60,60,60,3.0833333333333335,49.6,0,9,48,84,21,0,9183,17025,11946,16337,,
2017-05-01,Ray of Hope,378,926,375,375,373,373,2.4691689008042896,46.792,0,47,130,170,31,0,9183,17025,11946,16337,,
2017-05-01,Salvation Army Cambridge,248,422,247,247,240,240,1.7208333333333334,43.45344129554656,0,49,76,120,3,0,9183,17025,11946,16337,,
2017-05-01,Southwood Resource Centre - Kinbridge Community Association,3,12,2,2,2,2,4.5,38.0,0,0,1,2,0,0,9183,17025,11946,16337,,
2017-05-01,St. Agnes Conference - Society of St. Vincent de Paul,21,61,21,21,21,21,2.9047619047619047,43.476190476190474,0,5,6,8,2,0,9183,17025,11946,16337,,
2017-05-01,St. Aloysius Parish Food Pantry,8,30,8,8,8,8,3.75,43.375,0,0,5,3,0,0,9183,17025,11946,16337,,
2017-05-01,St. Anthony Daniel Conference - Society of St. Vincent de Paul,46,119,45,44,45,44,2.577777777777778,44.29545454545455,1,7,18,13,6,1,9183,17025,11946,16337,,
2017-05-01,St. John's Church - Society of St. Vincent de Paul,45,109,45,45,45,45,2.422222222222222,43.71111111111111,0,7,15,21,2,0,9183,17025,11946,16337,,
2017-05-01,St. Michael's Church - Society of St. Vincent de Paul,50,132,47,42,47,42,2.6808510638297873,38.095238095238095,0,14,16,13,2,5,9183,17025,11946,16337,,
2017-05-01,Sunnydale Community Centre - Neighbourhood Food Program - House of Friendship,311,1337,111,107,110,106,4.172727272727273,41.91588785046729,1,45,132,109,20,4,9183,17025,11946,16337,,
2017-05-01,Supportive Housing YWCA (Lincoln Road),27,44,19,15,19,15,1.4736842105263157,46.333333333333336,0,3,9,10,1,4,9183,17025,11946,16337,,
2017-05-01,Traverse Independence,21,25,14,12,14,12,1.2857142857142858,44.416666666666664,0,2,6,11,0,2,9183,17025,11946,16337,,
2017-05-01,Wellesley Food Cupboard,11,45,11,6,11,6,4.090909090909091,35.166666666666664,1,2,2,0,1,5,9183,17025,11946,16337,,
2017-05-01,Wilmot & Wellesley Resource Centre,61,183,52,52,51,51,2.9019607843137254,43.65384615384615,0,13,18,21,9,0,9183,17025,11946,16337,,
2017-05-01,Woolwich Community Services,59,154,55,55,55,55,2.3636363636363638,44.127272727272725,0,13,16,25,5,0,9183,17025,11946,16337,,
2017-05-01,oneROOF Youth Services,58,85,42,42,42,42,1.5476190476190477,22.11904761904762,1,57,0,0,0,0,9183,17025,11946,16337,,
2017-06-01,Blessed Sacrament Catholic Church - Society of St. Vincent de Paul,110,351,109,109,109,109,3.128440366972477,45.027522935779814,0,18,37,49,6,0,9171,17103,11946,16322,,
2017-06-01,Cambridge Food Bank - Cambridge,898,1906,749,749,743,743,2.1090174966352624,42.78504672897196,5,218,299,305,71,0,9171,17103,11946,16322,,
2017-06-01,Chandler Mowat Community Centre - Neighbourhood Food Program - House of Friendship,363,1323,133,101,131,99,3.6259541984732824,43.693069306930695,0,68,104,136,23,32,9171,17103,11946,16322,,
2017-06-01,Christopher Champlain Resource Centre - Kinbridge Community Association,26,94,23,23,23,23,3.652173913043478,36.91304347826087,1,6,14,5,0,0,9171,17103,11946,16322,,
2017-06-01,Courtland Shelley Community Centre - Neighbourhood Food Program - House of Friendship,124,530,44,44,43,43,4.232558139534884,40.45454545454545,0,20,52,51,1,0,9171,17103,11946,16322,,
2017-06-01,Emergency Food Hamper Program - House of Friendship,1988,5323,1802,1802,1776,1776,2.6841216216216215,43.4850166481687,5,412,692,720,159,0,9171,17103,11946,16322,,
2017-06-01,Emmanuel United Church - Waterloo Wayside ,162,236,75,66,76,67,1.368421052631579,51.984848484848484,0,13,12,87,41,9,9171,17103,11946,16322,,
2017-06-01,Glencairn Mennonite Brethren Church,93,340,93,93,93,93,3.6559139784946235,50.086021505376344,0,6,30,42,15,0,9171,17103,11946,16322,,
2017-06-01,Kingdom Community International ,206,506,159,153,149,143,2.4630872483221475,46.66013071895425,12,21,56,71,40,6,9171,17103,11946,16322,,
2017-06-01,Kingsdale Community Centre - Neighbourhood Food Program - House of Friendship,376,1063,219,219,214,214,2.939252336448598,45.22374429223744,6,41,132,141,56,0,9171,17103,11946,16322,,
2017-06-01,Kitchener Community Church and Family Care Centre,231,622,228,228,227,227,2.7048458149779737,45.67982456140351,0,26,89,100,16,0,9171,17103,11946,16322,,
2017-06-01,Langs,4,5,4,4,4,4,1.25,47.75,0,1,0,3,0,0,9171,17103,11946,16322,,
2017-06-01,Paulander Community Centre - Camino Wellness + Mental Health,160,477,54,54,54,54,3.1296296296296298,50.833333333333336,0,4,48,83,25,0,9171,17103,11946,16322,,
2017-06-01,Ray of Hope,417,1001,416,416,413,413,2.404358353510896,46.69471153846154,1,55,134,190,37,0,9171,17103,11946,16322,,
2017-06-01,Salvation Army Cambridge,213,374,212,212,209,209,1.770334928229665,42.014150943396224,0,44,74,95,0,0,9171,17103,11946,16322,,
2017-06-01,Southwood Resource Centre - Kinbridge Community Association,7,21,7,7,7,7,3.0,39.857142857142854,1,1,2,2,1,0,9171,17103,11946,16322,,
2017-06-01,St. Agnes Conference - Society of St. Vincent de Paul,20,60,20,20,20,20,3.0,43.65,0,4,7,7,2,0,9171,17103,11946,16322,,
2017-06-01,St. Aloysius Parish Food Pantry,12,23,11,11,11,11,1.9090909090909092,42.09090909090909,1,2,4,5,0,0,9171,17103,11946,16322,,
2017-06-01,St. Anthony Daniel Conference - Society of St. Vincent de Paul,48,129,48,48,48,48,2.6875,48.208333333333336,0,2,20,19,7,0,9171,17103,11946,16322,,
2017-06-01,St. John's Church - Society of St. Vincent de Paul,61,150,61,61,61,61,2.459016393442623,44.18032786885246,0,15,15,26,5,0,9171,17103,11946,16322,,
2017-06-01,St. Michael's Church - Society of St. Vincent de Paul,54,158,51,49,51,49,3.0,43.44897959183673,0,9,19,21,3,2,9171,17103,11946,16322,,
2017-06-01,Sunnydale Community Centre - Neighbourhood Food Program - House of Friendship,387,1651,116,110,115,109,4.156521739130435,42.763636363636365,0,63,159,136,23,6,9171,17103,11946,16322,,
2017-06-01,Supportive Housing YWCA (Lincoln Road),17,22,12,9,12,9,1.3333333333333333,48.22222222222222,0,1,3,10,0,3,9171,17103,11946,16322,,
2017-06-01,Supportive Housing of Waterloo (SHOW),27,27,15,15,15,15,1.0,53.0,0,0,7,18,2,0,9171,17103,11946,16322,,
2017-06-01,Traverse Independence,25,25,13,10,13,10,1.0,46.2,0,3,6,13,0,3,9171,17103,11946,16322,,
2017-06-01,Wellesley Food Cupboard,17,67,16,12,16,12,3.75,36.583333333333336,0,7,3,2,1,4,9171,17103,11946,16322,,
2017-06-01,Wilmot & Wellesley Resource Centre,45,142,40,40,40,40,3.2,41.0,0,12,14,14,5,0,9171,17103,11946,16322,,
2017-06-01,Woolwich Community Services,61,141,61,61,61,61,2.3114754098360657,45.032786885245905,0,13,18,21,9,0,9171,17103,11946,16322,,
2017-06-01,oneROOF Youth Services,28,40,22,22,22,22,1.5454545454545454,22.227272727272727,1,27,0,0,0,0,9171,17103,11946,16322,,
2017-07-01,Blessed Sacrament Catholic Church - Society of St. Vincent de Paul,100,297,100,100,100,100,2.97,45.22,0,15,34,45,6,0,9148,17111,11887,16199,,
2017-07-01,Cambridge Food Bank - Cambridge,798,1682,679,678,669,668,2.1449925261584455,42.60324483775811,1,202,263,278,53,1,9148,17111,11887,16199,,
2017-07-01,Cambridge Vineyard - Urban Hope,68,133,55,32,55,32,2.090909090909091,47.28125,0,8,16,15,6,23,9148,17111,11887,16199,,
2017-07-01,Chandler Mowat Community Centre - Neighbourhood Food Program - House of Friendship,203,734,107,87,105,85,3.419047619047619,44.42528735632184,0,27,62,85,9,20,9148,17111,11887,16199,,
2017-07-01,Christopher Champlain Resource Centre - Kinbridge Community Association,22,91,17,17,17,17,4.176470588235294,36.0,0,6,12,4,0,0,9148,17111,11887,16199,,
2017-07-01,Courtland Shelley Community Centre - Neighbourhood Food Program - House of Friendship,123,535,45,45,44,44,4.181818181818182,41.266666666666666,0,18,59,44,2,0,9148,17111,11887,16199,,
2017-07-01,Emergency Food Hamper Program - House of Friendship,1834,5061,1661,1661,1645,1645,2.762917933130699,43.18663455749549,7,360,696,604,167,0,9148,17111,11887,16199,,
2017-07-01,Emmanuel United Church - Waterloo Wayside ,131,207,68,59,66,57,1.4545454545454546,52.779661016949156,0,10,7,70,35,9,9148,17111,11887,16199,,
2017-07-01,Glencairn Mennonite Brethren Church,101,394,100,100,99,99,3.9494949494949494,47.87,1,4,41,42,13,0,9148,17111,11887,16199,,
2017-07-01,Kingdom Community International ,157,438,131,130,125,124,2.848,46.33846153846154,2,12,59,66,17,1,9148,17111,11887,16199,,
2017-07-01,Kingsdale Community Centre - Neighbourhood Food Program - House of Friendship,259,745,175,174,173,172,2.901734104046243,45.98275862068966,1,33,90,91,43,1,9148,17111,11887,16199,,
2017-07-01,Kitchener Community Church and Family Care Centre,209,579,207,207,206,206,2.766990291262136,45.30434782608695,1,29,65,100,14,0,9148,17111,11887,16199,,
2017-07-01,Langs,3,4,3,3,3,3,1.3333333333333333,59.0,0,0,0,3,0,0,9148,17111,11887,16199,,
2017-07-01,Paulander Community Centre - Camino Wellness + Mental Health,160,523,59,59,59,59,3.389830508474576,50.067796610169495,0,3,41,91,25,0,9148,17111,11887,16199,,
2017-07-01,Ray of Hope,377,883,375,375,373,373,2.35656836461126,46.693333333333335,1,43,131,173,29,0,9148,17111,11887,16199,,
2017-07-01,Salvation Army Cambridge,182,311,182,182,179,179,1.7206703910614525,41.84065934065934,1,47,52,81,1,0,9148,17111,11887,16199,,
2017-07-01,Southwood Resource Centre - Kinbridge Community Association,4,18,4,4,4,4,4.5,39.25,0,0,4,0,0,0,9148,17111,11887,16199,,
2017-07-01,St. Agnes Conference - Society of St. Vincent de Paul,17,46,17,17,17,17,2.7058823529411766,43.0,0,5,4,7,1,0,9148,17111,11887,16199,,
2017-07-01,St. Aloysius Parish Food Pantry,2,3,2,2,2,2,1.5,36.0,0,0,2,0,0,0,9148,17111,11887,16199,,
2017-07-01,St. Anthony Daniel Conference - Society of St. Vincent de Paul,56,149,55,55,55,55,2.672727272727273,49.163636363636364,0,4,19,26,7,0,9148,17111,11887,16199,,
2017-07-01,St. John's Church - Society of St. Vincent de Paul,50,127,50,50,50,50,2.54,42.4,0,8,18,24,0,0,9148,17111,11887,16199,,
2017-07-01,St. Michael's Church - Society of St. Vincent de Paul,62,161,59,53,59,53,2.6440677966101696,43.283018867924525,0,8,21,25,2,6,9148,17111,11887,16199,,
2017-07-01,Sunnydale Community Centre - Neighbourhood Food Program - House of Friendship,311,1394,108,105,107,104,4.420560747663552,42.79047619047619,0,41,133,114,20,3,9148,17111,11887,16199,,
2017-07-01,Supportive Housing YWCA (Lincoln Road),29,48,19,15,19,15,1.5263157894736843,45.4,0,6,3,16,0,4,9148,17111,11887,16199,,
2017-07-01,Supportive Housing of Waterloo (SHOW),24,24,15,15,15,15,1.0,52.06666666666667,0,0,6,16,2,0,9148,17111,11887,16199,,
2017-07-01,Traverse Independence,30,30,14,12,14,12,1.0,51.333333333333336,0,2,5,20,1,2,9148,17111,11887,16199,,
2017-07-01,Wellesley Food Cupboard,12,58,12,9,12,9,4.833333333333333,36.666666666666664,0,3,5,0,1,3,9148,17111,11887,16199,,
2017-07-01,Wilmot & Wellesley Resource Centre,46,118,44,41,44,41,2.590909090909091,42.292682926829265,0,12,12,16,3,3,9148,17111,11887,16199,,
2017-07-01,Woolwich Community Services,61,138,60,60,60,60,2.216666666666667,44.21666666666667,0,15,18,21,7,0,9148,17111,11887,16199,,
2017-07-01,oneROOF Youth Services,87,135,51,51,52,52,1.6923076923076923,21.372549019607842,7,80,0,0,0,0,9148,17111,11887,16199,,
2017-08-01,Blessed Sacrament Catholic Church - Society of St. Vincent de Paul,107,332,107,107,107,107,3.102803738317757,44.925233644859816,0,12,42,51,2,0,9209,17284,11987,16412,,
2017-08-01,Cambridge Food Bank - Cambridge,915,2130,741,740,732,731,2.280054644808743,41.87162162162162,7,231,303,327,46,1,9209,17284,11987,16412,,
2017-08-01,Cambridge Vineyard - Urban Hope,25,42,21,7,21,7,1.6666666666666667,47.142857142857146,0,0,8,2,1,14,9209,17284,11987,16412,,
2017-08-01,Chandler Mowat Community Centre - Neighbourhood Food Program - House of Friendship,317,1115,141,104,138,101,3.4347826086956523,43.50961538461539,0,44,89,137,10,37,9209,17284,11987,16412,,
2017-08-01,Christopher Champlain Resource Centre - Kinbridge Community Association,41,149,35,35,35,35,3.7142857142857144,36.65714285714286,0,11,21,9,0,0,9209,17284,11987,16412,,
2017-08-01,Courtland Shelley Community Centre - Neighbourhood Food Program - House of Friendship,95,396,43,43,43,43,4.046511627906977,42.53488372093023,0,13,44,35,3,0,9209,17284,11987,16412,,
2017-08-01,Emergency Food Hamper Program - House of Friendship,2038,5560,1843,1841,1820,1818,2.743956043956044,43.01303639326453,12,422,739,676,187,2,9209,17284,11987,16412,,
2017-08-01,Emmanuel United Church - Waterloo Wayside ,154,266,75,63,74,62,1.6891891891891893,51.507936507936506,0,12,14,70,46,12,9209,17284,11987,16412,,
2017-08-01,Glencairn Mennonite Brethren Church,124,489,121,121,120,120,3.975,46.52066115702479,2,8,45,56,13,0,9209,17284,11987,16412,,
2017-08-01,Kingdom Community International ,226,760,165,165,154,154,3.207792207792208,42.86060606060606,13,25,94,73,21,0,9209,17284,11987,16412,,
2017-08-01,Kingsdale Community Centre - Neighbourhood Food Program - House of Friendship,364,1074,202,200,196,194,2.913265306122449,47.11,1,38,125,135,63,2,9209,17284,11987,16412,,
2017-08-01,Kitchener Community Church and Family Care Centre,236,690,230,230,230,230,2.882608695652174,43.86521739130435,0,43,78,103,12,0,9209,17284,11987,16412,,
2017-08-01,Langs,15,33,14,14,14,14,2.2857142857142856,43.42857142857143,0,2,6,7,0,0,9209,17284,11987,16412,,
2017-08-01,Paulander Community Centre - Camino Wellness + Mental Health,117,341,53,53,53,53,2.981132075471698,50.509433962264154,0,6,26,65,20,0,9209,17284,11987,16412,,
2017-08-01,Ray of Hope,369,908,369,369,367,367,2.455040871934605,46.50406504065041,1,48,123,168,29,0,9209,17284,11987,16412,,
2017-08-01,Salvation Army Cambridge,217,373,215,215,208,208,1.7307692307692308,43.91162790697675,3,41,66,102,5,0,9209,17284,11987,16412,,
2017-08-01,Southwood Resource Centre - Kinbridge Community Association,9,42,8,8,8,8,4.25,38.125,0,1,7,1,0,0,9209,17284,11987,16412,,
2017-08-01,St. Agnes Conference - Society of St. Vincent de Paul,28,100,28,28,28,28,3.5714285714285716,42.392857142857146,0,6,9,11,2,0,9209,17284,11987,16412,,
2017-08-01,St. Aloysius Parish Food Pantry,1,2,1,1,1,1,2.0,42.0,0,0,1,0,0,0,9209,17284,11987,16412,,
2017-08-01,St. Anthony Daniel Conference - Society of St. Vincent de Paul,62,156,61,61,61,61,2.5245901639344264,46.39344262295082,0,7,23,24,8,0,9209,17284,11987,16412,,
2017-08-01,St. John's Church - Society of St. Vincent de Paul,70,183,70,70,70,70,2.6142857142857143,42.57142857142857,0,12,25,29,4,0,9209,17284,11987,16412,,
2017-08-01,St. Michael's Church - Society of St. Vincent de Paul,51,158,46,41,46,41,3.217391304347826,40.0,1,10,16,15,4,5,9209,17284,11987,16412,,
2017-08-01,Sunnydale Community Centre - Neighbourhood Food Program - House of Friendship,382,1747,116,110,116,110,4.439655172413793,43.20909090909091,0,47,161,145,23,6,9209,17284,11987,16412,,
2017-08-01,Supportive Housing YWCA (Lincoln Road),26,41,15,14,15,14,1.7333333333333334,46.357142857142854,0,3,7,14,1,1,9209,17284,11987,16412,,
2017-08-01,Supportive Housing of Waterloo (SHOW),15,15,13,13,13,13,1.0,51.76923076923077,0,0,5,7,3,0,9209,17284,11987,16412,,
2017-08-01,Traverse Independence,27,27,16,12,16,12,1.0,44.916666666666664,0,1,8,14,0,4,9209,17284,11987,16412,,
2017-08-01,Wellesley Food Cupboard,15,69,13,9,13,9,4.923076923076923,28.0,0,8,3,0,0,4,9209,17284,11987,16412,,
2017-08-01,Wilmot & Wellesley Resource Centre,63,190,57,54,56,53,2.9642857142857144,44.407407407407405,0,13,18,22,7,3,9209,17284,11987,16412,,
2017-08-01,Woolwich Community Services,56,116,56,56,56,56,2.0714285714285716,44.732142857142854,0,14,15,21,6,0,9209,17284,11987,16412,,
2017-08-01,oneROOF Youth Services,77,139,63,63,62,62,1.8870967741935485,21.714285714285715,3,74,0,0,0,0,9209,17284,11987,16412,,
2017-09-01,Blessed Sacrament Catholic Church - Society of St. Vincent de Paul,104,313,104,104,104,104,3.0096153846153846,45.26923076923077,0,16,34,50,4,0,9164,17263,11988,16390,,
2017-09-01,Cambridge Food Bank - Cambridge,869,1915,696,696,676,676,2.220414201183432,42.706896551724135,7,204,293,314,51,0,9164,17263,11988,16390,,
2017-09-01,Chandler Mowat Community Centre - Neighbourhood Food Program - House of Friendship,279,960,138,97,132,91,3.303030303030303,44.350515463917525,0,35,72,118,13,41,9164,17263,11988,16390,,
2017-09-01,Christopher Champlain Resource Centre - Kinbridge Community Association,18,66,13,13,13,13,3.6153846153846154,39.0,1,2,6,9,0,0,9164,17263,11988,16390,,
2017-09-01,Courtland Shelley Community Centre - Neighbourhood Food Program - House of Friendship,113,452,40,40,40,40,3.95,41.7,0,14,52,45,2,0,9164,17263,11988,16390,,
2017-09-01,Emergency Food Hamper Program - House of Friendship,1729,4702,1587,1587,1568,1568,2.7506377551020407,43.911783238815374,6,335,623,575,190,0,9164,17263,11988,16390,,
2017-09-01,Emmanuel United Church - Waterloo Wayside ,118,193,56,53,55,52,1.690909090909091,54.283018867924525,0,11,10,60,34,3,9164,17263,11988,16390,,
2017-09-01,Glencairn Mennonite Brethren Church,99,339,97,95,94,92,3.404255319148936,49.51578947368421,1,3,33,47,13,2,9164,17263,11988,16390,,
2017-09-01,Kingdom Community International ,192,571,133,132,125,124,2.72,47.75,6,14,60,75,36,1,9164,17263,11988,16390,,
2017-09-01,Kingsdale Community Centre - Neighbourhood Food Program - House of Friendship,321,918,202,202,196,196,2.892857142857143,47.40594059405941,1,33,97,137,53,0,9164,17263,11988,16390,,
2017-09-01,Kitchener Community Church and Family Care Centre,207,573,206,206,206,206,2.7766990291262137,46.12621359223301,0,27,75,84,21,0,9164,17263,11988,16390,,
2017-09-01,Langs,7,23,7,7,6,6,2.8333333333333335,45.285714285714285,0,1,1,5,0,0,9164,17263,11988,16390,,
2017-09-01,Paulander Community Centre - Camino Wellness + Mental Health,126,411,51,51,51,51,3.176470588235294,51.666666666666664,0,5,30,72,19,0,9164,17263,11988,16390,,
2017-09-01,Ray of Hope,349,833,349,349,345,345,2.3768115942028984,47.088825214899714,2,41,110,161,35,0,9164,17263,11988,16390,,
2017-09-01,Salvation Army Cambridge,208,388,206,206,204,204,1.8774509803921569,42.52427184466019,0,51,63,89,5,0,9164,17263,11988,16390,,
2017-09-01,Southwood Resource Centre - Kinbridge Community Association,13,52,10,10,10,10,3.6,38.7,1,1,7,4,0,0,9164,17263,11988,16390,,
2017-09-01,St. Agnes Conference - Society of St. Vincent de Paul,24,79,24,24,24,24,3.2916666666666665,41.625,0,4,11,8,1,0,9164,17263,11988,16390,,
2017-09-01,St. Aloysius Parish Food Pantry,9,10,8,8,8,8,1.125,50.25,0,1,1,5,2,0,9164,17263,11988,16390,,
2017-09-01,St. Anthony Daniel Conference - Society of St. Vincent de Paul,48,128,48,48,48,48,2.6666666666666665,49.895833333333336,0,4,13,24,7,0,9164,17263,11988,16390,,
2017-09-01,St. John's Church - Society of St. Vincent de Paul,52,137,52,52,52,52,2.6346153846153846,44.92307692307692,0,6,17,28,1,0,9164,17263,11988,16390,,
2017-09-01,St. Michael's Church - Society of St. Vincent de Paul,58,180,53,50,53,50,3.169811320754717,41.56,0,11,20,22,2,3,9164,17263,11988,16390,,
2017-09-01,Sunnydale Community Centre - Neighbourhood Food Program - House of Friendship,299,1316,122,114,122,114,4.278688524590164,42.6140350877193,0,36,125,110,20,8,9164,17263,11988,16390,,
2017-09-01,Supportive Housing YWCA (Lincoln Road),21,34,13,12,13,12,1.7692307692307692,46.166666666666664,0,3,6,10,1,1,9164,17263,11988,16390,,
2017-09-01,Supportive Housing of Waterloo (SHOW),22,22,17,17,17,17,1.0,53.94117647058823,0,0,3,14,5,0,9164,17263,11988,16390,,
2017-09-01,Traverse Independence,19,19,13,10,13,10,1.0,48.0,0,2,2,12,0,3,9164,17263,11988,16390,,
2017-09-01,Wellesley Food Cupboard,12,52,10,7,10,7,4.7,26.428571428571427,0,7,2,0,0,3,9164,17263,11988,16390,,
2017-09-01,Wilmot & Wellesley Resource Centre,43,111,42,42,42,42,2.5714285714285716,44.714285714285715,0,9,10,21,3,0,9164,17263,11988,16390,,
2017-09-01,Woolwich Community Services,65,156,65,65,65,65,2.4,45.43076923076923,0,13,21,24,7,0,9164,17263,11988,16390,,
2017-09-01,oneROOF Youth Services,153,255,89,89,88,88,1.6704545454545454,22.10112359550562,1,152,0,0,0,0,9164,17263,11988,16390,,
2017-10-01,Blessed Sacrament Catholic Church - Society of St. Vincent de Paul,99,308,98,98,98,98,3.13265306122449,46.88775510204081,0,12,31,48,8,0,9089,17128,12031,16438,,
2017-10-01,Cambridge Food Bank - Cambridge,875,1852,712,711,700,699,2.177142857142857,41.48101265822785,7,223,304,298,42,1,9089,17128,12031,16438,,
2017-10-01,Cambridge Vineyard - Urban Hope,42,75,38,19,37,18,1.8108108108108107,41.68421052631579,0,4,10,7,2,19,9089,17128,12031,16438,,
2017-10-01,Chandler Mowat Community Centre - Neighbourhood Food Program - House of Friendship,278,851,149,103,142,96,2.8028169014084505,43.932038834951456,0,33,65,118,16,46,9089,17128,12031,16438,,
2017-10-01,Christopher Champlain Resource Centre - Kinbridge Community Association,27,100,22,22,22,22,3.909090909090909,39.18181818181818,0,4,13,10,0,0,9089,17128,12031,16438,,
2017-10-01,Courtland Shelley Community Centre - Neighbourhood Food Program - House of Friendship,122,477,51,49,50,48,3.72,42.183673469387756,0,12,56,49,3,2,9089,17128,12031,16438,,
2017-10-01,Emergency Food Hamper Program - House of Friendship,1763,4826,1619,1618,1606,1605,2.7571606475716064,43.92521631644005,5,348,635,570,204,1,9089,17128,12031,16438,,
2017-10-01,Emmanuel United Church - Waterloo Wayside ,133,229,65,62,65,62,1.7538461538461538,54.45161290322581,0,4,18,74,34,3,9089,17128,12031,16438,,
2017-10-01,Glencairn Mennonite Brethren Church,125,448,122,122,120,120,3.6333333333333333,49.50819672131148,1,5,41,60,18,0,9089,17128,12031,16438,,
2017-10-01,Kingdom Community International ,38,121,38,38,38,38,3.1842105263157894,41.76315789473684,2,8,11,14,3,0,9089,17128,12031,16438,,
2017-10-01,Kingsdale Community Centre - Neighbourhood Food Program - House of Friendship,278,835,180,179,178,177,3.1123595505617976,48.385474860335194,5,20,85,118,49,1,9089,17128,12031,16438,,
2017-10-01,Kitchener Community Church and Family Care Centre,237,669,232,232,231,231,2.8225108225108224,44.883620689655174,0,32,91,99,15,0,9089,17128,12031,16438,,
2017-10-01,Langs,10,25,9,9,9,9,2.4444444444444446,44.22222222222222,0,2,2,6,0,0,9089,17128,12031,16438,,
2017-10-01,Paulander Community Centre - Camino Wellness + Mental Health,161,537,60,60,60,60,3.55,48.68333333333333,0,4,49,80,28,0,9089,17128,12031,16438,,
2017-10-01,Ray of Hope,330,842,330,330,326,326,2.542944785276074,47.527272727272724,2,35,101,159,33,0,9089,17128,12031,16438,,
2017-10-01,Salvation Army Cambridge,199,379,199,199,196,196,1.9081632653061225,43.97989949748744,0,34,71,88,6,0,9089,17128,12031,16438,,
2017-10-01,Southwood Resource Centre - Kinbridge Community Association,8,35,7,7,7,7,4.285714285714286,39.714285714285715,0,0,6,2,0,0,9089,17128,12031,16438,,
2017-10-01,St. Agnes Conference - Society of St. Vincent de Paul,23,68,23,23,23,23,2.9565217391304346,47.608695652173914,0,2,7,13,1,0,9089,17128,12031,16438,,
2017-10-01,St. Aloysius Parish Food Pantry,7,16,7,7,7,7,2.2857142857142856,54.285714285714285,0,0,1,5,1,0,9089,17128,12031,16438,,
2017-10-01,St. Anthony Daniel Conference - Society of St. Vincent de Paul,74,190,72,72,72,72,2.5833333333333335,48.84722222222222,0,5,27,32,10,0,9089,17128,12031,16438,,
2017-10-01,St. John's Church - Society of St. Vincent de Paul,57,154,57,57,57,57,2.7017543859649122,44.75438596491228,1,4,23,26,3,0,9089,17128,12031,16438,,
2017-10-01,St. Michael's Church - Society of St. Vincent de Paul,65,206,57,53,58,54,3.0,44.83018867924528,0,9,26,21,5,4,9089,17128,12031,16438,,
2017-10-01,Sunnydale Community Centre - Neighbourhood Food Program - House of Friendship,240,1055,112,108,112,108,4.267857142857143,42.851851851851855,0,32,106,83,15,4,9089,17128,12031,16438,,
2017-10-01,Supportive Housing YWCA (Lincoln Road),29,53,19,17,19,17,1.7894736842105263,47.35294117647059,0,3,12,10,2,2,9089,17128,12031,16438,,
2017-10-01,Supportive Housing of Waterloo (SHOW),38,38,23,23,23,23,1.0,52.869565217391305,0,0,9,25,4,0,9089,17128,12031,16438,,
2017-10-01,Traverse Independence,35,37,16,14,16,14,1.0625,47.642857142857146,0,4,8,21,0,2,9089,17128,12031,16438,,
2017-10-01,Wellesley Food Cupboard,14,75,11,9,11,9,5.181818181818182,29.11111111111111,0,6,6,0,0,2,9089,17128,12031,16438,,
2017-10-01,Wilmot & Wellesley Resource Centre,52,158,42,42,42,42,2.9761904761904763,46.214285714285715,0,11,14,17,10,0,9089,17128,12031,16438,,
2017-10-01,Woolwich Community Services,63,152,63,63,63,63,2.4126984126984126,45.53968253968254,0,12,20,24,7,0,9089,17128,12031,16438,,
2017-10-01,oneROOF Youth Services,155,231,96,96,91,91,1.5274725274725274,21.53125,3,150,2,0,0,0,9089,17128,12031,16438,,
2017-11-01,Blessed Sacrament Catholic Church - Society of St. Vincent de Paul,111,352,111,111,111,111,3.171171171171171,44.468468468468465,0,14,45,46,6,0,9154,17309,12140,16624,,
2017-11-01,Cambridge Food Bank - Cambridge,1066,2275,822,822,804,804,2.146766169154229,42.98783454987834,10,227,375,392,62,0,9154,17309,12140,16624,,
2017-11-01,Cambridge Vineyard - Urban Hope,39,70,37,16,36,15,1.8055555555555556,47.25,0,3,8,3,4,21,9154,17309,12140,16624,,
2017-11-01,Chandler Mowat Community Centre - Neighbourhood Food Program - House of Friendship,382,1326,172,120,165,113,3.0242424242424244,45.05,0,48,106,154,22,52,9154,17309,12140,16624,,
2017-11-01,Christopher Champlain Resource Centre - Kinbridge Community Association,25,81,24,24,24,24,3.2916666666666665,34.458333333333336,1,7,13,4,0,0,9154,17309,12140,16624,,
2017-11-01,Courtland Shelley Community Centre - Neighbourhood Food Program - House of Friendship,115,467,42,42,42,42,3.9761904761904763,43.785714285714285,0,12,41,59,3,0,9154,17309,12140,16624,,
2017-11-01,Emergency Food Hamper Program - House of Friendship,2685,7606,2417,2417,2378,2378,2.8620689655172415,43.608191973520896,14,502,1002,901,266,0,9154,17309,12140,16624,,
2017-11-01,Emmanuel United Church - Waterloo Wayside ,113,235,52,51,52,51,1.7884615384615385,55.09803921568628,0,3,16,61,32,1,9154,17309,12140,16624,,
2017-11-01,Glencairn Mennonite Brethren Church,137,511,136,136,134,134,3.7611940298507465,47.169117647058826,1,11,50,61,14,0,9154,17309,12140,16624,,
2017-11-01,Kingdom Community International ,223,569,165,163,156,154,2.4551282051282053,47.04294478527607,4,22,72,86,37,2,9154,17309,12140,16624,,
2017-11-01,Kingsdale Community Centre - Neighbourhood Food Program - House of Friendship,359,1108,216,214,212,210,3.0660377358490565,47.700934579439256,4,28,126,145,54,2,9154,17309,12140,16624,,
2017-11-01,Kitchener Community Church and Family Care Centre,109,337,109,109,109,109,3.091743119266055,44.42201834862385,0,19,32,53,5,0,9154,17309,12140,16624,,
2017-11-01,Langs,6,13,6,6,6,6,2.1666666666666665,49.833333333333336,0,1,0,5,0,0,9154,17309,12140,16624,,
2017-11-01,Paulander Community Centre - Camino Wellness + Mental Health,176,585,60,60,60,60,3.4166666666666665,49.583333333333336,0,8,54,87,27,0,9154,17309,12140,16624,,
2017-11-01,Ray of Hope,362,931,361,361,358,358,2.5726256983240225,46.04432132963989,1,42,127,164,28,0,9154,17309,12140,16624,,
2017-11-01,Salvation Army Cambridge,205,358,205,205,198,198,1.7676767676767677,44.829268292682926,0,37,62,100,6,0,9154,17309,12140,16624,,
2017-11-01,Southwood Resource Centre - Kinbridge Community Association,18,69,11,11,11,11,4.0,39.36363636363637,0,1,14,3,0,0,9154,17309,12140,16624,,
2017-11-01,St. Agnes Conference - Society of St. Vincent de Paul,27,88,27,27,27,27,3.259259259259259,45.2962962962963,0,4,9,13,1,0,9154,17309,12140,16624,,
2017-11-01,St. Aloysius Parish Food Pantry,28,80,27,27,27,27,2.888888888888889,46.333333333333336,0,2,11,13,2,0,9154,17309,12140,16624,,
2017-11-01,St. Anthony Daniel Conference - Society of St. Vincent de Paul,141,425,137,137,136,136,3.014705882352941,46.21897810218978,2,11,46,74,8,0,9154,17309,12140,16624,,
2017-11-01,St. John's Church - Society of St. Vincent de Paul,56,133,55,55,55,55,2.327272727272727,45.30909090909091,0,10,13,29,4,0,9154,17309,12140,16624,,
2017-11-01,St. Michael's Church - Society of St. Vincent de Paul,69,221,59,58,59,58,3.2033898305084745,42.98275862068966,1,6,30,27,4,1,9154,17309,12140,16624,,
2017-11-01,Sunnydale Community Centre - Neighbourhood Food Program - House of Friendship,408,1816,113,111,112,110,4.366071428571429,42.585585585585584,0,55,174,154,23,2,9154,17309,12140,16624,,
2017-11-01,Supportive Housing YWCA (Lincoln Road),33,53,23,22,23,22,1.7391304347826086,47.90909090909091,0,3,9,17,3,1,9154,17309,12140,16624,,
2017-11-01,Supportive Housing of Waterloo (SHOW),43,43,23,23,23,23,1.0,51.65217391304348,0,0,11,29,3,0,9154,17309,12140,16624,,
2017-11-01,Traverse Independence,20,27,10,8,10,8,1.6,46.375,0,1,5,12,0,2,9154,17309,12140,16624,,
2017-11-01,Wellesley Food Cupboard,16,88,12,12,12,12,5.083333333333333,30.333333333333332,1,7,6,2,0,0,9154,17309,12140,16624,,
2017-11-01,Wilmot & Wellesley Resource Centre,68,178,60,60,59,59,2.6779661016949152,44.46666666666667,0,12,26,22,8,0,9154,17309,12140,16624,,
2017-11-01,Woolwich Community Services,80,195,79,79,79,79,2.4556962025316458,44.78481012658228,0,15,27,28,10,0,9154,17309,12140,16624,,
2017-11-01,oneROOF Youth Services,217,322,118,118,115,115,1.4173913043478261,21.33050847457627,12,205,0,0,0,0,9154,17309,12140,16624,,
2017-12-01,Blessed Sacrament Catholic Church - Society of St. Vincent de Paul,50,171,50,50,50,50,3.42,43.8,0,8,20,20,2,0,9186,17512,12151,16600,,
2017-12-01,Cambridge Food Bank - Cambridge,882,1979,655,655,638,638,2.2445141065830723,43.99541984732824,2,169,305,344,62,0,9186,17512,12151,16600,,
2017-12-01,Cambridge Vineyard - Urban Hope,29,42,27,11,27,11,1.4814814814814814,42.90909090909091,0,3,3,7,0,16,9186,17512,12151,16600,,
2017-12-01,Chandler Mowat Community Centre - Neighbourhood Food Program - House of Friendship,224,769,133,108,126,101,3.1031746031746033,44.28703703703704,0,38,66,81,14,25,9186,17512,12151,16600,,
2017-12-01,Christopher Champlain Resource Centre - Kinbridge Community Association,14,50,14,14,14,14,3.5714285714285716,37.214285714285715,1,2,6,5,0,0,9186,17512,12151,16600,,
2017-12-01,Courtland Shelley Community Centre - Neighbourhood Food Program - House of Friendship,61,263,34,34,34,34,4.235294117647059,43.73529411764706,0,7,26,25,3,0,9186,17512,12151,16600,,
2017-12-01,Emergency Food Hamper Program - House of Friendship,1882,5448,1594,1594,1556,1556,2.8374035989717226,44.826223337515685,5,272,708,689,208,0,9186,17512,12151,16600,,
2017-12-01,Emmanuel United Church - Waterloo Wayside ,100,221,53,51,54,52,1.9814814814814814,52.64705882352941,0,6,16,54,22,2,9186,17512,12151,16600,,
2017-12-01,Glencairn Mennonite Brethren Church,86,351,86,86,85,85,4.117647058823529,48.593023255813954,0,7,31,34,14,0,9186,17512,12151,16600,,
2017-12-01,Kingdom Community International ,217,726,161,153,150,142,3.1066666666666665,47.05882352941177,8,11,79,69,42,8,9186,17512,12151,16600,,
2017-12-01,Kingsdale Community Centre - Neighbourhood Food Program - House of Friendship,357,1079,264,260,260,256,3.1076923076923078,47.896153846153844,2,36,111,145,59,4,9186,17512,12151,16600,,
2017-12-01,Langs,7,14,6,6,6,6,2.0,52.0,0,0,1,6,0,0,9186,17512,12151,16600,,
2017-12-01,Paulander Community Centre - Camino Wellness + Mental Health,116,408,54,54,54,54,3.5,50.03703703703704,0,5,36,56,19,0,9186,17512,12151,16600,,
2017-12-01,Ray of Hope,345,876,342,342,339,339,2.5486725663716814,47.17251461988304,1,35,109,169,31,0,9186,17512,12151,16600,,
2017-12-01,Salvation Army Cambridge,108,205,108,108,107,107,1.9065420560747663,44.50925925925926,0,18,30,59,1,0,9186,17512,12151,16600,,
2017-12-01,Southwood Resource Centre - Kinbridge Community Association,3,17,3,3,3,3,5.666666666666667,42.666666666666664,0,0,2,1,0,0,9186,17512,12151,16600,,
2017-12-01,St. Agnes Conference - Society of St. Vincent de Paul,11,24,11,11,11,11,2.1818181818181817,43.09090909090909,0,3,3,4,1,0,9186,17512,12151,16600,,
2017-12-01,St. Aloysius Parish Food Pantry,12,32,12,12,12,12,2.6666666666666665,51.0,0,0,5,5,2,0,9186,17512,12151,16600,,
2017-12-01,St. Anthony Daniel Conference - Society of St. Vincent de Paul,49,148,49,49,49,49,3.020408163265306,49.08163265306123,0,2,20,22,5,0,9186,17512,12151,16600,,
2017-12-01,St. John's Church - Society of St. Vincent de Paul,35,98,34,34,34,34,2.7941176470588234,43.94117647058823,0,4,14,16,1,0,9186,17512,12151,16600,,
2017-12-01,St. Michael's Church - Society of St. Vincent de Paul,38,127,36,36,36,36,3.3333333333333335,44.138888888888886,0,8,12,15,3,0,9186,17512,12151,16600,,
2017-12-01,Sunnydale Community Centre - Neighbourhood Food Program - House of Friendship,251,1129,110,106,110,106,4.372727272727273,42.509433962264154,1,26,115,91,14,4,9186,17512,12151,16600,,
2017-12-01,Supportive Housing YWCA (Lincoln Road),28,44,18,16,18,16,1.5,51.0625,0,2,6,16,2,2,9186,17512,12151,16600,,
2017-12-01,Supportive Housing of Waterloo (SHOW),40,40,22,22,22,22,1.0,50.59090909090909,0,0,11,24,5,0,9186,17512,12151,16600,,
2017-12-01,Traverse Independence,28,30,17,14,17,14,1.0588235294117647,48.857142857142854,0,1,7,17,0,3,9186,17512,12151,16600,,
2017-12-01,Wellesley Food Cupboard,9,53,8,4,8,4,5.5,38.75,0,0,4,1,0,4,9186,17512,12151,16600,,
2017-12-01,Wilmot & Wellesley Resource Centre,12,25,12,12,12,12,2.0833333333333335,43.583333333333336,0,2,4,6,0,0,9186,17512,12151,16600,,
2017-12-01,Woolwich Community Services,40,122,40,40,40,40,3.05,44.425,0,7,15,14,4,0,9186,17512,12151,16600,,
2017-12-01,oneROOF Youth Services,121,224,76,76,76,76,1.868421052631579,21.61842105263158,2,119,0,0,0,0,9186,17512,12151,16600,,
2018-01-01,Blessed Sacrament Catholic Church - Society of St. Vincent de Paul,93,283,93,93,93,93,3.043010752688172,45.39784946236559,0,15,30,42,6,0,9239,17519,12163,16646,,
2018-01-01,Cambridge Food Bank - Cambridge,1097,2309,826,826,809,809,2.131025957972806,42.51937046004843,8,255,366,409,59,0,9239,17519,12163,16646,,
2018-01-01,Cambridge Vineyard - Urban Hope,67,116,53,30,53,30,1.7735849056603774,49.9,0,4,16,15,9,23,9239,17519,12163,16646,,
2018-01-01,Chandler Mowat Community Centre - Neighbourhood Food Program - House of Friendship,190,683,111,100,105,94,3.4571428571428573,45.19,0,33,54,83,9,11,9239,17519,12163,16646,,
2018-01-01,Christopher Champlain Resource Centre - Kinbridge Community Association,23,90,22,22,22,22,3.9545454545454546,34.68181818181818,1,5,13,4,0,0,9239,17519,12163,16646,,
2018-01-01,Courtland Shelley Community Centre - Neighbourhood Food Program - House of Friendship,86,343,38,38,37,37,4.108108108108108,43.13157894736842,0,10,33,38,5,0,9239,17519,12163,16646,,
2018-01-01,Emergency Food Hamper Program - House of Friendship,2123,5654,1832,1832,1802,1802,2.7197558268590454,42.88646288209607,5,456,753,739,170,0,9239,17519,12163,16646,,
2018-01-01,Emmanuel United Church - Waterloo Wayside ,81,152,48,48,47,47,1.8085106382978724,53.395833333333336,0,4,8,51,18,0,9239,17519,12163,16646,,
2018-01-01,Glencairn Mennonite Brethren Church,99,352,96,96,94,94,3.606382978723404,49.479166666666664,1,4,34,47,13,0,9239,17519,12163,16646,,
2018-01-01,Kingdom Community International ,219,717,176,175,164,163,2.975609756097561,47.394285714285715,4,13,77,90,34,1,9239,17519,12163,16646,,
2018-01-01,Kingsdale Community Centre - Neighbourhood Food Program - House of Friendship,227,709,166,166,162,162,3.049382716049383,47.45783132530121,0,24,84,86,33,0,9239,17519,12163,16646,,
2018-01-01,Kitchener Community Church and Family Care Centre,163,438,163,163,162,162,2.691358024691358,47.3680981595092,0,16,55,79,13,0,9239,17519,12163,16646,,
2018-01-01,Langs,17,46,14,14,14,14,2.7857142857142856,42.785714285714285,0,6,5,6,0,0,9239,17519,12163,16646,,
2018-01-01,Paulander Community Centre - Camino Wellness + Mental Health,153,515,58,58,57,57,3.6491228070175437,47.93103448275862,0,7,48,80,18,0,9239,17519,12163,16646,,
2018-01-01,Ray of Hope,366,987,366,366,362,362,2.6988950276243093,46.22677595628415,2,36,132,166,30,0,9239,17519,12163,16646,,
2018-01-01,Salvation Army Cambridge,293,531,292,292,284,284,1.8345070422535212,44.784246575342465,1,50,92,144,6,0,9239,17519,12163,16646,,
2018-01-01,Southwood Resource Centre - Kinbridge Community Association,6,25,6,6,6,6,4.166666666666667,41.166666666666664,0,0,5,1,0,0,9239,17519,12163,16646,,
2018-01-01,St. Agnes Conference - Society of St. Vincent de Paul,22,55,22,22,22,22,2.5,43.95454545454545,0,4,7,10,1,0,9239,17519,12163,16646,,
2018-01-01,St. Aloysius Parish Food Pantry,16,40,16,16,16,16,2.5,50.0,0,0,6,9,1,0,9239,17519,12163,16646,,
2018-01-01,St. Anthony Daniel Conference - Society of St. Vincent de Paul,42,105,42,42,42,42,2.5,48.595238095238095,0,2,15,20,5,0,9239,17519,12163,16646,,
2018-01-01,St. John's Church - Society of St. Vincent de Paul,72,191,70,69,70,69,2.6714285714285713,43.85507246376812,0,14,21,34,2,1,9239,17519,12163,16646,,
2018-01-01,St. Michael's Church - Society of St. Vincent de Paul,79,241,74,70,74,70,3.054054054054054,43.2,1,13,26,31,4,4,9239,17519,12163,16646,,
2018-01-01,Sunnydale Community Centre - Neighbourhood Food Program - House of Friendship,239,1056,107,106,105,104,4.466666666666667,42.77358490566038,0,28,110,88,12,1,9239,17519,12163,16646,,
2018-01-01,Supportive Housing YWCA (Lincoln Road),36,71,26,21,26,21,1.7692307692307692,46.904761904761905,0,8,10,11,2,5,9239,17519,12163,16646,,
2018-01-01,Supportive Housing of Waterloo (SHOW),41,41,26,26,26,26,1.0,53.69230769230769,0,0,10,25,6,0,9239,17519,12163,16646,,
2018-01-01,Traverse Independence,39,60,27,13,27,13,1.7407407407407407,51.23076923076923,0,0,9,16,0,14,9239,17519,12163,16646,,
2018-01-01,Wellesley Food Cupboard,19,103,13,12,13,12,4.923076923076923,35.166666666666664,0,4,13,1,0,1,9239,17519,12163,16646,,
2018-01-01,Wilmot & Wellesley Resource Centre,44,105,40,40,41,41,2.1951219512195124,41.0,1,12,13,13,5,0,9239,17519,12163,16646,,
2018-01-01,Woolwich Community Services,52,134,52,52,52,52,2.576923076923077,44.0,0,14,15,16,7,0,9239,17519,12163,16646,,
2018-01-01,oneROOF Youth Services,193,302,107,107,106,106,1.4622641509433962,21.682242990654206,7,184,1,0,0,1,9239,17519,12163,16646,,
2018-02-01,Blessed Sacrament Catholic Church - Society of St. Vincent de Paul,83,252,83,83,83,83,3.036144578313253,45.6144578313253,0,11,27,42,3,0,9329,17703,12239,16789,,
2018-02-01,Cambridge Food Bank - Cambridge,882,1899,700,700,685,685,2.1795620437956202,43.037142857142854,6,195,286,339,56,0,9329,17703,12239,16789,,
2018-02-01,Cambridge Vineyard - Urban Hope,40,80,34,16,34,16,2.0588235294117645,46.8125,0,2,10,8,2,18,9329,17703,12239,16789,,
2018-02-01,Chandler Mowat Community Centre - Neighbourhood Food Program - House of Friendship,264,977,106,99,104,97,3.673076923076923,44.111111111111114,0,46,97,97,17,7,9329,17703,12239,16789,,
2018-02-01,Christopher Champlain Resource Centre - Kinbridge Community Association,11,28,9,9,9,9,2.6666666666666665,33.666666666666664,1,3,4,3,0,0,9329,17703,12239,16789,,
2018-02-01,Courtland Shelley Community Centre - Neighbourhood Food Program - House of Friendship,144,522,100,100,97,97,3.3195876288659796,46.98,0,18,49,65,12,0,9329,17703,12239,16789,,
2018-02-01,Emergency Food Hamper Program - House of Friendship,1875,5122,1703,1703,1678,1678,2.769368295589988,43.32883147386964,6,379,686,648,156,0,9329,17703,12239,16789,,
2018-02-01,Emmanuel United Church - Waterloo Wayside ,106,185,51,50,50,49,1.7,52.54,0,6,23,51,25,1,9329,17703,12239,16789,,
2018-02-01,Glencairn Mennonite Brethren Church,105,395,105,105,102,102,3.7745098039215685,48.61904761904762,2,5,37,49,12,0,9329,17703,12239,16789,,
2018-02-01,Kingdom Community International ,90,301,82,76,78,72,3.41025641025641,43.11842105263158,5,11,33,25,10,6,9329,17703,12239,16789,,
2018-02-01,Kingsdale Community Centre - Neighbourhood Food Program - House of Friendship,230,716,174,171,172,169,3.1627906976744184,48.40350877192982,1,18,84,84,40,3,9329,17703,12239,16789,,
2018-02-01,Kitchener Community Church and Family Care Centre,176,515,176,176,175,175,2.88,45.41477272727273,0,25,57,82,12,0,9329,17703,12239,16789,,
2018-02-01,Langs,16,45,14,14,14,14,2.642857142857143,40.142857142857146,0,3,7,6,0,0,9329,17703,12239,16789,,
2018-02-01,Paulander Community Centre - Camino Wellness + Mental Health,109,338,51,51,49,49,3.0816326530612246,50.21568627450981,0,4,31,59,15,0,9329,17703,12239,16789,,
2018-02-01,Ray of Hope,316,846,316,316,313,313,2.6613418530351436,46.462025316455694,1,35,110,145,25,0,9329,17703,12239,16789,,
2018-02-01,Salvation Army Cambridge,272,460,269,269,262,262,1.7061068702290076,44.74721189591078,0,47,87,132,6,0,9329,17703,12239,16789,,
2018-02-01,Southwood Resource Centre - Kinbridge Community Association,11,40,8,8,8,8,3.875,36.625,0,2,7,2,0,0,9329,17703,12239,16789,,
2018-02-01,St. Agnes Conference - Society of St. Vincent de Paul,26,64,26,25,26,25,2.4615384615384617,45.6,0,5,6,13,1,1,9329,17703,12239,16789,,
2018-02-01,St. Aloysius Parish Food Pantry,16,34,14,14,14,14,2.2142857142857144,45.214285714285715,0,2,3,11,0,0,9329,17703,12239,16789,,
2018-02-01,St. Anthony Daniel Conference - Society of St. Vincent de Paul,47,126,46,46,46,46,2.6956521739130435,48.45652173913044,0,4,16,21,6,0,9329,17703,12239,16789,,
2018-02-01,St. John's Church - Society of St. Vincent de Paul,46,131,45,45,44,44,2.8636363636363638,45.22222222222222,0,5,19,20,2,0,9329,17703,12239,16789,,
2018-02-01,St. Michael's Church - Society of St. Vincent de Paul,64,187,58,56,58,56,2.913793103448276,41.357142857142854,0,17,20,22,3,2,9329,17703,12239,16789,,
2018-02-01,Sunnydale Community Centre - Neighbourhood Food Program - House of Friendship,311,1396,109,106,108,105,4.37037037037037,42.31132075471698,0,35,153,106,14,3,9329,17703,12239,16789,,
2018-02-01,Supportive Housing YWCA (Lincoln Road),11,16,10,9,10,9,1.5,48.111111111111114,0,1,3,4,2,1,9329,17703,12239,16789,,
2018-02-01,Supportive Housing of Waterloo (SHOW),38,38,22,22,22,22,1.0,51.81818181818182,0,0,11,23,4,0,9329,17703,12239,16789,,
2018-02-01,Traverse Independence,51,66,29,12,29,12,1.4827586206896552,49.5,0,0,12,22,0,17,9329,17703,12239,16789,,
2018-02-01,Wellesley Food Cupboard,11,54,10,8,10,8,4.9,34.125,0,4,4,1,0,2,9329,17703,12239,16789,,
2018-02-01,Wilmot & Wellesley Resource Centre,55,131,49,46,49,46,2.4081632653061225,41.80434782608695,0,12,20,13,7,3,9329,17703,12239,16789,,
2018-02-01,Woolwich Community Services,58,137,57,57,57,57,2.3859649122807016,45.31578947368421,0,11,19,22,6,0,9329,17703,12239,16789,,
2018-02-01,oneROOF Youth Services,115,183,70,70,70,70,1.6142857142857143,21.985714285714284,3,111,1,0,0,0,9329,17703,12239,16789,,
2018-03-01,Blessed Sacrament Catholic Church - Society of St. Vincent de Paul,95,304,95,95,95,95,3.2,43.463157894736845,0,16,35,40,4,0,9230,17567,12308,16870,,
2018-03-01,Cambridge Food Bank - Cambridge,972,2122,761,761,742,742,2.1684636118598384,43.28815789473684,5,199,320,389,58,1,9230,17567,12308,16870,,
2018-03-01,Cambridge Vineyard - Urban Hope,36,71,34,11,34,11,2.0294117647058822,48.18181818181818,0,1,4,7,1,23,9230,17567,12308,16870,,
2018-03-01,Chandler Mowat Community Centre - Neighbourhood Food Program - House of Friendship,340,1372,119,113,110,104,3.8636363636363638,44.123893805309734,2,58,110,145,19,6,9230,17567,12308,16870,,
2018-03-01,Christopher Champlain Resource Centre - Kinbridge Community Association,13,43,12,12,12,12,3.3333333333333335,41.416666666666664,0,3,4,6,0,0,9230,17567,12308,16870,,
2018-03-01,Courtland Shelley Community Centre - Neighbourhood Food Program - House of Friendship,194,729,119,119,118,118,3.542372881355932,45.90756302521008,3,16,75,87,13,0,9230,17567,12308,16870,,
2018-03-01,Emergency Food Hamper Program - House of Friendship,1920,4968,1721,1721,1697,1697,2.6328815556865055,43.90523255813954,3,378,704,659,175,1,9230,17567,12308,16870,,
2018-03-01,Emmanuel United Church - Waterloo Wayside ,156,280,75,75,74,74,1.6486486486486487,50.17333333333333,0,16,25,84,31,0,9230,17567,12308,16870,,
2018-03-01,Glencairn Mennonite Brethren Church,122,449,121,121,119,119,3.672268907563025,48.710743801652896,1,7,41,58,15,0,9230,17567,12308,16870,,
2018-03-01,Kingdom Community International ,83,296,79,78,76,75,3.6315789473684212,46.85897435897436,1,6,36,29,10,1,9230,17567,12308,16870,,
2018-03-01,Kingsdale Community Centre - Neighbourhood Food Program - House of Friendship,247,713,166,166,163,163,2.9447852760736195,49.2289156626506,2,19,79,92,55,0,9230,17567,12308,16870,,
2018-03-01,Kitchener Community Church and Family Care Centre,205,532,203,203,203,203,2.605911330049261,46.881773399014776,0,31,55,96,23,0,9230,17567,12308,16870,,
2018-03-01,Langs,14,34,12,12,12,12,2.5,46.0,0,2,4,8,0,0,9230,17567,12308,16870,,
2018-03-01,Paulander Community Centre - Camino Wellness + Mental Health,164,567,60,60,58,58,3.5517241379310347,48.68333333333333,0,8,47,90,19,0,9230,17567,12308,16870,,
2018-03-01,Ray of Hope,358,944,356,356,352,352,2.6619318181818183,46.61797752808989,0,39,120,168,31,0,9230,17567,12308,16870,,
2018-03-01,Salvation Army Cambridge,260,446,259,259,252,252,1.7222222222222223,44.604651162790695,0,40,83,134,2,1,9230,17567,12308,16870,,
2018-03-01,Southwood Resource Centre - Kinbridge Community Association,5,23,5,5,5,5,4.6,35.4,0,1,3,1,0,0,9230,17567,12308,16870,,
2018-03-01,St. Agnes Conference - Society of St. Vincent de Paul,33,98,33,33,33,33,2.9696969696969697,43.84848484848485,0,6,13,12,2,0,9230,17567,12308,16870,,
2018-03-01,St. Aloysius Parish Food Pantry,15,26,14,14,14,14,1.7142857142857142,46.42857142857143,0,1,6,8,0,0,9230,17567,12308,16870,,
2018-03-01,St. Anthony Daniel Conference - Society of St. Vincent de Paul,48,139,48,48,48,48,2.8958333333333335,46.666666666666664,0,3,22,18,5,0,9230,17567,12308,16870,,
2018-03-01,St. John's Church - Society of St. Vincent de Paul,54,135,54,54,54,54,2.5,43.0,1,9,17,27,0,0,9230,17567,12308,16870,,
2018-03-01,St. Michael's Church - Society of St. Vincent de Paul,56,158,52,50,51,49,2.8627450980392157,41.96,2,9,22,19,2,2,9230,17567,12308,16870,,
2018-03-01,Sunnydale Community Centre - Neighbourhood Food Program - House of Friendship,368,1603,107,106,107,106,4.177570093457944,41.9811320754717,0,38,183,126,20,1,9230,17567,12308,16870,,
2018-03-01,Supportive Housing YWCA (Lincoln Road),17,31,13,13,13,13,1.9230769230769231,45.46153846153846,1,0,8,6,2,0,9230,17567,12308,16870,,
2018-03-01,Supportive Housing of Waterloo (SHOW),46,46,22,22,22,22,1.0,52.22727272727273,0,0,12,30,4,0,9230,17567,12308,16870,,
2018-03-01,Traverse Independence,35,37,24,13,24,13,1.0833333333333333,51.53846153846154,0,0,5,19,0,11,9230,17567,12308,16870,,
2018-03-01,Wellesley Food Cupboard,19,106,16,16,13,13,5.230769230769231,29.4375,3,6,8,2,0,0,9230,17567,12308,16870,,
2018-03-01,Wilmot & Wellesley Resource Centre,48,92,37,37,37,37,2.054054054054054,46.7027027027027,0,8,18,15,7,0,9230,17567,12308,16870,,
2018-03-01,Woolwich Community Services,63,152,62,62,62,62,2.3870967741935485,46.04838709677419,0,12,16,25,10,0,9230,17567,12308,16870,,
2018-03-01,oneROOF Youth Services,98,160,68,68,67,67,1.6119402985074627,21.71641791044776,7,90,0,0,0,1,9230,17567,12308,16870,,
2018-04-01,Blessed Sacrament Catholic Church - Society of St. Vincent de Paul,88,280,88,88,88,88,3.1818181818181817,45.03409090909091,0,12,30,42,4,0,9242,17604,12242,16716,,
2018-04-01,Cambridge Food Bank - Cambridge,911,1931,717,715,708,706,2.139830508474576,43.07703081232493,3,206,324,317,58,3,9242,17604,12242,16716,,
2018-04-01,Cambridge Vineyard - Urban Hope,62,128,54,25,53,24,2.1132075471698113,50.12,0,1,15,9,8,29,9242,17604,12242,16716,,
2018-04-01,Chandler Mowat Community Centre - Neighbourhood Food Program - House of Friendship,324,1182,147,123,139,115,3.4532374100719423,44.479674796747965,0,47,100,132,21,24,9242,17604,12242,16716,,
2018-04-01,Christopher Champlain Resource Centre - Kinbridge Community Association,22,66,19,19,19,19,3.0,41.1578947368421,0,5,10,7,0,0,9242,17604,12242,16716,,
2018-04-01,Courtland Shelley Community Centre - Neighbourhood Food Program - House of Friendship,105,414,54,54,54,54,3.7037037037037037,45.2037037037037,1,13,36,47,8,0,9242,17604,12242,16716,,
2018-04-01,Emergency Food Hamper Program - House of Friendship,1701,4650,1546,1546,1528,1528,2.75,43.52069857697283,4,346,629,560,162,0,9242,17604,12242,16716,,
2018-04-01,Emmanuel United Church - Waterloo Wayside ,143,263,77,73,76,72,1.605263157894737,51.50684931506849,0,11,27,76,25,4,9242,17604,12242,16716,,
2018-04-01,Glencairn Mennonite Brethren Church,102,365,102,102,100,100,3.59,48.98039215686274,1,6,31,52,12,0,9242,17604,12242,16716,,
2018-04-01,Kingdom Community International ,72,207,67,67,66,66,2.909090909090909,46.74626865671642,3,5,23,31,10,0,9242,17604,12242,16716,,
2018-04-01,Kingsdale Community Centre - Neighbourhood Food Program - House of Friendship,269,794,182,178,177,173,2.9661016949152543,47.848314606741575,2,16,101,104,42,4,9242,17604,12242,16716,,
2018-04-01,Kitchener Community Church and Family Care Centre,173,512,172,172,172,172,2.9709302325581395,44.43604651162791,2,28,53,79,11,0,9242,17604,12242,16716,,
2018-04-01,Langs,15,42,14,14,14,14,2.7142857142857144,50.285714285714285,0,0,5,10,0,0,9242,17604,12242,16716,,
2018-04-01,Paulander Community Centre - Camino Wellness + Mental Health,143,485,52,52,52,52,3.576923076923077,48.73076923076923,0,8,42,75,18,0,9242,17604,12242,16716,,
2018-04-01,Ray of Hope,368,975,366,366,364,364,2.6483516483516483,46.30054644808743,0,37,135,163,33,0,9242,17604,12242,16716,,
2018-04-01,Salvation Army Cambridge,249,449,246,246,243,243,1.823045267489712,45.40243902439025,0,36,85,122,6,0,9242,17604,12242,16716,,
2018-04-01,Southwood Resource Centre - Kinbridge Community Association,5,25,5,5,5,5,5.0,36.4,0,1,3,1,0,0,9242,17604,12242,16716,,
2018-04-01,St. Agnes Conference - Society of St. Vincent de Paul,17,53,17,17,17,17,3.1176470588235294,49.529411764705884,0,2,3,10,2,0,9242,17604,12242,16716,,
2018-04-01,St. Aloysius Parish Food Pantry,15,22,15,15,15,15,1.4666666666666666,43.06666666666667,0,2,7,6,0,0,9242,17604,12242,16716,,
2018-04-01,St. Anthony Daniel Conference - Society of St. Vincent de Paul,49,123,49,49,48,48,2.4791666666666665,51.0,0,4,9,26,10,0,9242,17604,12242,16716,,
2018-04-01,St. John's Church - Society of St. Vincent de Paul,55,141,52,52,52,52,2.6153846153846154,43.78846153846154,0,8,21,23,3,0,9242,17604,12242,16716,,
2018-04-01,St. Michael's Church - Society of St. Vincent de Paul,58,176,55,53,55,53,3.036363636363636,40.35849056603774,1,12,22,19,2,2,9242,17604,12242,16716,,
2018-04-01,Sunnydale Community Centre - Neighbourhood Food Program - House of Friendship,297,1284,104,104,102,102,4.1568627450980395,41.89423076923077,0,36,151,91,19,0,9242,17604,12242,16716,,
2018-04-01,Supportive Housing YWCA (Lincoln Road),21,36,17,15,17,15,1.7647058823529411,50.2,0,1,5,11,2,2,9242,17604,12242,16716,,
2018-04-01,Supportive Housing of Waterloo (SHOW),46,46,24,24,24,24,1.0,52.791666666666664,0,0,14,29,3,0,9242,17604,12242,16716,,
2018-04-01,Traverse Independence,30,35,20,13,20,13,1.25,50.07692307692308,0,0,5,18,0,7,9242,17604,12242,16716,,
2018-04-01,Wellesley Food Cupboard,9,52,7,7,7,7,4.857142857142857,36.714285714285715,0,2,6,1,0,0,9242,17604,12242,16716,,
2018-04-01,Wilmot & Wellesley Resource Centre,39,95,34,34,34,34,2.3823529411764706,44.35294117647059,0,7,15,11,6,0,9242,17604,12242,16716,,
2018-04-01,Woolwich Community Services,60,148,59,59,59,59,2.4915254237288136,45.016949152542374,0,13,19,20,8,0,9242,17604,12242,16716,,
2018-04-01,oneROOF Youth Services,134,192,79,79,78,78,1.5256410256410255,22.037974683544302,8,124,2,0,0,0,9242,17604,12242,16716,,
2018-05-01,Blessed Sacrament Catholic Church - Society of St. Vincent de Paul,99,312,99,99,99,99,3.1515151515151514,44.16161616161616,0,12,40,44,3,0,9341,17791,12419,17028,,
2018-05-01,Cambridge Food Bank - Cambridge,1097,2181,860,860,842,842,2.053444180522565,42.60697674418605,4,272,374,374,73,0,9341,17791,12419,17028,,
2018-05-01,Chandler Mowat Community Centre - Neighbourhood Food Program - House of Friendship,420,1510,158,127,153,122,3.418300653594771,44.1496062992126,0,59,129,179,22,31,9341,17791,12419,17028,,
2018-05-01,Christopher Champlain Resource Centre - Kinbridge Community Association,15,50,12,12,12,12,3.3333333333333335,37.5,0,3,9,3,0,0,9341,17791,12419,17028,,
2018-05-01,Courtland Shelley Community Centre - Neighbourhood Food Program - House of Friendship,140,574,51,51,51,51,3.803921568627451,42.01960784313726,0,16,55,65,4,0,9341,17791,12419,17028,,
2018-05-01,Emergency Food Hamper Program - House of Friendship,1880,5043,1662,1662,1641,1641,2.724558196221816,43.75812274368231,3,349,692,668,168,0,9341,17791,12419,17028,,
2018-05-01,Emmanuel United Church - Waterloo Wayside ,162,289,60,59,59,58,1.7627118644067796,53.86440677966102,0,13,21,87,40,1,9341,17791,12419,17028,,
2018-05-01,Glencairn Mennonite Brethren Church,65,245,65,65,63,63,3.857142857142857,48.47692307692308,1,3,25,27,9,0,9341,17791,12419,17028,,
2018-05-01,Kingdom Community International ,182,491,146,146,142,142,2.8028169014084505,47.4041095890411,2,20,53,71,36,0,9341,17791,12419,17028,,
2018-05-01,Kingsdale Community Centre - Neighbourhood Food Program - House of Friendship,302,896,199,199,190,190,3.0210526315789474,47.98994974874372,7,19,96,128,52,0,9341,17791,12419,17028,,
2018-05-01,Kitchener Community Church and Family Care Centre,205,551,202,202,201,201,2.6965174129353233,45.975247524752476,1,21,72,89,22,0,9341,17791,12419,17028,,
2018-05-01,Langs,14,41,14,14,14,14,2.9285714285714284,42.357142857142854,0,5,3,6,0,0,9341,17791,12419,17028,,
2018-05-01,Paulander Community Centre - Camino Wellness + Mental Health,125,425,58,58,58,58,3.4827586206896552,49.775862068965516,0,7,36,66,16,0,9341,17791,12419,17028,,
2018-05-01,Ray of Hope,332,872,332,332,331,331,2.6314199395770395,47.58734939759036,3,25,111,158,35,0,9341,17791,12419,17028,,
2018-05-01,Salvation Army Cambridge,277,512,274,274,270,270,1.8518518518518519,44.37956204379562,0,49,90,130,8,0,9341,17791,12419,17028,,
2018-05-01,Southwood Resource Centre - Kinbridge Community Association,12,63,8,8,8,8,4.875,41.75,0,0,10,2,0,0,9341,17791,12419,17028,,
2018-05-01,St. Agnes Conference - Society of St. Vincent de Paul,24,76,23,23,23,23,3.0869565217391304,45.17391304347826,0,2,9,12,1,0,9341,17791,12419,17028,,
2018-05-01,St. Aloysius Parish Food Pantry,9,19,9,9,9,9,2.111111111111111,49.888888888888886,0,0,3,6,0,0,9341,17791,12419,17028,,
2018-05-01,St. Anthony Daniel Conference - Society of St. Vincent de Paul,63,192,62,62,62,62,3.0806451612903225,45.87096774193548,0,6,24,29,4,0,9341,17791,12419,17028,,
2018-05-01,St. John's Church - Society of St. Vincent de Paul,73,187,70,70,70,70,2.5714285714285716,44.55714285714286,0,13,22,36,2,0,9341,17791,12419,17028,,
2018-05-01,St. Michael's Church - Society of St. Vincent de Paul,63,192,61,60,61,60,3.081967213114754,39.9,5,11,18,25,3,1,9341,17791,12419,17028,,
2018-05-01,Sunnydale Community Centre - Neighbourhood Food Program - House of Friendship,360,1581,110,110,109,109,4.385321100917431,42.0,0,41,172,121,26,0,9341,17791,12419,17028,,
2018-05-01,Supportive Housing YWCA (Lincoln Road),27,63,11,11,11,11,1.8181818181818181,47.0,0,6,12,9,0,0,9341,17791,12419,17028,,
2018-05-01,Supportive Housing of Waterloo (SHOW),42,42,23,23,23,23,1.0,52.73913043478261,0,0,14,23,5,0,9341,17791,12419,17028,,
2018-05-01,Traverse Independence,53,60,29,21,29,21,1.2413793103448276,48.476190476190474,0,3,14,28,0,8,9341,17791,12419,17028,,
2018-05-01,Wellesley Food Cupboard,26,142,20,15,20,15,4.6,36.2,0,4,14,3,0,5,9341,17791,12419,17028,,
2018-05-01,Wilmot & Wellesley Resource Centre,49,112,41,41,41,41,2.3902439024390243,42.73170731707317,0,9,19,12,9,0,9341,17791,12419,17028,,
2018-05-01,Woolwich Community Services,60,142,59,59,59,59,2.3559322033898304,44.94915254237288,0,11,23,20,6,0,9341,17791,12419,17028,,
2018-05-01,oneROOF Youth Services,36,70,30,30,30,30,1.7666666666666666,21.366666666666667,2,34,0,0,0,0,9341,17791,12419,17028,,
2018-06-01,Blessed Sacrament Catholic Church - Society of St. Vincent de Paul,90,269,90,90,90,90,2.988888888888889,45.333333333333336,0,13,31,41,5,0,9372,17966,12443,17038,,
2018-06-01,Cambridge Food Bank - Cambridge,895,1849,726,726,716,716,2.1103351955307263,43.04683195592286,7,209,311,305,63,0,9372,17966,12443,17038,,
2018-06-01,Chandler Mowat Community Centre - Neighbourhood Food Program - House of Friendship,339,1164,152,125,145,118,3.2758620689655173,45.76,0,44,83,161,24,27,9372,17966,12443,17038,,
2018-06-01,Christopher Champlain Resource Centre - Kinbridge Community Association,20,74,17,17,17,17,3.3529411764705883,38.529411764705884,0,5,10,5,0,0,9372,17966,12443,17038,,
2018-06-01,Courtland Shelley Community Centre - Neighbourhood Food Program - House of Friendship,116,489,40,40,40,40,4.025,43.95,0,9,45,58,4,0,9372,17966,12443,17038,,
2018-06-01,Emergency Food Hamper Program - House of Friendship,1765,4838,1612,1611,1595,1594,2.7768025078369907,43.48727498448169,7,336,655,617,149,1,9372,17966,12443,17038,,
2018-06-01,Emmanuel United Church - Waterloo Wayside ,142,262,75,71,75,71,1.8266666666666667,50.71830985915493,1,10,21,82,24,4,9372,17966,12443,17038,,
2018-06-01,Glencairn Mennonite Brethren Church,104,352,102,102,101,101,3.4356435643564356,50.529411764705884,1,1,35,53,14,0,9372,17966,12443,17038,,
2018-06-01,Kingdom Community International ,83,239,74,71,73,70,2.9726027397260273,49.50704225352113,3,5,27,28,17,3,9372,17966,12443,17038,,
2018-06-01,Kingsdale Community Centre - Neighbourhood Food Program - House of Friendship,294,879,185,185,180,180,3.011111111111111,49.383783783783784,1,20,94,116,63,0,9372,17966,12443,17038,,
2018-06-01,Kitchener Community Church and Family Care Centre,187,494,183,183,183,183,2.6666666666666665,46.278688524590166,1,22,65,82,17,0,9372,17966,12443,17038,,
2018-06-01,Langs,9,25,8,8,8,8,2.875,43.0,0,1,3,5,0,0,9372,17966,12443,17038,,
2018-06-01,Paulander Community Centre - Camino Wellness + Mental Health,152,522,55,55,55,55,3.4909090909090907,49.43636363636364,0,7,48,80,17,0,9372,17966,12443,17038,,
2018-06-01,Ray of Hope,330,775,329,329,325,325,2.3630769230769233,49.2370820668693,1,26,99,162,42,0,9372,17966,12443,17038,,
2018-06-01,Salvation Army Cambridge,204,392,203,203,201,201,1.935323383084577,45.09852216748769,0,28,72,99,5,0,9372,17966,12443,17038,,
2018-06-01,Southwood Resource Centre - Kinbridge Community Association,11,52,8,8,8,8,4.375,35.75,0,2,9,0,0,0,9372,17966,12443,17038,,
2018-06-01,St. Agnes Conference - Society of St. Vincent de Paul,24,71,24,24,24,24,2.9583333333333335,45.583333333333336,0,1,12,9,2,0,9372,17966,12443,17038,,
2018-06-01,St. Aloysius Parish Food Pantry,9,19,9,9,9,9,2.111111111111111,47.22222222222222,0,1,2,6,0,0,9372,17966,12443,17038,,
2018-06-01,St. Anthony Daniel Conference - Society of St. Vincent de Paul,46,124,45,45,45,45,2.688888888888889,49.51111111111111,0,5,12,23,6,0,9372,17966,12443,17038,,
2018-06-01,St. John's Church - Society of St. Vincent de Paul,48,127,47,46,47,46,2.617021276595745,42.73913043478261,0,10,15,21,1,1,9372,17966,12443,17038,,
2018-06-01,St. Mark's Conference - Society of St. Vincent de Paul,10,27,10,10,10,10,2.7,43.0,0,4,2,2,2,0,9372,17966,12443,17038,,
2018-06-01,St. Michael's Church - Society of St. Vincent de Paul,53,169,51,51,50,50,3.16,38.31372549019608,3,12,19,16,3,0,9372,17966,12443,17038,,
2018-06-01,Sunnydale Community Centre - Neighbourhood Food Program - House of Friendship,299,1246,99,99,99,99,4.03030303030303,43.77777777777778,0,29,143,108,19,0,9372,17966,12443,17038,,
2018-06-01,Supportive Housing YWCA (Lincoln Road),24,39,19,17,19,17,1.6842105263157894,47.11764705882353,0,3,7,11,1,2,9372,17966,12443,17038,,
2018-06-01,Supportive Housing of Waterloo (SHOW),42,42,19,19,19,19,1.0,52.63157894736842,0,0,17,19,6,0,9372,17966,12443,17038,,
2018-06-01,Traverse Independence,49,57,24,18,24,18,1.3333333333333333,46.888888888888886,0,7,16,20,0,6,9372,17966,12443,17038,,
2018-06-01,Wellesley Food Cupboard,25,148,18,14,18,14,5.166666666666667,31.642857142857142,0,11,9,1,0,4,9372,17966,12443,17038,,
2018-06-01,Wilmot & Wellesley Resource Centre,46,105,33,33,33,33,2.3636363636363638,44.45454545454545,0,11,21,8,6,0,9372,17966,12443,17038,,
2018-06-01,Woolwich Community Services,66,188,63,63,63,63,2.8253968253968256,45.6031746031746,0,11,26,21,8,0,9372,17966,12443,17038,,
2018-06-01,oneROOF Youth Services,56,85,47,47,46,46,1.5869565217391304,21.361702127659573,4,52,0,0,0,0,9372,17966,12443,17038,,
2018-07-01,Blessed Sacrament Catholic Church - Society of St. Vincent de Paul,84,259,84,84,84,84,3.0833333333333335,46.0,0,11,29,38,6,0,9293,17787,12456,17089,,
2018-07-01,Cambridge Food Bank - Cambridge,896,1767,719,719,706,706,2.0254957507082154,42.82475660639778,7,198,318,311,62,0,9293,17787,12456,17089,,
2018-07-01,Cambridge Vineyard - Urban Hope,9,10,9,4,9,4,1.1111111111111112,41.25,0,1,1,2,0,5,9293,17787,12456,17089,,
2018-07-01,Chandler Mowat Community Centre - Neighbourhood Food Program - House of Friendship,349,1203,150,137,141,128,3.326241134751773,45.153284671532845,0,45,104,166,21,13,9293,17787,12456,17089,,
2018-07-01,Christopher Champlain Resource Centre - Kinbridge Community Association,20,71,17,17,17,17,3.3529411764705883,37.76470588235294,0,5,12,3,0,0,9293,17787,12456,17089,,
2018-07-01,Courtland Shelley Community Centre - Neighbourhood Food Program - House of Friendship,128,560,40,40,40,40,4.35,42.65,0,15,45,63,5,0,9293,17787,12456,17089,,
2018-07-01,Emergency Food Hamper Program - House of Friendship,1869,5123,1679,1679,1655,1655,2.763746223564955,43.4883859440143,8,355,709,629,168,0,9293,17787,12456,17089,,
2018-07-01,Emmanuel United Church - Waterloo Wayside ,136,238,70,68,70,68,1.6571428571428573,51.411764705882355,3,10,21,69,31,2,9293,17787,12456,17089,,
2018-07-01,Glencairn Mennonite Brethren Church,105,381,102,102,100,100,3.61,48.588235294117645,1,6,41,44,13,0,9293,17787,12456,17089,,
2018-07-01,Kingdom Community International ,147,389,118,113,111,106,2.6396396396396398,49.336283185840706,5,12,35,61,29,5,9293,17787,12456,17089,,
2018-07-01,Kingsdale Community Centre - Neighbourhood Food Program - House of Friendship,313,890,196,196,189,189,2.857142857142857,50.03061224489796,2,21,109,117,64,0,9293,17787,12456,17089,,
2018-07-01,Kitchener Community Church and Family Care Centre,138,375,136,136,135,135,2.688888888888889,44.8235294117647,1,17,47,65,8,0,9293,17787,12456,17089,,
2018-07-01,Langs,19,48,18,18,18,18,2.5555555555555554,42.833333333333336,0,5,5,9,0,0,9293,17787,12456,17089,,
2018-07-01,Paulander Community Centre - Camino Wellness + Mental Health,150,525,52,52,52,52,3.5,49.53846153846154,0,12,40,81,17,0,9293,17787,12456,17089,,
2018-07-01,Ray of Hope,303,770,302,302,296,296,2.5472972972972974,48.86754966887417,0,25,97,143,38,0,9293,17787,12456,17089,,
2018-07-01,Salvation Army Cambridge,189,347,186,186,182,182,1.8571428571428572,46.18279569892473,0,27,53,102,7,0,9293,17787,12456,17089,,
2018-07-01,Southwood Resource Centre - Kinbridge Community Association,7,27,7,7,7,7,3.857142857142857,38.714285714285715,0,0,6,1,0,0,9293,17787,12456,17089,,
2018-07-01,St. Agnes Conference - Society of St. Vincent de Paul,28,80,27,27,27,27,2.925925925925926,45.629629629629626,0,3,10,12,3,0,9293,17787,12456,17089,,
2018-07-01,St. Anthony Daniel Conference - Society of St. Vincent de Paul,82,225,80,80,79,79,2.7721518987341773,47.2625,1,7,27,40,7,0,9293,17787,12456,17089,,
2018-07-01,St. John's Church - Society of St. Vincent de Paul,49,131,49,48,49,48,2.673469387755102,44.041666666666664,0,5,21,20,2,1,9293,17787,12456,17089,,
2018-07-01,St. Michael's Church - Society of St. Vincent de Paul,59,198,59,53,59,53,3.3559322033898304,41.60377358490566,0,12,19,20,2,6,9293,17787,12456,17089,,
2018-07-01,Sunnydale Community Centre - Neighbourhood Food Program - House of Friendship,294,1206,109,109,109,109,4.137614678899083,42.330275229357795,1,31,140,102,20,0,9293,17787,12456,17089,,
2018-07-01,Supportive Housing YWCA (Lincoln Road),28,51,19,17,19,17,1.7894736842105263,47.1764705882353,0,2,12,10,2,2,9293,17787,12456,17089,,
2018-07-01,Supportive Housing of Waterloo (SHOW),40,40,20,20,20,20,1.0,52.2,0,0,17,19,4,0,9293,17787,12456,17089,,
2018-07-01,Traverse Independence,36,46,21,16,21,16,1.4761904761904763,48.0625,0,4,9,18,0,5,9293,17787,12456,17089,,
2018-07-01,Wellesley Food Cupboard,14,85,10,9,10,9,5.5,30.11111111111111,0,5,8,0,0,1,9293,17787,12456,17089,,
2018-07-01,Wilmot & Wellesley Resource Centre,62,159,50,40,50,40,2.6,42.1,0,12,20,16,4,10,9293,17787,12456,17089,,
2018-07-01,Woolwich Community Services,66,160,64,64,64,64,2.46875,45.96875,0,10,22,25,9,0,9293,17787,12456,17089,,
2018-07-01,oneROOF Youth Services,78,150,52,52,50,50,1.82,22.365384615384617,0,78,0,0,0,0,9293,17787,12456,17089,,
2018-08-01,Blessed Sacrament Catholic Church - Society of St. Vincent de Paul,93,296,93,93,93,93,3.182795698924731,44.72043010752688,0,16,32,39,6,0,9395,18110,12542,17227,,
2018-08-01,Cambridge Food Bank - Cambridge,941,1922,760,760,747,747,2.0575635876840694,43.45789473684211,10,180,320,360,71,0,9395,18110,12542,17227,,
2018-08-01,Cambridge Vineyard - Urban Hope,27,49,27,9,27,9,1.8148148148148149,36.44444444444444,0,4,3,2,0,18,9395,18110,12542,17227,,
2018-08-01,Chandler Mowat Community Centre - Neighbourhood Food Program - House of Friendship,455,1580,180,158,166,144,3.355421686746988,45.20886075949367,0,65,121,216,31,22,9395,18110,12542,17227,,
2018-08-01,Christopher Champlain Resource Centre - Kinbridge Community Association,15,52,12,12,12,12,3.3333333333333335,39.166666666666664,0,2,9,4,0,0,9395,18110,12542,17227,,
2018-08-01,Courtland Shelley Community Centre - Neighbourhood Food Program - House of Friendship,67,266,33,33,33,33,4.090909090909091,42.90909090909091,0,7,27,31,2,0,9395,18110,12542,17227,,
2018-08-01,Emergency Food Hamper Program - House of Friendship,1948,5552,1789,1789,1762,1762,2.8535754824063564,43.964784795975405,7,346,731,668,196,0,9395,18110,12542,17227,,
2018-08-01,Emmanuel United Church - Waterloo Wayside ,189,318,78,73,78,73,1.435897435897436,49.64383561643836,5,21,24,92,42,5,9395,18110,12542,17227,,
2018-08-01,Glencairn Mennonite Brethren Church,117,462,114,114,110,110,4.0,48.526315789473685,2,4,44,55,12,0,9395,18110,12542,17227,,
2018-08-01,Kingdom Community International ,195,646,156,141,137,122,2.8394160583941606,44.5531914893617,14,17,61,64,24,15,9395,18110,12542,17227,,
2018-08-01,Kingsdale Community Centre - Neighbourhood Food Program - House of Friendship,278,805,180,180,178,178,2.898876404494382,49.07222222222222,1,17,104,105,51,0,9395,18110,12542,17227,,
2018-08-01,Kitchener Community Church and Family Care Centre,181,541,179,179,179,179,2.988826815642458,46.94972067039106,2,16,63,85,15,0,9395,18110,12542,17227,,
2018-08-01,Langs,25,62,20,20,20,20,2.15,42.0,0,6,8,11,0,0,9395,18110,12542,17227,,
2018-08-01,Paulander Community Centre - Camino Wellness + Mental Health,107,334,49,49,48,48,3.375,49.755102040816325,0,9,21,60,17,0,9395,18110,12542,17227,,
2018-08-01,Ray of Hope,314,810,314,314,307,307,2.57328990228013,49.37261146496815,0,21,100,157,36,0,9395,18110,12542,17227,,
2018-08-01,Salvation Army Cambridge,212,378,212,212,209,209,1.7942583732057416,45.35849056603774,0,32,67,107,6,0,9395,18110,12542,17227,,
2018-08-01,Southwood Resource Centre - Kinbridge Community Association,6,22,4,4,4,4,4.25,37.75,0,1,3,2,0,0,9395,18110,12542,17227,,
2018-08-01,St. Agnes Conference - Society of St. Vincent de Paul,31,86,31,31,31,31,2.774193548387097,45.70967741935484,0,4,11,13,3,0,9395,18110,12542,17227,,
2018-08-01,St. Aloysius Parish Food Pantry,1,1,1,1,1,1,1.0,74.0,0,0,0,0,1,0,9395,18110,12542,17227,,
2018-08-01,St. Anthony Daniel Conference - Society of St. Vincent de Paul,71,188,69,69,69,69,2.6956521739130435,45.333333333333336,0,8,25,33,5,0,9395,18110,12542,17227,,
2018-08-01,St. John's Church - Society of St. Vincent de Paul,56,147,56,56,55,55,2.6363636363636362,44.982142857142854,1,2,28,23,2,0,9395,18110,12542,17227,,
2018-08-01,St. Michael's Church - Society of St. Vincent de Paul,19,49,18,18,18,18,2.611111111111111,42.611111111111114,1,3,5,9,1,0,9395,18110,12542,17227,,
2018-08-01,Sunnydale Community Centre - Neighbourhood Food Program - House of Friendship,384,1579,109,107,109,107,3.981651376146789,42.74766355140187,0,38,194,125,25,2,9395,18110,12542,17227,,
2018-08-01,Supportive Housing YWCA (Lincoln Road),32,62,20,20,20,20,1.9,47.35,0,4,11,16,1,0,9395,18110,12542,17227,,
2018-08-01,Supportive Housing of Waterloo (SHOW),44,44,20,20,20,20,1.0,52.8,0,0,13,29,2,0,9395,18110,12542,17227,,
2018-08-01,Traverse Independence,45,59,26,20,26,20,1.4230769230769231,49.6,0,2,12,25,0,6,9395,18110,12542,17227,,
2018-08-01,Wellesley Food Cupboard,35,198,24,21,24,21,5.5,30.80952380952381,2,10,18,2,0,3,9395,18110,12542,17227,,
2018-08-01,Wilmot & Wellesley Resource Centre,67,199,54,50,54,50,3.1296296296296298,39.08,0,18,25,18,2,4,9395,18110,12542,17227,,
2018-08-01,Woolwich Community Services,79,178,73,73,73,73,2.1506849315068495,44.10958904109589,1,19,24,27,8,0,9395,18110,12542,17227,,
2018-08-01,oneROOF Youth Services,138,251,78,78,74,74,1.6756756756756757,21.705128205128204,9,129,0,0,0,0,9395,18110,12542,17227,,
2018-09-01,Blessed Sacrament Catholic Church - Society of St. Vincent de Paul,93,282,93,93,93,93,3.032258064516129,44.25806451612903,0,11,41,38,3,0,9242,17801,12477,17108,,
2018-09-01,Cambridge Food Bank - Cambridge,728,1534,616,616,609,609,2.1247947454844005,42.938311688311686,3,150,273,256,46,0,9242,17801,12477,17108,,
2018-09-01,Cambridge Vineyard - Urban Hope,57,132,47,22,47,22,2.127659574468085,48.54545454545455,0,3,12,12,5,25,9242,17801,12477,17108,,
2018-09-01,Chandler Mowat Community Centre - Neighbourhood Food Program - House of Friendship,359,1245,139,139,129,129,3.387596899224806,44.36690647482014,5,56,106,169,23,0,9242,17801,12477,17108,,
2018-09-01,Christopher Champlain Resource Centre - Kinbridge Community Association,10,47,9,9,9,9,4.555555555555555,37.888888888888886,0,2,5,3,0,0,9242,17801,12477,17108,,
2018-09-01,Courtland Shelley Community Centre - Neighbourhood Food Program - House of Friendship,87,370,31,31,30,30,4.2,43.0,0,11,31,43,2,0,9242,17801,12477,17108,,
2018-09-01,Emergency Food Hamper Program - House of Friendship,1673,4712,1553,1550,1538,1535,2.8517555266579975,43.807096774193546,4,308,635,563,160,3,9242,17801,12477,17108,,
2018-09-01,Emmanuel United Church - Waterloo Wayside ,157,275,78,78,77,77,1.5714285714285714,51.56410256410256,4,15,19,77,42,0,9242,17801,12477,17108,,
2018-09-01,Glencairn Mennonite Brethren Church,117,431,115,115,113,113,3.6814159292035398,47.834782608695654,2,8,44,50,13,0,9242,17801,12477,17108,,
2018-09-01,Kingdom Community International ,170,564,134,134,129,129,3.2170542635658914,46.07462686567164,6,20,59,56,29,0,9242,17801,12477,17108,,
2018-09-01,Kingsdale Community Centre - Neighbourhood Food Program - House of Friendship,256,768,181,181,174,174,3.0,49.16574585635359,0,18,88,107,43,0,9242,17801,12477,17108,,
2018-09-01,Kitchener Community Church and Family Care Centre,154,462,154,154,154,154,3.0,44.9025974025974,1,24,54,63,12,0,9242,17801,12477,17108,,
2018-09-01,Langs,15,47,11,11,11,11,3.1818181818181817,43.81818181818182,0,2,7,6,0,0,9242,17801,12477,17108,,
2018-09-01,Paulander Community Centre - Camino Wellness + Mental Health,132,446,64,64,63,63,3.3333333333333335,49.0,0,13,36,68,15,0,9242,17801,12477,17108,,
2018-09-01,Ray of Hope,282,782,281,281,276,276,2.786231884057971,47.91459074733096,1,24,94,133,30,0,9242,17801,12477,17108,,
2018-09-01,Salvation Army Cambridge,167,309,167,167,165,165,1.8606060606060606,45.09580838323353,0,24,54,82,7,0,9242,17801,12477,17108,,
2018-09-01,Southwood Resource Centre - Kinbridge Community Association,8,39,6,6,6,6,4.333333333333333,38.666666666666664,0,1,5,2,0,0,9242,17801,12477,17108,,
2018-09-01,St. Agnes Conference - Society of St. Vincent de Paul,19,50,19,19,19,19,2.6315789473684212,44.578947368421055,0,5,5,7,2,0,9242,17801,12477,17108,,
2018-09-01,St. Aloysius Parish Food Pantry,11,22,11,11,11,11,2.0,50.63636363636363,0,2,2,5,2,0,9242,17801,12477,17108,,
2018-09-01,St. Anthony Daniel Conference - Society of St. Vincent de Paul,52,128,51,51,51,51,2.392156862745098,49.96078431372549,1,2,13,29,7,0,9242,17801,12477,17108,,
2018-09-01,St. John's Church - Society of St. Vincent de Paul,62,176,61,61,61,61,2.80327868852459,43.40983606557377,0,7,29,23,3,0,9242,17801,12477,17108,,
2018-09-01,St. Michael's Church - Society of St. Vincent de Paul,45,143,45,43,45,43,3.1777777777777776,44.69767441860465,0,2,20,19,2,2,9242,17801,12477,17108,,
2018-09-01,Sunnydale Community Centre - Neighbourhood Food Program - House of Friendship,307,1245,120,119,119,118,3.9327731092436973,42.30252100840336,0,35,156,93,22,1,9242,17801,12477,17108,,
2018-09-01,Supportive Housing YWCA (Lincoln Road),30,55,16,15,16,15,1.8125,48.2,0,3,11,14,1,1,9242,17801,12477,17108,,
2018-09-01,Supportive Housing of Waterloo (SHOW),59,59,23,23,23,23,1.0,52.78260869565217,0,0,18,34,7,0,9242,17801,12477,17108,,
2018-09-01,Traverse Independence,47,53,23,20,23,20,1.1304347826086956,46.7,0,5,14,25,0,3,9242,17801,12477,17108,,
2018-09-01,Wellesley Food Cupboard,17,95,11,11,11,11,5.0,28.0,0,11,6,0,0,0,9242,17801,12477,17108,,
2018-09-01,Wilmot & Wellesley Resource Centre,54,139,42,41,41,40,2.5121951219512195,42.75609756097561,1,12,18,14,8,1,9242,17801,12477,17108,,
2018-09-01,Woolwich Community Services,69,167,67,67,67,67,2.462686567164179,46.16417910447761,0,14,21,23,11,0,9242,17801,12477,17108,,
2018-09-01,oneROOF Youth Services,108,199,63,63,61,61,1.7049180327868851,21.984126984126984,7,101,0,0,0,0,9242,17801,12477,17108,,
2018-10-01,Blessed Sacrament Catholic Church - Society of St. Vincent de Paul,107,334,104,104,104,104,3.1634615384615383,45.65384615384615,0,16,40,43,8,0,9052,17366,12661,17403,,
2018-10-01,Cambridge Food Bank - Cambridge,837,1689,666,666,657,657,2.024353120243531,43.205705705705704,1,184,283,311,58,0,9052,17366,12661,17403,,
2018-10-01,Cambridge Vineyard - Urban Hope,56,84,46,27,45,26,1.488888888888889,48.925925925925924,1,3,10,14,9,19,9052,17366,12661,17403,,
2018-10-01,Chandler Mowat Community Centre - Neighbourhood Food Program - House of Friendship,352,1289,124,124,120,120,3.475,44.5,1,64,105,167,15,0,9052,17366,12661,17403,,
2018-10-01,Christopher Champlain Resource Centre - Kinbridge Community Association,20,76,17,17,16,16,3.5,40.411764705882355,0,3,10,7,0,0,9052,17366,12661,17403,,
2018-10-01,Courtland Shelley Community Centre - Neighbourhood Food Program - House of Friendship,108,432,35,35,35,35,4.0285714285714285,43.542857142857144,0,10,43,50,5,0,9052,17366,12661,17403,,
2018-10-01,Emergency Food Hamper Program - House of Friendship,1962,5418,1772,1772,1746,1746,2.777205040091638,44.62979683972912,4,359,698,673,228,0,9052,17366,12661,17403,,
2018-10-01,Emmanuel United Church - Waterloo Wayside ,145,259,77,76,76,75,1.6710526315789473,51.30263157894737,3,14,18,66,43,1,9052,17366,12661,17403,,
2018-10-01,Glencairn Mennonite Brethren Church,128,461,128,127,126,125,3.6031746031746033,48.51968503937008,0,14,40,58,15,1,9052,17366,12661,17403,,
2018-10-01,Kingdom Community International ,198,532,157,146,149,138,2.5033557046979866,48.93835616438356,1,12,63,69,42,11,9052,17366,12661,17403,,
2018-10-01,Kingsdale Community Centre - Neighbourhood Food Program - House of Friendship,306,869,187,187,182,182,2.879120879120879,49.29946524064171,0,21,111,119,55,0,9052,17366,12661,17403,,
2018-10-01,Kitchener Community Church and Family Care Centre,250,699,247,247,247,247,2.7935222672064777,45.417004048582996,1,31,94,101,23,0,9052,17366,12661,17403,,
2018-10-01,Langs,23,69,14,14,14,14,2.7857142857142856,43.857142857142854,0,1,10,12,0,0,9052,17366,12661,17403,,
2018-10-01,Paulander Community Centre - Camino Wellness + Mental Health,185,629,69,69,67,67,3.4029850746268657,48.20289855072464,0,17,52,95,21,0,9052,17366,12661,17403,,
2018-10-01,Ray of Hope,317,835,316,316,311,311,2.6366559485530545,48.46835443037975,2,27,105,146,37,0,9052,17366,12661,17403,,
2018-10-01,Salvation Army Cambridge,179,337,179,179,178,178,1.8876404494382022,44.245810055865924,0,27,64,83,5,0,9052,17366,12661,17403,,
2018-10-01,Southwood Resource Centre - Kinbridge Community Association,14,63,9,9,9,9,4.222222222222222,38.888888888888886,0,2,8,4,0,0,9052,17366,12661,17403,,
2018-10-01,St. Agnes Conference - Society of St. Vincent de Paul,32,82,32,32,32,32,2.5625,43.375,0,7,9,15,1,0,9052,17366,12661,17403,,
2018-10-01,St. Aloysius Parish Food Pantry,13,41,13,13,12,12,3.1666666666666665,44.0,1,2,3,6,1,0,9052,17366,12661,17403,,
2018-10-01,St. Anthony Daniel Conference - Society of St. Vincent de Paul,82,253,79,79,78,78,3.051282051282051,46.151898734177216,1,6,38,29,8,0,9052,17366,12661,17403,,
2018-10-01,St. John's Church - Society of St. Vincent de Paul,47,112,47,45,47,45,2.382978723404255,46.31111111111111,0,4,15,24,2,2,9052,17366,12661,17403,,
2018-10-01,St. Michael's Church - Society of St. Vincent de Paul,68,193,64,64,64,64,2.90625,41.484375,0,10,29,27,2,0,9052,17366,12661,17403,,
2018-10-01,Sunnydale Community Centre - Neighbourhood Food Program - House of Friendship,288,1248,101,101,101,101,4.188118811881188,42.94059405940594,0,28,157,80,23,0,9052,17366,12661,17403,,
2018-10-01,Supportive Housing YWCA (Lincoln Road),28,52,17,17,17,17,2.0,47.1764705882353,0,2,10,14,2,0,9052,17366,12661,17403,,
2018-10-01,Supportive Housing of Waterloo (SHOW),40,40,22,22,22,22,1.0,52.90909090909091,0,0,10,25,5,0,9052,17366,12661,17403,,
2018-10-01,Traverse Independence,42,55,22,17,22,17,1.4545454545454546,49.470588235294116,0,2,11,24,0,5,9052,17366,12661,17403,,
2018-10-01,Wellesley Food Cupboard,26,179,13,12,12,11,6.75,28.416666666666668,1,11,13,0,0,1,9052,17366,12661,17403,,
2018-10-01,Wilmot & Wellesley Resource Centre,65,194,47,46,46,45,3.0217391304347827,41.82608695652174,0,15,30,14,5,1,9052,17366,12661,17403,,
2018-10-01,Woolwich Community Services,69,168,67,67,67,67,2.4776119402985075,45.88059701492537,0,9,26,26,8,0,9052,17366,12661,17403,,
2018-10-01,oneROOF Youth Services,143,248,66,66,65,65,1.7076923076923076,22.454545454545453,5,137,0,1,0,0,9052,17366,12661,17403,,
2018-11-01,Blessed Sacrament Catholic Church - Society of St. Vincent de Paul,101,309,101,101,101,101,3.0594059405940595,44.495049504950494,0,20,31,45,5,0,9128,17543,12700,17447,,
2018-11-01,Cambridge Food Bank - Cambridge,970,2062,740,740,729,729,2.1275720164609053,42.674324324324324,5,219,347,330,69,0,9128,17543,12700,17447,,
2018-11-01,Cambridge Vineyard - Urban Hope,43,82,35,19,35,19,2.085714285714286,53.63157894736842,0,2,7,5,13,16,9128,17543,12700,17447,,
2018-11-01,Chandler Mowat Community Centre - Neighbourhood Food Program - House of Friendship,304,1127,138,138,130,130,3.5615384615384613,43.95652173913044,0,57,103,130,14,0,9128,17543,12700,17447,,
2018-11-01,Christopher Champlain Resource Centre - Kinbridge Community Association,10,23,8,8,8,8,2.625,37.0,1,0,6,3,0,0,9128,17543,12700,17447,,
2018-11-01,Courtland Shelley Community Centre - Neighbourhood Food Program - House of Friendship,97,398,40,40,39,39,4.0,43.875,0,9,37,47,4,0,9128,17543,12700,17447,,
2018-11-01,Emergency Food Hamper Program - House of Friendship,2920,8434,2546,2546,2508,2508,2.9342105263157894,43.902199528672426,17,540,1048,1031,284,0,9128,17543,12700,17447,,
2018-11-01,Emmanuel United Church - Waterloo Wayside ,184,338,87,82,86,81,1.6162790697674418,52.19512195121951,0,9,31,91,48,5,9128,17543,12700,17447,,
2018-11-01,Glencairn Mennonite Brethren Church,145,545,143,143,141,141,3.773049645390071,47.65734265734266,3,14,47,64,17,0,9128,17543,12700,17447,,
2018-11-01,Kingdom Community International ,216,674,165,164,156,155,3.0961538461538463,46.73780487804878,6,22,65,83,39,1,9128,17543,12700,17447,,
2018-11-01,Kingsdale Community Centre - Neighbourhood Food Program - House of Friendship,418,1262,240,239,234,233,3.047008547008547,47.77405857740586,1,40,140,164,72,1,9128,17543,12700,17447,,
2018-11-01,Kitchener Community Church and Family Care Centre,125,365,125,125,125,125,2.92,44.36,1,19,50,47,8,0,9128,17543,12700,17447,,
2018-11-01,Langs,12,44,10,10,10,10,3.6,43.6,0,0,7,5,0,0,9128,17543,12700,17447,,
2018-11-01,Paulander Community Centre - Camino Wellness + Mental Health,185,599,61,61,61,61,3.377049180327869,48.34426229508197,0,18,53,94,20,0,9128,17543,12700,17447,,
2018-11-01,Ray of Hope,301,775,300,300,296,296,2.581081081081081,48.69,0,23,99,143,36,0,9128,17543,12700,17447,,
2018-11-01,Salvation Army Cambridge,190,348,187,187,186,186,1.8440860215053763,44.144385026737964,0,32,62,89,7,0,9128,17543,12700,17447,,
2018-11-01,Southwood Resource Centre - Kinbridge Community Association,11,54,9,9,9,9,4.777777777777778,36.111111111111114,0,2,8,1,0,0,9128,17543,12700,17447,,
2018-11-01,St. Agnes Conference - Society of St. Vincent de Paul,31,100,31,31,31,31,3.225806451612903,44.516129032258064,0,8,8,12,3,0,9128,17543,12700,17447,,
2018-11-01,St. Aloysius Parish Food Pantry,20,61,19,19,19,19,2.9473684210526314,42.0,0,3,11,5,1,0,9128,17543,12700,17447,,
2018-11-01,St. Anthony Daniel Conference - Society of St. Vincent de Paul,134,378,131,131,130,130,2.853846153846154,47.62595419847328,1,14,35,72,12,0,9128,17543,12700,17447,,
2018-11-01,St. John's Church - Society of St. Vincent de Paul,71,208,68,64,68,64,2.9705882352941178,41.625,1,11,30,24,1,4,9128,17543,12700,17447,,
2018-11-01,St. Michael's Church - Society of St. Vincent de Paul,70,219,65,65,65,65,3.169230769230769,41.52307692307692,1,11,26,28,4,0,9128,17543,12700,17447,,
2018-11-01,Sunnydale Community Centre - Neighbourhood Food Program - House of Friendship,367,1538,115,112,115,112,4.060869565217391,42.276785714285715,0,33,201,100,30,3,9128,17543,12700,17447,,
2018-11-01,Supportive Housing YWCA (Lincoln Road),21,44,13,13,13,13,2.076923076923077,46.76923076923077,0,2,7,12,0,0,9128,17543,12700,17447,,
2018-11-01,Supportive Housing of Waterloo (SHOW),54,54,22,22,22,22,1.0,55.04545454545455,0,0,13,34,7,0,9128,17543,12700,17447,,
2018-11-01,Traverse Independence,78,98,35,25,35,25,1.457142857142857,48.24,0,4,20,44,0,10,9128,17543,12700,17447,,
2018-11-01,Wellesley Food Cupboard,20,119,13,10,13,10,5.615384615384615,30.7,0,8,9,0,0,3,9128,17543,12700,17447,,
2018-11-01,Wilmot & Wellesley Resource Centre,76,206,67,65,67,65,2.6417910447761193,39.98461538461538,3,16,32,17,6,2,9128,17543,12700,17447,,
2018-11-01,Woolwich Community Services,84,206,82,82,82,82,2.4634146341463414,47.65853658536585,0,12,28,32,12,0,9128,17543,12700,17447,,
2018-11-01,oneROOF Youth Services,117,198,61,61,59,59,1.6610169491525424,22.34426229508197,5,112,0,0,0,0,9128,17543,12700,17447,,
2018-12-01,Blessed Sacrament Catholic Church - Society of St. Vincent de Paul,64,200,63,63,63,63,3.1587301587301586,43.92063492063492,0,11,21,30,2,0,9079,17350,12607,17290,,
2018-12-01,Cambridge Food Bank - Cambridge,818,1898,632,632,621,621,2.281803542673108,42.7753164556962,7,143,309,307,52,0,9079,17350,12607,17290,,
2018-12-01,Cambridge Vineyard - Urban Hope,8,12,8,6,8,6,1.5,53.666666666666664,0,1,2,0,3,2,9079,17350,12607,17290,,
2018-12-01,Chandler Mowat Community Centre - Neighbourhood Food Program - House of Friendship,287,1045,133,133,128,128,3.6640625,43.94736842105263,0,43,99,133,12,0,9079,17350,12607,17290,,
2018-12-01,Christopher Champlain Resource Centre - Kinbridge Community Association,6,13,6,6,6,6,2.1666666666666665,37.666666666666664,0,2,2,2,0,0,9079,17350,12607,17290,,
2018-12-01,Courtland Shelley Community Centre - Neighbourhood Food Program - House of Friendship,76,305,39,39,39,39,3.923076923076923,44.05128205128205,1,8,28,34,5,0,9079,17350,12607,17290,,
2018-12-01,Emergency Food Hamper Program - House of Friendship,2019,5728,1643,1643,1584,1584,2.8150252525252526,45.16555082166768,10,336,687,732,254,0,9079,17350,12607,17290,,
2018-12-01,Emmanuel United Church - Waterloo Wayside ,134,265,71,71,68,68,1.7794117647058822,51.25352112676056,1,8,27,67,31,0,9079,17350,12607,17290,,
2018-12-01,Glencairn Mennonite Brethren Church,122,472,122,122,121,121,3.8595041322314048,46.778688524590166,2,10,47,50,13,0,9079,17350,12607,17290,,
2018-12-01,Kingdom Community International ,70,212,67,65,66,64,3.0,47.10769230769231,1,7,24,21,15,2,9079,17350,12607,17290,,
2018-12-01,Kingsdale Community Centre - Neighbourhood Food Program - House of Friendship,367,1196,284,284,273,273,3.271062271062271,47.78169014084507,1,34,133,143,56,0,9079,17350,12607,17290,,
2018-12-01,Kitchener Community Church and Family Care Centre,1,4,1,1,1,1,4.0,32.0,0,0,1,0,0,0,9079,17350,12607,17290,,
2018-12-01,Langs,8,20,8,8,8,8,2.5,47.375,0,0,3,5,0,0,9079,17350,12607,17290,,
2018-12-01,Paulander Community Centre - Camino Wellness + Mental Health,127,437,60,60,60,60,3.45,47.75,0,10,39,63,15,0,9079,17350,12607,17290,,
2018-12-01,Ray of Hope,281,763,278,278,277,277,2.711191335740072,47.94964028776978,1,28,95,124,33,0,9079,17350,12607,17290,,
2018-12-01,Salvation Army Cambridge,89,168,89,89,88,88,1.8977272727272727,45.12359550561798,0,14,23,50,2,0,9079,17350,12607,17290,,
2018-12-01,Southwood Resource Centre - Kinbridge Community Association,5,24,5,5,5,5,4.8,40.4,0,0,4,1,0,0,9079,17350,12607,17290,,
2018-12-01,St. Agnes Conference - Society of St. Vincent de Paul,13,29,13,13,13,13,2.230769230769231,46.23076923076923,0,3,5,3,2,0,9079,17350,12607,17290,,
2018-12-01,St. Aloysius Parish Food Pantry,13,37,13,13,13,13,2.8461538461538463,46.07692307692308,0,1,7,4,1,0,9079,17350,12607,17290,,
2018-12-01,St. Anthony Daniel Conference - Society of St. Vincent de Paul,52,166,52,52,52,52,3.1923076923076925,46.5,0,5,19,21,7,0,9079,17350,12607,17290,,
2018-12-01,St. John's Church - Society of St. Vincent de Paul,28,103,28,27,27,26,3.740740740740741,47.111111111111114,0,2,9,14,2,1,9079,17350,12607,17290,,
2018-12-01,St. Michael's Church - Society of St. Vincent de Paul,42,144,42,42,42,42,3.4285714285714284,42.04761904761905,1,6,17,16,2,0,9079,17350,12607,17290,,
2018-12-01,Sunnydale Community Centre - Neighbourhood Food Program - House of Friendship,248,1068,109,108,109,108,4.229357798165138,43.074074074074076,0,20,133,74,20,1,9079,17350,12607,17290,,
2018-12-01,Supportive Housing YWCA (Lincoln Road),28,57,17,17,17,17,1.8235294117647058,47.1764705882353,0,5,11,12,0,0,9079,17350,12607,17290,,
2018-12-01,Supportive Housing of Waterloo (SHOW),46,46,19,19,19,19,1.0,51.578947368421055,0,0,18,25,3,0,9079,17350,12607,17290,,
2018-12-01,Traverse Independence,41,53,24,20,24,20,1.3333333333333333,46.65,0,3,11,23,0,4,9079,17350,12607,17290,,
2018-12-01,Wellesley Food Cupboard,8,46,7,7,7,7,5.285714285714286,33.285714285714285,0,3,4,1,0,0,9079,17350,12607,17290,,
2018-12-01,Wilmot & Wellesley Resource Centre,23,53,18,18,18,18,2.111111111111111,45.388888888888886,0,2,12,7,2,0,9079,17350,12607,17290,,
2018-12-01,Woolwich Community Services,24,66,24,24,24,24,2.75,42.583333333333336,0,3,12,9,0,0,9079,17350,12607,17290,,
2018-12-01,oneROOF Youth Services,97,167,63,63,62,62,1.6774193548387097,21.904761904761905,7,90,0,0,0,0,9079,17350,12607,17290,,
2019-01-01,Blessed Sacrament Catholic Church - Society of St. Vincent de Paul,98,286,98,97,98,97,2.9183673469387754,44.7319587628866,0,15,35,43,4,1,9137,17353,12724,17491,754.0,293.0
2019-01-01,Cambridge Food Bank - Cambridge,1165,2286,857,857,838,838,1.9391408114558473,43.169194865810965,7,225,428,430,75,0,9137,17353,12724,17491,754.0,293.0
2019-01-01,Cambridge Vineyard - Urban Hope,77,132,59,29,58,28,1.8620689655172413,43.48275862068966,0,10,14,14,9,30,9137,17353,12724,17491,754.0,293.0
2019-01-01,Chandler Mowat Community Centre - Neighbourhood Food Program - House of Friendship,356,1267,137,137,130,130,3.4153846153846152,45.67883211678832,0,49,123,167,17,0,9137,17353,12724,17491,754.0,293.0
2019-01-01,Christopher Champlain Resource Centre - Kinbridge Community Association,16,54,11,11,11,11,3.5454545454545454,42.09090909090909,0,0,11,5,0,0,9137,17353,12724,17491,754.0,293.0
2019-01-01,Courtland Shelley Community Centre - Neighbourhood Food Program - House of Friendship,98,376,38,38,37,37,3.945945945945946,44.31578947368421,0,8,38,49,3,0,9137,17353,12724,17491,754.0,293.0
2019-01-01,Emergency Food Hamper Program - House of Friendship,2191,5762,1857,1857,1822,1822,2.6849615806805707,43.61873990306947,1,437,822,748,183,0,9137,17353,12724,17491,754.0,293.0
2019-01-01,Emmanuel United Church - Waterloo Wayside ,190,358,88,81,84,77,1.880952380952381,51.41975308641975,1,8,34,94,46,7,9137,17353,12724,17491,754.0,293.0
2019-01-01,Glencairn Mennonite Brethren Church,116,423,114,114,113,113,3.6283185840707963,48.166666666666664,2,5,43,53,13,0,9137,17353,12724,17491,754.0,293.0
2019-01-01,Kingdom Community International ,199,583,160,160,151,151,2.80794701986755,47.275,7,22,58,73,39,0,9137,17353,12724,17491,754.0,293.0
2019-01-01,Kingsdale Community Centre - Neighbourhood Food Program - House of Friendship,337,1039,221,218,215,212,3.0,48.027522935779814,0,24,122,124,64,3,9137,17353,12724,17491,754.0,293.0
2019-01-01,Kitchener Community Church and Family Care Centre,151,454,150,150,148,148,2.9864864864864864,44.46666666666667,1,21,59,55,15,0,9137,17353,12724,17491,754.0,293.0
2019-01-01,Langs,14,32,10,10,10,10,2.4,46.9,0,0,6,8,0,0,9137,17353,12724,17491,754.0,293.0
2019-01-01,Paulander Community Centre - Camino Wellness + Mental Health,164,525,58,58,58,58,3.2413793103448274,48.43103448275862,0,16,43,88,17,0,9137,17353,12724,17491,754.0,293.0
2019-01-01,Ray of Hope,286,841,286,286,284,284,2.9401408450704225,47.8986013986014,1,23,103,126,33,0,9137,17353,12724,17491,754.0,293.0
2019-01-01,Salvation Army Cambridge,232,427,232,232,227,227,1.8370044052863437,43.50431034482759,0,39,89,98,6,0,9137,17353,12724,17491,754.0,293.0
2019-01-01,Southwood Resource Centre - Kinbridge Community Association,9,46,7,7,7,7,5.0,40.285714285714285,0,0,7,2,0,0,9137,17353,12724,17491,754.0,293.0
2019-01-01,St. Agnes Conference - Society of St. Vincent de Paul,27,80,27,27,27,27,2.962962962962963,45.48148148148148,0,5,9,11,2,0,9137,17353,12724,17491,754.0,293.0
2019-01-01,St. Anthony Daniel Conference - Society of St. Vincent de Paul,71,182,70,70,70,70,2.585714285714286,44.457142857142856,0,11,25,30,5,0,9137,17353,12724,17491,754.0,293.0
2019-01-01,St. John's Church - Society of St. Vincent de Paul,64,178,64,61,64,61,2.78125,41.9344262295082,0,10,27,24,0,3,9137,17353,12724,17491,754.0,293.0
2019-01-01,St. Mark's Conference - Society of St. Vincent de Paul,14,44,14,14,14,14,3.142857142857143,47.642857142857146,0,2,4,6,2,0,9137,17353,12724,17491,754.0,293.0
2019-01-01,St. Michael's Church - Society of St. Vincent de Paul,58,159,53,53,53,53,2.7735849056603774,40.9811320754717,1,7,26,21,3,0,9137,17353,12724,17491,754.0,293.0
2019-01-01,Sunnydale Community Centre - Neighbourhood Food Program - House of Friendship,298,1313,110,109,110,109,4.172727272727273,41.80733944954128,1,20,176,79,21,1,9137,17353,12724,17491,754.0,293.0
2019-01-01,Supportive Housing YWCA (Lincoln Road),34,75,21,21,21,21,2.0,46.80952380952381,0,4,13,16,1,0,9137,17353,12724,17491,754.0,293.0
2019-01-01,Supportive Housing of Waterloo (SHOW),52,52,22,22,22,22,1.0,52.22727272727273,0,0,17,32,3,0,9137,17353,12724,17491,754.0,293.0
2019-01-01,Traverse Independence,81,109,42,21,42,21,1.4761904761904763,48.76190476190476,0,3,19,38,0,21,9137,17353,12724,17491,754.0,293.0
2019-01-01,Wellesley Food Cupboard,22,153,14,14,13,13,6.538461538461538,33.57142857142857,1,7,13,1,0,0,9137,17353,12724,17491,754.0,293.0
2019-01-01,Wilmot & Wellesley Resource Centre,55,136,46,46,46,46,2.5,40.17391304347826,0,10,26,18,1,0,9137,17353,12724,17491,754.0,293.0
2019-01-01,Woolwich Community Services,57,132,54,54,54,54,2.314814814814815,46.611111111111114,0,11,16,23,7,0,9137,17353,12724,17491,754.0,293.0
2019-01-01,oneROOF Youth Services,159,251,82,82,81,81,1.5185185185185186,22.25609756097561,4,155,0,0,0,0,9137,17353,12724,17491,754.0,293.0
2019-02-01,Blessed Sacrament Catholic Church - Society of St. Vincent de Paul,81,234,81,81,81,81,2.888888888888889,45.71604938271605,0,10,31,34,6,0,9173,17440,12728,17528,725.0,298.0
2019-02-01,Cambridge Food Bank - Cambridge,849,1730,710,710,701,701,2.0399429386590584,42.43802816901408,3,185,309,297,55,0,9173,17440,12728,17528,725.0,298.0
2019-02-01,Cambridge Vineyard - Urban Hope,23,43,20,16,20,16,1.9,53.625,0,1,7,5,6,4,9173,17440,12728,17528,725.0,298.0
2019-02-01,Chandler Mowat Community Centre - Neighbourhood Food Program - House of Friendship,359,1274,143,143,135,135,3.525925925925926,45.52447552447553,0,54,117,170,18,0,9173,17440,12728,17528,725.0,298.0
2019-02-01,Christopher Champlain Resource Centre - Kinbridge Community Association,10,35,9,9,9,9,3.7777777777777777,42.666666666666664,0,0,5,5,0,0,9173,17440,12728,17528,725.0,298.0
2019-02-01,Courtland Shelley Community Centre - Neighbourhood Food Program - House of Friendship,97,381,36,36,34,34,4.0588235294117645,45.0,0,13,34,46,4,0,9173,17440,12728,17528,725.0,298.0
2019-02-01,Emergency Food Hamper Program - House of Friendship,1815,4769,1631,1631,1618,1618,2.6959208899876392,43.50889025137952,2,367,656,624,166,0,9173,17440,12728,17528,725.0,298.0
2019-02-01,Emmanuel United Church - Waterloo Wayside ,130,262,69,69,68,68,1.8529411764705883,51.3768115942029,0,6,30,59,35,0,9173,17440,12728,17528,725.0,298.0
2019-02-01,Glencairn Mennonite Brethren Church,87,349,87,87,86,86,4.0,45.264367816091955,1,11,33,34,8,0,9173,17440,12728,17528,725.0,298.0
2019-02-01,Kingdom Community International ,180,536,138,133,135,130,2.8962962962962964,47.57142857142857,5,20,57,62,31,5,9173,17440,12728,17528,725.0,298.0
2019-02-01,Kingsdale Community Centre - Neighbourhood Food Program - House of Friendship,322,981,208,208,205,205,3.053658536585366,47.53846153846154,2,22,123,117,58,0,9173,17440,12728,17528,725.0,298.0
2019-02-01,Kitchener Community Church and Family Care Centre,187,556,182,182,182,182,2.9505494505494507,47.7967032967033,0,12,72,89,14,0,9173,17440,12728,17528,725.0,298.0
2019-02-01,Langs,17,64,15,15,15,15,3.6,43.0,0,3,9,5,0,0,9173,17440,12728,17528,725.0,298.0
2019-02-01,Paulander Community Centre - Camino Wellness + Mental Health,121,381,53,53,53,53,3.1320754716981134,49.64150943396226,0,7,33,69,12,0,9173,17440,12728,17528,725.0,298.0
2019-02-01,Ray of Hope,271,757,271,271,268,268,2.8097014925373136,47.48708487084871,2,29,91,114,35,0,9173,17440,12728,17528,725.0,298.0
2019-02-01,Salvation Army Cambridge,154,332,154,154,151,151,2.1788079470198674,42.90909090909091,0,27,64,58,5,0,9173,17440,12728,17528,725.0,298.0
2019-02-01,Southwood Resource Centre - Kinbridge Community Association,2,11,2,2,2,2,5.5,41.5,0,0,2,0,0,0,9173,17440,12728,17528,725.0,298.0
2019-02-01,St. Agnes Conference - Society of St. Vincent de Paul,26,74,26,26,26,26,2.8461538461538463,45.76923076923077,0,8,6,7,5,0,9173,17440,12728,17528,725.0,298.0
2019-02-01,St. Anthony Daniel Conference - Society of St. Vincent de Paul,31,79,30,30,30,30,2.566666666666667,49.5,0,5,9,10,7,0,9173,17440,12728,17528,725.0,298.0
2019-02-01,St. John's Church - Society of St. Vincent de Paul,41,109,41,40,41,40,2.658536585365854,45.075,0,6,13,19,2,1,9173,17440,12728,17528,725.0,298.0
2019-02-01,St. Mark's Conference - Society of St. Vincent de Paul,17,67,16,16,16,16,3.625,48.5,0,0,8,7,2,0,9173,17440,12728,17528,725.0,298.0
2019-02-01,St. Michael's Church - Society of St. Vincent de Paul,55,158,53,52,53,52,2.830188679245283,41.57692307692308,0,7,27,18,2,1,9173,17440,12728,17528,725.0,298.0
2019-02-01,Sunnydale Community Centre - Neighbourhood Food Program - House of Friendship,294,1262,108,106,109,107,4.091743119266055,43.20754716981132,0,15,175,81,21,2,9173,17440,12728,17528,725.0,298.0
2019-02-01,Supportive Housing YWCA (Lincoln Road),26,61,14,14,14,14,2.4285714285714284,45.0,0,3,12,7,4,0,9173,17440,12728,17528,725.0,298.0
2019-02-01,Supportive Housing of Waterloo (SHOW),49,49,22,22,22,22,1.0,52.36363636363637,0,0,17,30,2,0,9173,17440,12728,17528,725.0,298.0
2019-02-01,Traverse Independence,29,34,24,17,24,17,1.2083333333333333,49.11764705882353,0,2,7,13,0,7,9173,17440,12728,17528,725.0,298.0
2019-02-01,Wellesley Food Cupboard,15,92,11,11,11,11,6.0,30.09090909090909,0,7,8,0,0,0,9173,17440,12728,17528,725.0,298.0
2019-02-01,Wilmot & Wellesley Resource Centre,67,175,50,47,50,47,2.8,40.723404255319146,0,19,19,24,2,3,9173,17440,12728,17528,725.0,298.0
2019-02-01,Woolwich Community Services,57,143,57,57,57,57,2.508771929824561,47.12280701754386,0,10,19,19,9,0,9173,17440,12728,17528,725.0,298.0
2019-02-01,oneROOF Youth Services,107,170,69,69,66,66,1.5606060606060606,22.463768115942027,4,101,1,1,0,0,9173,17440,12728,17528,725.0,298.0
2019-03-01,Blessed Sacrament Catholic Church - Society of St. Vincent de Paul,96,289,96,96,95,95,3.0,43.958333333333336,0,13,42,36,5,0,9063,17176,12783,17615,738.0,302.0
2019-03-01,Cambridge Food Bank - Cambridge,935,1920,765,765,753,753,2.053120849933599,44.02483660130719,3,168,350,352,62,0,9063,17176,12783,17615,738.0,302.0
2019-03-01,Cambridge Vineyard - Urban Hope,20,33,19,11,19,11,1.6842105263157894,47.54545454545455,0,1,7,1,3,8,9063,17176,12783,17615,738.0,302.0
2019-03-01,Chandler Mowat Community Centre - Neighbourhood Food Program - House of Friendship,356,1285,141,141,133,133,3.6315789473684212,45.673758865248224,0,42,122,178,14,0,9063,17176,12783,17615,738.0,302.0
2019-03-01,Christopher Champlain Resource Centre - Kinbridge Community Association,11,34,8,8,7,7,3.857142857142857,40.125,0,2,3,6,0,0,9063,17176,12783,17615,738.0,302.0
2019-03-01,Courtland Shelley Community Centre - Neighbourhood Food Program - House of Friendship,116,443,41,41,40,40,3.9,45.26829268292683,0,12,42,57,5,0,9063,17176,12783,17615,738.0,302.0
2019-03-01,Emergency Food Hamper Program - House of Friendship,2112,5722,1882,1881,1864,1863,2.758047210300429,43.5933014354067,8,413,779,720,191,1,9063,17176,12783,17615,738.0,302.0
2019-03-01,Emmanuel United Church - Waterloo Wayside ,158,300,84,79,83,78,1.7590361445783131,52.620253164556964,0,6,27,84,36,5,9063,17176,12783,17615,738.0,302.0
2019-03-01,Glencairn Mennonite Brethren Church,130,479,125,125,123,123,3.658536585365854,47.904,1,13,40,63,13,0,9063,17176,12783,17615,738.0,302.0
2019-03-01,Kingdom Community International ,214,716,157,155,146,144,3.2260273972602738,47.13548387096774,14,16,61,79,42,2,9063,17176,12783,17615,738.0,302.0
2019-03-01,Kingsdale Community Centre - Neighbourhood Food Program - House of Friendship,367,1130,216,216,210,210,3.0952380952380953,48.09722222222222,1,26,141,141,58,0,9063,17176,12783,17615,738.0,302.0
2019-03-01,Kitchener Community Church and Family Care Centre,235,625,231,231,231,231,2.619047619047619,45.85281385281385,0,26,86,98,25,0,9063,17176,12783,17615,738.0,302.0
2019-03-01,Langs,23,72,19,19,19,19,3.0526315789473686,41.578947368421055,0,3,10,10,0,0,9063,17176,12783,17615,738.0,302.0
2019-03-01,Paulander Community Centre - Camino Wellness + Mental Health,163,502,57,57,57,57,3.1052631578947367,49.3859649122807,0,10,47,89,17,0,9063,17176,12783,17615,738.0,302.0
2019-03-01,Ray of Hope,306,850,301,301,297,297,2.8047138047138045,47.26578073089701,1,34,103,132,36,0,9063,17176,12783,17615,738.0,302.0
2019-03-01,Salvation Army Cambridge,156,322,155,155,154,154,2.0779220779220777,45.193548387096776,0,26,48,76,6,0,9063,17176,12783,17615,738.0,302.0
2019-03-01,Southwood Resource Centre - Kinbridge Community Association,10,52,7,7,7,7,5.142857142857143,38.857142857142854,0,0,8,2,0,0,9063,17176,12783,17615,738.0,302.0
2019-03-01,St. Agnes Conference - Society of St. Vincent de Paul,29,83,28,28,28,28,2.9285714285714284,47.357142857142854,0,5,7,13,4,0,9063,17176,12783,17615,738.0,302.0
2019-03-01,St. Anthony Daniel Conference - Society of St. Vincent de Paul,77,217,76,76,76,76,2.8157894736842106,45.94736842105263,0,8,31,32,6,0,9063,17176,12783,17615,738.0,302.0
2019-03-01,St. John's Church - Society of St. Vincent de Paul,48,155,48,47,48,47,3.2291666666666665,42.12765957446808,0,9,19,18,1,1,9063,17176,12783,17615,738.0,302.0
2019-03-01,St. Mark's Conference - Society of St. Vincent de Paul,15,45,15,15,15,15,3.0,51.733333333333334,0,1,4,8,2,0,9063,17176,12783,17615,738.0,302.0
2019-03-01,St. Michael's Church - Society of St. Vincent de Paul,66,200,61,56,61,56,2.9344262295081966,42.17857142857143,0,6,29,25,1,5,9063,17176,12783,17615,738.0,302.0
2019-03-01,Sunnydale Community Centre - Neighbourhood Food Program - House of Friendship,300,1293,106,106,106,106,4.09433962264151,42.132075471698116,0,19,174,83,24,0,9063,17176,12783,17615,738.0,302.0
2019-03-01,Supportive Housing YWCA (Lincoln Road),38,96,20,19,20,19,2.0,48.8421052631579,0,1,18,17,1,1,9063,17176,12783,17615,738.0,302.0
2019-03-01,Supportive Housing of Waterloo (SHOW),50,50,22,22,22,22,1.0,52.5,0,0,16,30,4,0,9063,17176,12783,17615,738.0,302.0
2019-03-01,Traverse Independence,28,35,19,18,19,18,1.2105263157894737,47.833333333333336,0,3,7,17,0,1,9063,17176,12783,17615,738.0,302.0
2019-03-01,Wellesley Food Cupboard,13,76,8,7,8,7,5.25,29.857142857142858,0,5,7,0,0,1,9063,17176,12783,17615,738.0,302.0
2019-03-01,Wilmot & Wellesley Resource Centre,61,156,53,49,53,49,2.5283018867924527,41.6530612244898,0,16,21,17,3,4,9063,17176,12783,17615,738.0,302.0
2019-03-01,Woolwich Community Services,60,150,59,59,59,59,2.457627118644068,47.440677966101696,0,9,21,21,9,0,9063,17176,12783,17615,738.0,302.0
2019-03-01,oneROOF Youth Services,116,189,72,72,69,69,1.6376811594202898,21.90277777777778,7,109,0,0,0,0,9063,17176,12783,17615,738.0,302.0
2019-04-01,Blessed Sacrament Catholic Church - Society of St. Vincent de Paul,100,318,100,100,100,100,3.18,45.3,0,15,35,44,6,0,9133,17353,12742,17578,764.0,327.0
2019-04-01,Cambridge Food Bank - Cambridge,861,1732,710,710,700,700,2.0414285714285714,43.31549295774648,4,153,322,320,62,0,9133,17353,12742,17578,764.0,327.0
2019-04-01,Cambridge Vineyard - Urban Hope,83,150,54,35,52,33,1.9615384615384615,48.0,0,6,24,16,18,19,9133,17353,12742,17578,764.0,327.0
2019-04-01,Chandler Mowat Community Centre - Neighbourhood Food Program - House of Friendship,362,1360,132,132,126,126,3.753968253968254,45.40909090909091,0,37,138,170,17,0,9133,17353,12742,17578,764.0,327.0
2019-04-01,Christopher Champlain Resource Centre - Kinbridge Community Association,6,32,5,5,5,5,5.2,42.0,0,1,1,4,0,0,9133,17353,12742,17578,764.0,327.0
2019-04-01,Courtland Shelley Community Centre - Neighbourhood Food Program - House of Friendship,120,467,42,42,40,40,3.95,45.61904761904762,0,14,42,58,6,0,9133,17353,12742,17578,764.0,327.0
2019-04-01,Emergency Food Hamper Program - House of Friendship,1878,5026,1679,1679,1657,1657,2.72057936028968,44.61465157832043,0,346,698,627,207,0,9133,17353,12742,17578,764.0,327.0
2019-04-01,Emmanuel United Church - Waterloo Wayside ,155,325,92,84,91,83,1.989010989010989,50.61904761904762,1,12,32,60,42,8,9133,17353,12742,17578,764.0,327.0
2019-04-01,Glencairn Mennonite Brethren Church,117,400,115,115,112,112,3.3839285714285716,49.36521739130435,2,12,31,56,16,0,9133,17353,12742,17578,764.0,327.0
2019-04-01,Kingdom Community International ,149,433,116,115,112,111,2.732142857142857,47.62608695652174,5,12,46,58,27,1,9133,17353,12742,17578,764.0,327.0
2019-04-01,Kingsdale Community Centre - Neighbourhood Food Program - House of Friendship,349,1118,230,230,220,220,3.1818181818181817,46.81739130434783,3,20,141,134,51,0,9133,17353,12742,17578,764.0,327.0
2019-04-01,Kitchener Community Church and Family Care Centre,240,683,235,235,234,234,2.8376068376068377,45.95744680851064,0,28,94,102,16,0,9133,17353,12742,17578,764.0,327.0
2019-04-01,Langs,22,61,18,18,18,18,2.5555555555555554,39.666666666666664,0,5,8,9,0,0,9133,17353,12742,17578,764.0,327.0
2019-04-01,Paulander Community Centre - Camino Wellness + Mental Health,153,501,54,54,54,54,3.1666666666666665,49.31481481481482,0,11,46,80,16,0,9133,17353,12742,17578,764.0,327.0
2019-04-01,Ray of Hope,304,838,304,304,301,301,2.7475083056478407,47.7828947368421,1,30,104,130,39,0,9133,17353,12742,17578,764.0,327.0
2019-04-01,Salvation Army Cambridge,166,322,166,166,162,162,1.9567901234567902,45.74698795180723,0,22,53,82,9,0,9133,17353,12742,17578,764.0,327.0
2019-04-01,Southwood Resource Centre - Kinbridge Community Association,8,40,5,5,5,5,5.4,38.0,0,0,6,2,0,0,9133,17353,12742,17578,764.0,327.0
2019-04-01,St. Agnes Conference - Society of St. Vincent de Paul,20,53,20,20,20,20,2.65,51.6,0,2,4,11,3,0,9133,17353,12742,17578,764.0,327.0
2019-04-01,St. Anthony Daniel Conference - Society of St. Vincent de Paul,49,140,48,48,48,48,2.875,48.854166666666664,1,2,14,27,5,0,9133,17353,12742,17578,764.0,327.0
2019-04-01,St. John's Church - Society of St. Vincent de Paul,55,147,55,52,54,51,2.7037037037037037,44.88461538461539,0,10,15,24,3,3,9133,17353,12742,17578,764.0,327.0
2019-04-01,St. Michael's Church - Society of St. Vincent de Paul,45,126,44,41,42,39,2.761904761904762,42.65853658536585,0,7,17,17,1,3,9133,17353,12742,17578,764.0,327.0
2019-04-01,Sunnydale Community Centre - Neighbourhood Food Program - House of Friendship,304,1287,104,102,104,102,4.115384615384615,41.98039215686274,0,19,173,91,19,2,9133,17353,12742,17578,764.0,327.0
2019-04-01,Supportive Housing YWCA (Lincoln Road),37,73,18,18,18,18,1.8888888888888888,44.611111111111114,0,4,13,20,0,0,9133,17353,12742,17578,764.0,327.0
2019-04-01,Supportive Housing of Waterloo (SHOW),50,50,20,20,20,20,1.0,53.45,0,0,15,29,6,0,9133,17353,12742,17578,764.0,327.0
2019-04-01,The Food Bank of Waterloo Region - Kitchener,3,4,3,3,3,3,1.3333333333333333,22.333333333333332,0,3,0,0,0,0,9133,17353,12742,17578,764.0,327.0
2019-04-01,Traverse Independence,24,33,19,15,19,15,1.368421052631579,49.6,0,1,4,14,1,4,9133,17353,12742,17578,764.0,327.0
2019-04-01,Wellesley Food Cupboard,35,200,20,17,20,17,5.4,33.23529411764706,0,12,17,3,0,3,9133,17353,12742,17578,764.0,327.0
2019-04-01,Wilmot & Wellesley Resource Centre,75,184,54,53,54,53,2.5,44.79245283018868,0,16,27,24,7,1,9133,17353,12742,17578,764.0,327.0
2019-04-01,Woolwich Community Services,64,147,64,64,64,64,2.296875,48.765625,0,7,23,24,10,0,9133,17353,12742,17578,764.0,327.0
2019-04-01,oneROOF Youth Services,131,188,79,79,78,78,1.5512820512820513,21.848101265822784,6,125,0,0,0,0,9133,17353,12742,17578,764.0,327.0
2019-05-01,Blessed Sacrament Catholic Church - Society of St. Vincent de Paul,94,290,91,91,91,91,3.1538461538461537,45.604395604395606,0,12,34,41,7,0,9255,17641,12800,17646,758.0,363.0
2019-05-01,Cambridge Food Bank - Cambridge,974,2053,818,818,805,805,2.085714285714286,43.06112469437653,4,193,344,368,65,0,9255,17641,12800,17646,758.0,363.0
2019-05-01,Cambridge Vineyard - Urban Hope,78,136,58,32,58,32,1.8793103448275863,49.25,0,2,16,19,15,26,9255,17641,12800,17646,758.0,363.0
2019-05-01,Chandler Mowat Community Centre - Neighbourhood Food Program - House of Friendship,464,1703,148,148,146,146,3.6027397260273974,44.63513513513514,0,65,166,215,18,0,9255,17641,12800,17646,758.0,363.0
2019-05-01,Christopher Champlain Resource Centre - Kinbridge Community Association,14,44,13,13,12,12,3.3333333333333335,45.30769230769231,0,1,6,7,0,0,9255,17641,12800,17646,758.0,363.0
2019-05-01,Courtland Shelley Community Centre - Neighbourhood Food Program - House of Friendship,109,411,39,39,37,37,3.891891891891892,45.12820512820513,0,16,36,52,5,0,9255,17641,12800,17646,758.0,363.0
2019-05-01,Emergency Food Hamper Program - House of Friendship,2190,6204,1958,1957,1928,1927,2.8511410788381744,44.424118548799186,7,406,804,745,227,1,9255,17641,12800,17646,758.0,363.0
2019-05-01,Emmanuel United Church - Waterloo Wayside ,196,328,94,86,95,87,1.5578947368421052,52.848837209302324,0,9,34,89,56,8,9255,17641,12800,17646,758.0,363.0
2019-05-01,Glencairn Mennonite Brethren Church,127,424,121,121,120,120,3.275,49.82644628099174,1,12,35,63,16,0,9255,17641,12800,17646,758.0,363.0
2019-05-01,Kingdom Community International ,242,743,171,168,163,160,2.901840490797546,46.55952380952381,8,25,77,83,46,3,9255,17641,12800,17646,758.0,363.0
2019-05-01,Kingsdale Community Centre - Neighbourhood Food Program - House of Friendship,399,1232,215,215,209,209,3.0239234449760763,47.53488372093023,3,34,140,161,61,0,9255,17641,12800,17646,758.0,363.0
2019-05-01,Kitchener Community Church and Family Care Centre,237,636,231,231,230,230,2.7043478260869565,46.71861471861472,0,31,76,109,21,0,9255,17641,12800,17646,758.0,363.0
2019-05-01,Langs,21,69,16,16,16,16,2.8125,44.5625,0,1,11,9,0,0,9255,17641,12800,17646,758.0,363.0
2019-05-01,Paulander Community Centre - Camino Wellness + Mental Health,117,361,54,54,54,54,3.1481481481481484,50.870370370370374,0,5,32,64,16,0,9255,17641,12800,17646,758.0,363.0
2019-05-01,Ray of Hope,312,882,312,312,309,309,2.831715210355987,47.08653846153846,0,31,113,133,35,0,9255,17641,12800,17646,758.0,363.0
2019-05-01,Salvation Army Cambridge,182,405,181,181,174,174,2.2701149425287355,43.21546961325967,1,37,62,73,9,0,9255,17641,12800,17646,758.0,363.0
2019-05-01,Southwood Resource Centre - Kinbridge Community Association,8,34,5,5,5,5,4.0,42.6,0,0,7,1,0,0,9255,17641,12800,17646,758.0,363.0
2019-05-01,St. Agnes Conference - Society of St. Vincent de Paul,22,61,22,22,22,22,2.772727272727273,46.40909090909091,0,3,6,11,2,0,9255,17641,12800,17646,758.0,363.0
2019-05-01,St. Anthony Daniel Conference - Society of St. Vincent de Paul,19,65,19,19,18,18,3.5,40.68421052631579,0,3,10,6,0,0,9255,17641,12800,17646,758.0,363.0
2019-05-01,St. John's Church - Society of St. Vincent de Paul,56,167,56,54,55,53,2.963636363636364,42.833333333333336,1,7,22,22,2,2,9255,17641,12800,17646,758.0,363.0
2019-05-01,St. Mark's Conference - Society of St. Vincent de Paul,23,86,23,23,23,23,3.739130434782609,45.130434782608695,0,2,13,5,3,0,9255,17641,12800,17646,758.0,363.0
2019-05-01,St. Michael's Church - Society of St. Vincent de Paul,69,230,64,63,64,63,3.296875,39.77777777777778,1,12,35,19,1,1,9255,17641,12800,17646,758.0,363.0
2019-05-01,Sunnydale Community Centre - Neighbourhood Food Program - House of Friendship,392,1638,116,113,116,113,3.9741379310344827,42.65486725663717,0,26,232,111,20,3,9255,17641,12800,17646,758.0,363.0
2019-05-01,Supportive Housing YWCA (Lincoln Road),39,81,16,15,16,15,2.0625,44.13333333333333,0,8,16,12,2,1,9255,17641,12800,17646,758.0,363.0
2019-05-01,Supportive Housing of Waterloo (SHOW),54,54,25,25,25,25,1.0,53.68,0,0,23,25,6,0,9255,17641,12800,17646,758.0,363.0
2019-05-01,The Food Bank of Waterloo Region - Kitchener,1,1,1,1,1,1,1.0,25.0,0,1,0,0,0,0,9255,17641,12800,17646,758.0,363.0
2019-05-01,Traverse Independence,14,22,14,12,14,12,1.5714285714285714,47.083333333333336,0,1,3,8,0,2,9255,17641,12800,17646,758.0,363.0
2019-05-01,Wellesley Food Cupboard,22,142,12,12,12,12,6.25,33.083333333333336,0,11,10,1,0,0,9255,17641,12800,17646,758.0,363.0
2019-05-01,Wilmot & Wellesley Resource Centre,77,197,52,51,52,51,2.6346153846153846,43.78431372549019,0,17,21,30,8,1,9255,17641,12800,17646,758.0,363.0
2019-05-01,Woolwich Community Services,64,142,61,61,61,61,2.1475409836065573,48.18032786885246,0,7,25,22,10,0,9255,17641,12800,17646,758.0,363.0
2019-05-01,oneROOF Youth Services,174,270,91,91,91,91,1.6373626373626373,21.813186813186814,4,170,0,0,0,0,9255,17641,12800,17646,758.0,363.0
2019-06-01,Blessed Sacrament Catholic Church - Society of St. Vincent de Paul,77,256,77,77,77,77,3.324675324675325,44.58441558441559,0,10,33,30,4,0,9243,17637,12680,17461,697.0,366.0
2019-06-01,Cambridge Food Bank - Cambridge,782,1675,664,664,650,650,2.126153846153846,43.727409638554214,4,148,273,307,50,0,9243,17637,12680,17461,697.0,366.0
2019-06-01,Cambridge Vineyard - Urban Hope,78,128,56,30,55,29,1.8,50.8,0,2,13,19,18,26,9243,17637,12680,17461,697.0,366.0
2019-06-01,Chandler Mowat Community Centre - Neighbourhood Food Program - House of Friendship,351,1333,135,135,133,133,3.661654135338346,43.85925925925926,0,58,130,148,15,0,9243,17637,12680,17461,697.0,366.0
2019-06-01,Christopher Champlain Resource Centre - Kinbridge Community Association,19,60,15,15,14,14,3.4285714285714284,46.86666666666667,0,2,3,14,0,0,9243,17637,12680,17461,697.0,366.0
2019-06-01,Courtland Shelley Community Centre - Neighbourhood Food Program - House of Friendship,83,313,38,38,38,38,4.078947368421052,45.526315789473685,0,10,27,42,4,0,9243,17637,12680,17461,697.0,366.0
2019-06-01,Emergency Food Hamper Program - House of Friendship,1857,5320,1712,1710,1690,1688,2.896449704142012,44.32105263157895,1,332,702,633,187,2,9243,17637,12680,17461,697.0,366.0
2019-06-01,Emmanuel United Church - Waterloo Wayside ,182,312,100,94,99,93,1.6868686868686869,51.46808510638298,2,12,31,82,49,6,9243,17637,12680,17461,697.0,366.0
2019-06-01,Glencairn Mennonite Brethren Church,110,393,109,109,108,108,3.564814814814815,49.944954128440365,1,10,32,51,16,0,9243,17637,12680,17461,697.0,366.0
2019-06-01,Kingdom Community International ,193,540,147,145,144,142,2.875,47.827586206896555,6,15,56,68,46,2,9243,17637,12680,17461,697.0,366.0
2019-06-01,Kingsdale Community Centre - Neighbourhood Food Program - House of Friendship,348,1115,228,228,218,218,3.2110091743119265,47.3859649122807,1,22,131,142,52,0,9243,17637,12680,17461,697.0,366.0
2019-06-01,Kitchener Community Church and Family Care Centre,190,568,190,190,189,189,3.0,45.136842105263156,1,19,84,71,15,0,9243,17637,12680,17461,697.0,366.0
2019-06-01,Langs,18,52,15,15,15,15,3.1333333333333333,44.333333333333336,0,1,8,9,0,0,9243,17637,12680,17461,697.0,366.0
2019-06-01,Paulander Community Centre - Camino Wellness + Mental Health,154,507,61,61,61,61,3.3278688524590163,50.278688524590166,0,6,42,86,20,0,9243,17637,12680,17461,697.0,366.0
2019-06-01,Ray of Hope,330,920,329,329,325,325,2.7846153846153845,48.495440729483285,0,25,120,141,44,0,9243,17637,12680,17461,697.0,366.0
2019-06-01,Salvation Army Cambridge,188,376,188,188,184,184,2.0217391304347827,44.38297872340426,0,25,73,82,8,0,9243,17637,12680,17461,697.0,366.0
2019-06-01,Southwood Resource Centre - Kinbridge Community Association,3,12,3,3,3,3,4.0,41.333333333333336,0,0,2,1,0,0,9243,17637,12680,17461,697.0,366.0
2019-06-01,St. Agnes Conference - Society of St. Vincent de Paul,20,49,20,20,20,20,2.45,46.0,0,3,8,8,1,0,9243,17637,12680,17461,697.0,366.0
2019-06-01,St. Anthony Daniel Conference - Society of St. Vincent de Paul,42,94,42,42,41,41,2.268292682926829,47.95238095238095,0,4,13,21,4,0,9243,17637,12680,17461,697.0,366.0
2019-06-01,St. John's Church - Society of St. Vincent de Paul,45,125,45,44,45,44,2.7777777777777777,47.09090909090909,0,8,11,21,4,1,9243,17637,12680,17461,697.0,366.0
2019-06-01,St. Mark's Conference - Society of St. Vincent de Paul,16,65,15,15,15,15,4.133333333333334,44.46666666666667,0,1,10,3,2,0,9243,17637,12680,17461,697.0,366.0
2019-06-01,St. Michael's Church - Society of St. Vincent de Paul,60,161,53,51,52,50,2.730769230769231,40.450980392156865,0,11,31,15,1,2,9243,17637,12680,17461,697.0,366.0
2019-06-01,Sunnydale Community Centre - Neighbourhood Food Program - House of Friendship,316,1346,110,106,110,106,4.109090909090909,43.386792452830186,0,19,178,99,16,4,9243,17637,12680,17461,697.0,366.0
2019-06-01,Supportive Housing YWCA (Lincoln Road),30,61,17,17,17,17,2.0,45.23529411764706,0,5,12,11,2,0,9243,17637,12680,17461,697.0,366.0
2019-06-01,Supportive Housing of Waterloo (SHOW),44,44,22,22,22,22,1.0,52.68181818181818,0,0,15,24,5,0,9243,17637,12680,17461,697.0,366.0
2019-06-01,Traverse Independence,33,42,22,19,22,19,1.3181818181818181,51.05263157894737,0,0,6,21,3,3,9243,17637,12680,17461,697.0,366.0
2019-06-01,Wellesley Food Cupboard,21,132,13,13,13,13,6.153846153846154,33.69230769230769,0,10,9,2,0,0,9243,17637,12680,17461,697.0,366.0
2019-06-01,Wilmot & Wellesley Resource Centre,66,186,47,47,47,47,2.723404255319149,43.51063829787234,0,16,21,25,4,0,9243,17637,12680,17461,697.0,366.0
2019-06-01,Woolwich Community Services,60,149,57,57,57,57,2.3859649122807016,47.10526315789474,0,10,24,17,9,0,9243,17637,12680,17461,697.0,366.0
2019-06-01,oneROOF Youth Services,96,152,60,60,60,60,1.5333333333333334,22.183333333333334,5,91,0,0,0,0,9243,17637,12680,17461,697.0,366.0
2019-07-01,Blessed Sacrament Catholic Church - Society of St. Vincent de Paul,92,293,92,92,91,91,3.1648351648351647,44.45652173913044,0,12,37,37,6,0,9157,17522,12858,17753,693.0,368.0
2019-07-01,Cambridge Food Bank - Cambridge,857,1682,725,725,717,717,1.9790794979079498,43.153103448275864,2,173,299,330,53,0,9157,17522,12858,17753,693.0,368.0
2019-07-01,Cambridge Vineyard - Urban Hope,27,72,23,16,23,16,2.869565217391304,47.25,1,3,4,8,4,7,9157,17522,12858,17753,693.0,368.0
2019-07-01,Chandler Mowat Community Centre - Neighbourhood Food Program - House of Friendship,393,1491,164,164,156,156,3.698717948717949,43.670731707317074,2,58,151,164,18,0,9157,17522,12858,17753,693.0,368.0
2019-07-01,Christopher Champlain Resource Centre - Kinbridge Community Association,23,75,15,15,13,13,3.6153846153846154,42.4,0,4,5,14,0,0,9157,17522,12858,17753,693.0,368.0
2019-07-01,Courtland Shelley Community Centre - Neighbourhood Food Program - House of Friendship,23,84,23,23,23,23,3.652173913043478,45.65217391304348,0,3,7,12,1,0,9157,17522,12858,17753,693.0,368.0
2019-07-01,Emergency Food Hamper Program - House of Friendship,2121,6169,1839,1839,1814,1814,2.8974641675854467,44.49320282762371,5,333,833,737,213,0,9157,17522,12858,17753,693.0,368.0
2019-07-01,Emmanuel United Church - Waterloo Wayside ,156,276,94,92,90,88,1.6222222222222222,51.858695652173914,1,5,33,77,38,2,9157,17522,12858,17753,693.0,368.0
2019-07-01,Erb West Community Centre - Camino Wellness + Mental Health,64,256,34,30,33,29,3.878787878787879,41.06666666666667,1,2,32,25,0,4,9157,17522,12858,17753,693.0,368.0
2019-07-01,Glencairn Mennonite Brethren Church,111,405,111,111,110,110,3.672727272727273,49.009009009009006,1,8,35,54,13,0,9157,17522,12858,17753,693.0,368.0
2019-07-01,Kingdom Community International ,167,589,136,135,128,127,3.1171875,45.34814814814815,11,20,45,69,21,1,9157,17522,12858,17753,693.0,368.0
2019-07-01,Kingsdale Community Centre - Neighbourhood Food Program - House of Friendship,351,1134,215,213,213,211,3.300469483568075,47.352112676056336,1,23,127,143,55,2,9157,17522,12858,17753,693.0,368.0
2019-07-01,Kitchener Community Church and Family Care Centre,235,685,233,233,232,232,2.9267241379310347,44.716738197424895,1,36,93,89,16,0,9157,17522,12858,17753,693.0,368.0
2019-07-01,Langs,20,54,17,17,17,17,2.8823529411764706,41.76470588235294,0,3,9,8,0,0,9157,17522,12858,17753,693.0,368.0
2019-07-01,Paulander Community Centre - Camino Wellness + Mental Health,137,444,60,60,60,60,3.283333333333333,49.1,0,8,40,72,17,0,9157,17522,12858,17753,693.0,368.0
2019-07-01,Ray of Hope,331,971,330,330,325,325,2.913846153846154,47.97878787878788,1,28,119,141,42,0,9157,17522,12858,17753,693.0,368.0
2019-07-01,Salvation Army Cambridge,191,393,191,191,188,188,2.074468085106383,44.8586387434555,0,26,73,82,10,0,9157,17522,12858,17753,693.0,368.0
2019-07-01,Southwood Resource Centre - Kinbridge Community Association,2,7,2,2,2,2,3.5,48.5,0,0,0,2,0,0,9157,17522,12858,17753,693.0,368.0
2019-07-01,St. Agnes Conference - Society of St. Vincent de Paul,29,90,29,29,29,29,3.103448275862069,46.6551724137931,0,4,9,14,2,0,9157,17522,12858,17753,693.0,368.0
2019-07-01,St. Anthony Daniel Conference - Society of St. Vincent de Paul,49,122,49,49,49,49,2.489795918367347,49.51020408163265,0,3,16,26,4,0,9157,17522,12858,17753,693.0,368.0
2019-07-01,St. John's Church - Society of St. Vincent de Paul,49,152,49,47,48,46,3.0833333333333335,39.659574468085104,0,12,19,16,0,2,9157,17522,12858,17753,693.0,368.0
2019-07-01,St. Mark's Conference - Society of St. Vincent de Paul,16,61,16,16,16,16,3.8125,48.375,0,1,7,6,2,0,9157,17522,12858,17753,693.0,368.0
2019-07-01,St. Michael's Church - Society of St. Vincent de Paul,64,214,60,55,58,53,3.189655172413793,43.36363636363637,0,7,27,23,2,5,9157,17522,12858,17753,693.0,368.0
2019-07-01,Sunnydale Community Centre - Neighbourhood Food Program - House of Friendship,330,1374,114,114,114,114,4.114035087719298,41.8421052631579,0,36,173,103,18,0,9157,17522,12858,17753,693.0,368.0
2019-07-01,Supportive Housing YWCA (Lincoln Road),24,51,11,11,11,11,2.1818181818181817,42.36363636363637,0,6,10,8,0,0,9157,17522,12858,17753,693.0,368.0
2019-07-01,Supportive Housing of Waterloo (SHOW),64,69,23,23,23,23,1.0434782608695652,53.78260869565217,0,0,21,38,5,0,9157,17522,12858,17753,693.0,368.0
2019-07-01,Traverse Independence,39,46,26,21,26,21,1.1923076923076923,50.666666666666664,0,0,10,21,3,5,9157,17522,12858,17753,693.0,368.0
2019-07-01,Wellesley Food Cupboard,11,71,6,6,6,6,6.166666666666667,34.666666666666664,0,4,7,0,0,0,9157,17522,12858,17753,693.0,368.0
2019-07-01,Wilmot & Wellesley Resource Centre,85,246,62,62,62,62,2.838709677419355,43.37096774193548,0,20,32,28,5,0,9157,17522,12858,17753,693.0,368.0
2019-07-01,Woolwich Community Services,57,142,57,57,57,57,2.491228070175439,46.719298245614034,0,7,23,21,6,0,9157,17522,12858,17753,693.0,368.0
2019-07-01,oneROOF Youth Services,92,137,63,63,64,64,1.46875,21.936507936507937,5,87,0,0,0,0,9157,17522,12858,17753,693.0,368.0
2019-08-01,Blessed Sacrament Catholic Church - Society of St. Vincent de Paul,88,297,87,87,87,87,3.3448275862068964,45.195402298850574,0,12,36,36,4,0,9232,17665,13039,18005,718.0,353.0
2019-08-01,Cambridge Food Bank - Cambridge,858,1777,726,726,717,717,2.062761506276151,43.43112947658402,3,170,310,312,63,0,9232,17665,13039,18005,718.0,353.0
2019-08-01,Cambridge Vineyard - Urban Hope,16,24,16,9,16,9,1.5,51.55555555555556,0,1,2,3,3,7,9232,17665,13039,18005,718.0,353.0
2019-08-01,Chandler Mowat Community Centre - Neighbourhood Food Program - House of Friendship,457,1794,162,162,152,152,3.789473684210526,43.851851851851855,5,70,166,194,22,0,9232,17665,13039,18005,718.0,353.0
2019-08-01,Christopher Champlain Resource Centre - Kinbridge Community Association,20,60,16,16,14,14,3.2142857142857144,44.75,0,3,4,12,1,0,9232,17665,13039,18005,718.0,353.0
2019-08-01,Courtland Shelley Community Centre - Neighbourhood Food Program - House of Friendship,49,201,31,31,30,30,4.166666666666667,42.096774193548384,2,5,18,24,0,0,9232,17665,13039,18005,718.0,353.0
2019-08-01,Emergency Food Hamper Program - House of Friendship,1953,5810,1756,1756,1733,1733,2.9688401615695326,45.073462414578586,3,326,718,680,226,0,9232,17665,13039,18005,718.0,353.0
2019-08-01,Emmanuel United Church - Waterloo Wayside ,200,321,105,100,102,97,1.4705882352941178,52.84,1,6,39,93,56,5,9232,17665,13039,18005,718.0,353.0
2019-08-01,Erb West Community Centre - Camino Wellness + Mental Health,100,371,36,36,36,36,3.6666666666666665,42.333333333333336,0,11,50,39,0,0,9232,17665,13039,18005,718.0,353.0
2019-08-01,Glencairn Mennonite Brethren Church,113,451,113,113,111,111,4.009009009009009,48.83185840707964,1,9,34,53,16,0,9232,17665,13039,18005,718.0,353.0
2019-08-01,Kingdom Community International ,244,939,171,171,159,159,3.4213836477987423,45.83040935672515,10,23,82,87,42,0,9232,17665,13039,18005,718.0,353.0
2019-08-01,Kingsdale Community Centre - Neighbourhood Food Program - House of Friendship,378,1183,221,221,213,213,3.2065727699530515,47.199095022624434,1,20,144,152,61,0,9232,17665,13039,18005,718.0,353.0
2019-08-01,Kitchener Community Church and Family Care Centre,166,508,166,166,164,164,3.067073170731707,45.86746987951807,0,28,53,74,11,0,9232,17665,13039,18005,718.0,353.0
2019-08-01,Langs,14,29,12,12,12,12,2.0,48.666666666666664,0,3,3,7,1,0,9232,17665,13039,18005,718.0,353.0
2019-08-01,Paulander Community Centre - Camino Wellness + Mental Health,117,388,52,52,52,52,3.326923076923077,51.07692307692308,0,4,32,63,18,0,9232,17665,13039,18005,718.0,353.0
2019-08-01,Ray of Hope,311,919,309,309,305,305,2.9311475409836065,48.0873786407767,0,29,105,136,41,0,9232,17665,13039,18005,718.0,353.0
2019-08-01,Salvation Army Cambridge,201,414,201,201,199,199,2.0653266331658293,45.243781094527364,0,29,73,89,10,0,9232,17665,13039,18005,718.0,353.0
2019-08-01,Southwood Resource Centre - Kinbridge Community Association,8,33,6,6,6,6,4.5,43.333333333333336,0,0,4,4,0,0,9232,17665,13039,18005,718.0,353.0
2019-08-01,St. Agnes Conference - Society of St. Vincent de Paul,26,72,26,26,26,26,2.769230769230769,46.57692307692308,0,5,7,12,2,0,9232,17665,13039,18005,718.0,353.0
2019-08-01,St. Aloysius Parish Food Pantry,1,1,1,1,1,1,1.0,25.0,0,1,0,0,0,0,9232,17665,13039,18005,718.0,353.0
2019-08-01,St. Anthony Daniel Conference - Society of St. Vincent de Paul,37,100,37,37,37,37,2.7027027027027026,47.24324324324324,0,5,9,20,3,0,9232,17665,13039,18005,718.0,353.0
2019-08-01,St. John's Church - Society of St. Vincent de Paul,54,160,54,54,54,54,2.962962962962963,44.03703703703704,0,6,22,24,2,0,9232,17665,13039,18005,718.0,353.0
2019-08-01,St. Mark's Conference - Society of St. Vincent de Paul,15,57,14,14,14,14,3.857142857142857,45.785714285714285,0,0,9,4,2,0,9232,17665,13039,18005,718.0,353.0
2019-08-01,St. Michael's Church - Society of St. Vincent de Paul,38,107,37,35,37,35,2.864864864864865,42.8,0,6,16,12,2,2,9232,17665,13039,18005,718.0,353.0
2019-08-01,Sunnydale Community Centre - Neighbourhood Food Program - House of Friendship,415,1722,123,120,123,120,4.08130081300813,42.475,0,42,219,127,24,3,9232,17665,13039,18005,718.0,353.0
2019-08-01,Supportive Housing YWCA (Lincoln Road),44,87,21,20,21,20,1.8095238095238095,48.45,0,4,19,19,1,1,9232,17665,13039,18005,718.0,353.0
2019-08-01,Supportive Housing of Waterloo (SHOW),49,53,23,23,23,23,1.0434782608695652,51.56521739130435,0,3,21,22,3,0,9232,17665,13039,18005,718.0,353.0
2019-08-01,Traverse Independence,16,17,16,16,16,16,1.0625,54.5,0,0,2,10,4,0,9232,17665,13039,18005,718.0,353.0
2019-08-01,Wellesley Food Cupboard,42,251,29,22,29,22,5.896551724137931,33.04545454545455,1,12,21,1,0,7,9232,17665,13039,18005,718.0,353.0
2019-08-01,Wilmot & Wellesley Resource Centre,77,247,59,56,58,55,2.913793103448276,44.07142857142857,0,20,19,32,3,3,9232,17665,13039,18005,718.0,353.0
2019-08-01,Woolwich Community Services,70,152,66,66,65,65,2.2,49.68181818181818,0,4,28,25,13,0,9232,17665,13039,18005,718.0,353.0
2019-08-01,oneROOF Youth Services,33,59,33,33,33,33,1.7878787878787878,22.393939393939394,3,30,0,0,0,0,9232,17665,13039,18005,718.0,353.0
2019-09-01,Blessed Sacrament Catholic Church - Society of St. Vincent de Paul,93,327,93,93,93,93,3.5161290322580645,44.98924731182796,0,8,46,32,7,0,9088,17512,12825,17678,697.0,332.0
2019-09-01,Cambridge Food Bank - Cambridge,832,1765,708,708,693,693,2.0865800865800868,43.24576271186441,2,168,301,309,52,0,9088,17512,12825,17678,697.0,332.0
2019-09-01,Cambridge Vineyard - Urban Hope,76,109,58,22,57,21,1.4035087719298245,45.68181818181818,0,6,17,10,7,36,9088,17512,12825,17678,697.0,332.0
2019-09-01,Chandler Mowat Community Centre - Neighbourhood Food Program - House of Friendship,417,1622,164,164,160,160,3.675,42.8719512195122,1,73,152,171,20,0,9088,17512,12825,17678,697.0,332.0
2019-09-01,Christopher Champlain Resource Centre - Kinbridge Community Association,11,39,9,9,8,8,4.375,41.333333333333336,0,2,3,6,0,0,9088,17512,12825,17678,697.0,332.0
2019-09-01,Courtland Shelley Community Centre - Neighbourhood Food Program - House of Friendship,107,421,33,33,32,32,4.0625,45.121212121212125,0,7,38,58,4,0,9088,17512,12825,17678,697.0,332.0
2019-09-01,Emergency Food Hamper Program - House of Friendship,1811,5181,1683,1683,1656,1656,2.91243961352657,44.6524064171123,8,321,664,597,221,0,9088,17512,12825,17678,697.0,332.0
2019-09-01,Emmanuel United Church - Waterloo Wayside ,149,234,78,76,77,75,1.5974025974025974,55.44736842105263,0,0,30,59,58,2,9088,17512,12825,17678,697.0,332.0
2019-09-01,Erb West Community Centre - Camino Wellness + Mental Health,60,230,31,31,31,31,3.870967741935484,40.61290322580645,0,8,29,23,0,0,9088,17512,12825,17678,697.0,332.0
2019-09-01,Glencairn Mennonite Brethren Church,116,436,116,116,115,115,3.782608695652174,49.31896551724138,1,10,34,54,17,0,9088,17512,12825,17678,697.0,332.0
2019-09-01,Kingdom Community International ,227,765,176,176,168,168,3.2857142857142856,48.89772727272727,5,14,67,107,34,0,9088,17512,12825,17678,697.0,332.0
2019-09-01,Kingsdale Community Centre - Neighbourhood Food Program - House of Friendship,264,803,191,191,190,190,3.1736842105263157,48.17801047120419,1,19,97,102,45,0,9088,17512,12825,17678,697.0,332.0
2019-09-01,Kitchener Community Church and Family Care Centre,171,517,171,171,169,169,3.029585798816568,43.67836257309941,1,24,73,60,13,0,9088,17512,12825,17678,697.0,332.0
2019-09-01,Langs,14,36,13,13,13,13,2.6923076923076925,45.46153846153846,0,0,4,10,0,0,9088,17512,12825,17678,697.0,332.0
2019-09-01,Paulander Community Centre - Camino Wellness + Mental Health,148,480,55,55,53,53,3.2452830188679247,50.41818181818182,1,5,42,80,20,0,9088,17512,12825,17678,697.0,332.0
2019-09-01,Ray of Hope,395,1137,394,394,389,389,2.8766066838046274,47.30203045685279,2,42,137,165,49,0,9088,17512,12825,17678,697.0,332.0
2019-09-01,Salvation Army Cambridge,200,396,200,200,195,195,2.005128205128205,44.72,0,35,69,84,12,0,9088,17512,12825,17678,697.0,332.0
2019-09-01,Southwood Resource Centre - Kinbridge Community Association,11,49,8,8,8,8,4.75,36.25,0,2,5,4,0,0,9088,17512,12825,17678,697.0,332.0
2019-09-01,St. Agnes Conference - Society of St. Vincent de Paul,29,97,28,28,28,28,3.2142857142857144,45.392857142857146,0,7,10,8,4,0,9088,17512,12825,17678,697.0,332.0
2019-09-01,St. Aloysius Parish Food Pantry,5,6,5,5,5,5,1.2,41.8,0,1,2,2,0,0,9088,17512,12825,17678,697.0,332.0
2019-09-01,St. Anthony Daniel Conference - Society of St. Vincent de Paul,47,117,45,45,44,44,2.477272727272727,47.24444444444445,0,3,17,24,3,0,9088,17512,12825,17678,697.0,332.0
2019-09-01,St. John's Church - Society of St. Vincent de Paul,50,140,50,50,50,50,2.8,43.94,0,5,24,19,2,0,9088,17512,12825,17678,697.0,332.0
2019-09-01,St. Mark's Conference - Society of St. Vincent de Paul,31,118,30,30,30,30,3.8333333333333335,43.5,0,3,18,8,2,0,9088,17512,12825,17678,697.0,332.0
2019-09-01,St. Michael's Church - Society of St. Vincent de Paul,54,182,52,49,52,49,3.423076923076923,42.142857142857146,0,3,31,16,1,3,9088,17512,12825,17678,697.0,332.0
2019-09-01,Sunnydale Community Centre - Neighbourhood Food Program - House of Friendship,324,1372,121,116,121,116,4.132231404958677,42.86206896551724,0,23,174,103,19,5,9088,17512,12825,17678,697.0,332.0
2019-09-01,Supportive Housing YWCA (Lincoln Road),29,58,16,16,16,16,1.875,46.25,0,4,11,14,0,0,9088,17512,12825,17678,697.0,332.0
2019-09-01,Supportive Housing of Waterloo (SHOW),51,55,23,23,23,23,1.0434782608695652,51.78260869565217,0,2,16,31,2,0,9088,17512,12825,17678,697.0,332.0
2019-09-01,Traverse Independence,18,20,18,18,18,18,1.1111111111111112,49.77777777777778,0,1,4,11,2,0,9088,17512,12825,17678,697.0,332.0
2019-09-01,Wellesley Food Cupboard,19,96,14,13,14,13,4.642857142857143,31.076923076923077,0,10,7,1,0,1,9088,17512,12825,17678,697.0,332.0
2019-09-01,Wilmot & Wellesley Resource Centre,81,222,59,57,58,56,2.6551724137931036,43.35087719298246,0,22,22,30,5,2,9088,17512,12825,17678,697.0,332.0
2019-09-01,Woolwich Community Services,57,132,53,53,53,53,2.3773584905660377,49.528301886792455,0,5,20,23,9,0,9088,17512,12825,17678,697.0,332.0
2019-09-01,oneROOF Youth Services,117,202,64,64,63,63,1.746031746031746,22.625,2,114,1,0,0,0,9088,17512,12825,17678,697.0,332.0
2019-10-01,Blessed Sacrament Catholic Church - Society of St. Vincent de Paul,114,378,113,113,112,112,3.3392857142857144,45.80530973451327,0,11,50,44,9,0,9006,17345,12976,17928,694.0,359.0
2019-10-01,Cambridge Food Bank - Cambridge,904,1892,729,729,719,719,2.132127955493741,43.862825788751714,7,175,293,369,60,0,9006,17345,12976,17928,694.0,359.0
2019-10-01,Cambridge Vineyard - Urban Hope,1,1,1,0,1,0,1.0,,0,0,0,0,0,1,9006,17345,12976,17928,694.0,359.0
2019-10-01,Chandler Mowat Community Centre - Neighbourhood Food Program - House of Friendship,470,1859,163,163,157,157,3.694267515923567,44.63803680981595,0,61,184,194,31,0,9006,17345,12976,17928,694.0,359.0
2019-10-01,Christopher Champlain Resource Centre - Kinbridge Community Association,13,37,12,12,11,11,3.1818181818181817,43.416666666666664,0,3,3,7,0,0,9006,17345,12976,17928,694.0,359.0
2019-10-01,Courtland Shelley Community Centre - Neighbourhood Food Program - House of Friendship,133,539,39,39,39,39,4.051282051282051,44.30769230769231,0,9,53,67,4,0,9006,17345,12976,17928,694.0,359.0
2019-10-01,Emergency Food Hamper Program - House of Friendship,1936,5713,1735,1734,1710,1709,2.9725146198830408,45.2358708189158,3,304,731,660,237,1,9006,17345,12976,17928,694.0,359.0
2019-10-01,Emmanuel United Church - Waterloo Wayside ,165,285,76,75,74,73,1.5810810810810811,54.25333333333333,0,4,24,71,65,1,9006,17345,12976,17928,694.0,359.0
2019-10-01,Erb West Community Centre - Camino Wellness + Mental Health,111,413,35,34,34,33,3.588235294117647,42.61764705882353,0,12,57,40,1,1,9006,17345,12976,17928,694.0,359.0
2019-10-01,Glencairn Mennonite Brethren Church,101,384,101,101,101,101,3.801980198019802,51.10891089108911,2,4,27,49,19,0,9006,17345,12976,17928,694.0,359.0
2019-10-01,Kingdom Community International ,281,952,188,188,177,177,3.1299435028248586,47.3936170212766,8,28,76,119,50,0,9006,17345,12976,17928,694.0,359.0
2019-10-01,Kingsdale Community Centre - Neighbourhood Food Program - House of Friendship,405,1232,218,218,209,209,2.9808612440191387,47.330275229357795,2,43,149,144,67,0,9006,17345,12976,17928,694.0,359.0
2019-10-01,Kitchener Community Church and Family Care Centre,192,569,189,189,188,188,2.952127659574468,46.05291005291005,0,21,76,80,15,0,9006,17345,12976,17928,694.0,359.0
2019-10-01,Langs,15,38,15,15,15,15,2.533333333333333,45.6,0,2,6,5,2,0,9006,17345,12976,17928,694.0,359.0
2019-10-01,Paulander Community Centre - Camino Wellness + Mental Health,112,358,51,51,51,51,3.0980392156862746,50.86274509803921,1,4,32,60,15,0,9006,17345,12976,17928,694.0,359.0
2019-10-01,Ray of Hope,374,1116,374,374,370,370,2.9918918918918918,47.81818181818182,2,39,121,164,48,0,9006,17345,12976,17928,694.0,359.0
2019-10-01,Salvation Army Cambridge,174,331,172,172,169,169,1.9230769230769231,44.877906976744185,0,26,62,80,6,0,9006,17345,12976,17928,694.0,359.0
2019-10-01,Southwood Resource Centre - Kinbridge Community Association,10,42,9,9,9,9,4.333333333333333,38.77777777777778,0,1,5,4,0,0,9006,17345,12976,17928,694.0,359.0
2019-10-01,St. Agnes Conference - Society of St. Vincent de Paul,31,85,31,31,31,31,2.7419354838709675,50.96774193548387,0,4,8,13,6,0,9006,17345,12976,17928,694.0,359.0
2019-10-01,St. Aloysius Parish Food Pantry,3,6,3,3,3,3,2.0,30.666666666666668,0,1,2,0,0,0,9006,17345,12976,17928,694.0,359.0
2019-10-01,St. Anthony Daniel Conference - Society of St. Vincent de Paul,79,224,76,76,74,74,2.72972972972973,48.75,2,8,24,34,11,0,9006,17345,12976,17928,694.0,359.0
2019-10-01,St. John's Church - Society of St. Vincent de Paul,66,175,64,61,64,61,2.703125,45.22950819672131,1,8,20,33,1,3,9006,17345,12976,17928,694.0,359.0
2019-10-01,St. Mark's Conference - Society of St. Vincent de Paul,19,68,18,18,17,17,3.5294117647058822,44.55555555555556,0,0,14,3,2,0,9006,17345,12976,17928,694.0,359.0
2019-10-01,St. Michael's Church - Society of St. Vincent de Paul,47,161,44,42,44,42,3.4545454545454546,41.61904761904762,0,6,23,14,2,2,9006,17345,12976,17928,694.0,359.0
2019-10-01,Sunnydale Community Centre - Neighbourhood Food Program - House of Friendship,385,1708,121,120,120,119,4.133333333333334,42.725,1,22,220,118,23,1,9006,17345,12976,17928,694.0,359.0
2019-10-01,Supportive Housing YWCA (Lincoln Road),30,59,21,21,21,21,1.8571428571428572,45.76190476190476,0,6,11,12,1,0,9006,17345,12976,17928,694.0,359.0
2019-10-01,Supportive Housing of Waterloo (SHOW),66,71,27,27,27,27,1.037037037037037,53.48148148148148,0,3,22,35,6,0,9006,17345,12976,17928,694.0,359.0
2019-10-01,The Food Bank of Waterloo Region - Kitchener,6,19,6,6,6,6,3.1666666666666665,40.166666666666664,0,2,2,1,1,0,9006,17345,12976,17928,694.0,359.0
2019-10-01,Traverse Independence,29,33,19,19,19,19,1.105263157894737,50.1578947368421,0,1,7,17,4,0,9006,17345,12976,17928,694.0,359.0
2019-10-01,Wellesley Food Cupboard,20,118,14,10,14,10,5.428571428571429,30.0,0,10,6,0,0,4,9006,17345,12976,17928,694.0,359.0
2019-10-01,Wilmot & Wellesley Resource Centre,108,316,68,65,67,64,2.701492537313433,44.63076923076923,0,26,32,34,13,3,9006,17345,12976,17928,694.0,359.0
2019-10-01,Woolwich Community Services,60,168,58,58,58,58,2.793103448275862,46.275862068965516,0,11,18,22,9,0,9006,17345,12976,17928,694.0,359.0
2019-10-01,oneROOF Youth Services,122,184,71,71,71,71,1.5352112676056338,22.253521126760564,7,114,1,0,0,0,9006,17345,12976,17928,694.0,359.0
2019-11-01,Blessed Sacrament Catholic Church - Society of St. Vincent de Paul,115,384,115,115,115,115,3.3391304347826085,45.18260869565217,0,11,53,43,8,0,9081,17482,12907,17793,749.0,371.0
2019-11-01,Cambridge Food Bank - Cambridge,1032,2338,795,795,780,780,2.2525641025641026,43.75094339622642,12,191,332,427,70,0,9081,17482,12907,17793,749.0,371.0
2019-11-01,Cambridge Vineyard - Urban Hope,17,17,17,0,17,0,1.0,,0,0,0,0,0,17,9081,17482,12907,17793,749.0,371.0
2019-11-01,Chandler Mowat Community Centre - Neighbourhood Food Program - House of Friendship,360,1320,140,140,135,135,3.577777777777778,45.52857142857143,0,53,121,161,25,0,9081,17482,12907,17793,749.0,371.0
2019-11-01,Christopher Champlain Resource Centre - Kinbridge Community Association,21,86,13,13,11,11,4.636363636363637,38.92307692307692,0,6,7,8,0,0,9081,17482,12907,17793,749.0,371.0
2019-11-01,Courtland Shelley Community Centre - Neighbourhood Food Program - House of Friendship,115,462,37,37,37,37,3.972972972972973,45.83783783783784,0,5,47,59,4,0,9081,17482,12907,17793,749.0,371.0
2019-11-01,Emergency Food Hamper Program - House of Friendship,2740,8408,2432,2430,2368,2366,3.0363175675675675,44.476543209876546,4,468,1064,901,301,2,9081,17482,12907,17793,749.0,371.0
2019-11-01,Emmanuel United Church - Waterloo Wayside ,122,209,63,63,61,61,1.721311475409836,56.44444444444444,0,2,19,51,50,0,9081,17482,12907,17793,749.0,371.0
2019-11-01,Erb West Community Centre - Camino Wellness + Mental Health,80,313,26,26,26,26,3.8461538461538463,41.07692307692308,0,8,40,32,0,0,9081,17482,12907,17793,749.0,371.0
2019-11-01,Glencairn Mennonite Brethren Church,133,532,133,133,129,129,4.0,49.714285714285715,2,7,41,66,17,0,9081,17482,12907,17793,749.0,371.0
2019-11-01,Kingdom Community International ,267,870,175,175,164,164,3.3536585365853657,46.21714285714286,11,31,63,110,52,0,9081,17482,12907,17793,749.0,371.0
2019-11-01,Kingsdale Community Centre - Neighbourhood Food Program - House of Friendship,365,1088,229,229,224,224,2.9955357142857144,48.92576419213974,2,29,122,151,61,0,9081,17482,12907,17793,749.0,371.0
2019-11-01,Kitchener Community Church and Family Care Centre,116,378,116,116,114,114,3.2982456140350878,44.64655172413793,1,11,51,49,4,0,9081,17482,12907,17793,749.0,371.0
2019-11-01,Langs,18,41,17,17,16,16,2.4375,43.588235294117645,0,2,9,7,0,0,9081,17482,12907,17793,749.0,371.0
2019-11-01,Paulander Community Centre - Camino Wellness + Mental Health,158,495,47,47,48,48,3.1041666666666665,50.340425531914896,2,5,45,87,19,0,9081,17482,12907,17793,749.0,371.0
2019-11-01,Ray of Hope,412,1219,412,412,407,407,2.9557739557739557,46.71116504854369,0,43,151,173,45,0,9081,17482,12907,17793,749.0,371.0
2019-11-01,Salvation Army Cambridge,169,330,166,166,164,164,1.9695121951219512,46.524096385542165,0,21,54,87,7,0,9081,17482,12907,17793,749.0,371.0
2019-11-01,Southwood Resource Centre - Kinbridge Community Association,10,40,7,7,7,7,4.428571428571429,45.857142857142854,0,0,3,7,0,0,9081,17482,12907,17793,749.0,371.0
2019-11-01,St. Agnes Conference - Society of St. Vincent de Paul,32,99,32,32,32,32,3.09375,45.5625,0,3,15,11,3,0,9081,17482,12907,17793,749.0,371.0
2019-11-01,St. Aloysius Parish Food Pantry,31,98,29,29,29,29,3.206896551724138,40.44827586206897,0,4,17,10,0,0,9081,17482,12907,17793,749.0,371.0
2019-11-01,St. Anthony Daniel Conference - Society of St. Vincent de Paul,110,386,108,108,108,108,3.509259259259259,47.888888888888886,1,8,37,51,13,0,9081,17482,12907,17793,749.0,371.0
2019-11-01,St. John's Church - Society of St. Vincent de Paul,49,137,49,48,49,48,2.795918367346939,43.604166666666664,0,7,20,18,3,1,9081,17482,12907,17793,749.0,371.0
2019-11-01,St. Mark's Conference - Society of St. Vincent de Paul,20,91,19,19,19,19,4.473684210526316,47.421052631578945,0,1,9,8,2,0,9081,17482,12907,17793,749.0,371.0
2019-11-01,St. Michael's Church - Society of St. Vincent de Paul,61,198,58,52,57,51,3.2280701754385963,41.0,0,8,28,15,4,6,9081,17482,12907,17793,749.0,371.0
2019-11-01,Sunnydale Community Centre - Neighbourhood Food Program - House of Friendship,328,1428,112,112,113,113,4.176991150442478,43.1875,0,27,180,102,19,0,9081,17482,12907,17793,749.0,371.0
2019-11-01,Supportive Housing YWCA (Lincoln Road),39,68,22,22,22,22,1.5454545454545454,48.27272727272727,0,7,14,17,1,0,9081,17482,12907,17793,749.0,371.0
2019-11-01,Supportive Housing of Waterloo (SHOW),78,81,28,28,28,28,1.0357142857142858,52.92857142857143,0,5,24,44,5,0,9081,17482,12907,17793,749.0,371.0
2019-11-01,The Food Bank of Waterloo Region - Kitchener,1,1,1,1,1,1,1.0,32.0,0,0,1,0,0,0,9081,17482,12907,17793,749.0,371.0
2019-11-01,Traverse Independence,14,16,14,14,14,14,1.1428571428571428,49.785714285714285,0,1,4,6,3,0,9081,17482,12907,17793,749.0,371.0
2019-11-01,Wellesley Food Cupboard,19,113,17,13,17,13,5.823529411764706,31.76923076923077,0,6,9,0,0,4,9081,17482,12907,17793,749.0,371.0
2019-11-01,Wilmot & Wellesley Resource Centre,98,280,73,68,73,68,2.7945205479452055,45.10294117647059,0,18,26,41,8,5,9081,17482,12907,17793,749.0,371.0
2019-11-01,Woolwich Community Services,75,171,75,75,75,75,2.28,48.36,1,9,22,32,11,0,9081,17482,12907,17793,749.0,371.0
2019-11-01,oneROOF Youth Services,109,147,69,69,68,68,1.3970588235294117,22.130434782608695,8,101,0,0,0,0,9081,17482,12907,17793,749.0,371.0
2019-12-01,Blessed Sacrament Catholic Church - Society of St. Vincent de Paul,64,225,62,62,62,62,3.4838709677419355,44.693548387096776,0,8,28,24,4,0,9094,17393,12882,17748,856.0,383.0
2019-12-01,Cambridge Food Bank - Cambridge,962,2295,698,698,681,681,2.2701908957415564,44.87965616045845,3,160,295,413,91,0,9094,17393,12882,17748,856.0,383.0
2019-12-01,Cambridge Vineyard - Urban Hope,80,117,59,36,56,33,1.4285714285714286,48.25,0,6,16,20,15,23,9094,17393,12882,17748,856.0,383.0
2019-12-01,Chandler Mowat Community Centre - Neighbourhood Food Program - House of Friendship,272,996,140,140,138,138,3.6956521739130435,44.47142857142857,0,39,99,117,17,0,9094,17393,12882,17748,856.0,383.0
2019-12-01,Christopher Champlain Resource Centre - Kinbridge Community Association,12,21,8,8,7,7,2.142857142857143,44.625,0,0,6,6,0,0,9094,17393,12882,17748,856.0,383.0
2019-12-01,Courtland Shelley Community Centre - Neighbourhood Food Program - House of Friendship,94,366,43,43,43,43,3.9302325581395348,46.76744186046512,0,4,36,51,3,0,9094,17393,12882,17748,856.0,383.0
2019-12-01,Emergency Food Hamper Program - House of Friendship,1912,6030,1631,1627,1588,1584,3.108942065491184,45.515058389674245,2,250,728,734,194,4,9094,17393,12882,17748,856.0,383.0
2019-12-01,Emmanuel United Church - Waterloo Wayside ,117,189,74,71,74,71,1.7702702702702702,56.50704225352113,0,6,12,49,47,3,9094,17393,12882,17748,856.0,383.0
2019-12-01,Erb West Community Centre - Camino Wellness + Mental Health,54,210,23,23,23,23,3.869565217391304,43.43478260869565,0,3,24,27,0,0,9094,17393,12882,17748,856.0,383.0
2019-12-01,Glencairn Mennonite Brethren Church,107,437,107,107,105,105,4.114285714285714,48.45794392523364,2,9,35,46,15,0,9094,17393,12882,17748,856.0,383.0
2019-12-01,Kingdom Community International ,225,804,157,157,149,149,3.6308724832214767,48.30573248407644,4,19,74,90,38,0,9094,17393,12882,17748,856.0,383.0
2019-12-01,Kingsdale Community Centre - Neighbourhood Food Program - House of Friendship,262,793,197,197,192,192,3.0520833333333335,49.5736040609137,1,17,83,115,46,0,9094,17393,12882,17748,856.0,383.0
2019-12-01,Kitchener Community Church and Family Care Centre,3,7,3,3,3,3,2.3333333333333335,34.0,0,1,2,0,0,0,9094,17393,12882,17748,856.0,383.0
2019-12-01,Langs,15,41,13,13,13,13,3.0,44.23076923076923,0,2,5,6,2,0,9094,17393,12882,17748,856.0,383.0
2019-12-01,Paulander Community Centre - Camino Wellness + Mental Health,108,352,51,51,51,51,3.156862745098039,50.01960784313726,1,2,32,58,15,0,9094,17393,12882,17748,856.0,383.0
2019-12-01,Ray of Hope,354,1105,354,354,351,351,3.1253561253561255,46.836158192090394,1,32,138,139,44,0,9094,17393,12882,17748,856.0,383.0
2019-12-01,Salvation Army Cambridge,46,94,46,46,45,45,2.066666666666667,42.30434782608695,0,10,19,15,2,0,9094,17393,12882,17748,856.0,383.0
2019-12-01,Southwood Resource Centre - Kinbridge Community Association,6,28,6,6,6,6,4.666666666666667,45.833333333333336,0,0,3,3,0,0,9094,17393,12882,17748,856.0,383.0
2019-12-01,St. Agnes Conference - Society of St. Vincent de Paul,8,21,8,8,8,8,2.625,44.75,0,1,3,4,0,0,9094,17393,12882,17748,856.0,383.0
2019-12-01,St. Aloysius Parish Food Pantry,6,18,6,6,6,6,3.0,45.833333333333336,0,1,2,3,0,0,9094,17393,12882,17748,856.0,383.0
2019-12-01,St. Anthony Daniel Conference - Society of St. Vincent de Paul,26,68,26,26,26,26,2.6153846153846154,52.30769230769231,0,1,9,10,6,0,9094,17393,12882,17748,856.0,383.0
2019-12-01,St. John's Church - Society of St. Vincent de Paul,26,82,26,25,26,25,3.1538461538461537,48.08,0,1,7,16,1,1,9094,17393,12882,17748,856.0,383.0
2019-12-01,St. Michael's Church - Society of St. Vincent de Paul,58,154,54,52,54,52,2.6666666666666665,42.84615384615385,0,10,24,17,5,2,9094,17393,12882,17748,856.0,383.0
2019-12-01,Sunnydale Community Centre - Neighbourhood Food Program - House of Friendship,238,1020,106,104,106,104,4.1415094339622645,42.48076923076923,0,20,130,68,18,2,9094,17393,12882,17748,856.0,383.0
2019-12-01,Supportive Housing YWCA (Lincoln Road),41,85,23,22,23,22,1.7391304347826086,47.59090909090909,0,4,22,13,1,1,9094,17393,12882,17748,856.0,383.0
2019-12-01,Supportive Housing of Waterloo (SHOW),67,70,24,24,24,24,1.0416666666666667,52.166666666666664,0,3,21,37,6,0,9094,17393,12882,17748,856.0,383.0
2019-12-01,The Food Bank of Waterloo Region - Kitchener,3,5,3,3,3,3,1.6666666666666667,46.333333333333336,0,1,0,1,1,0,9094,17393,12882,17748,856.0,383.0
2019-12-01,Traverse Independence,16,18,16,16,16,16,1.125,51.1875,0,1,3,8,4,0,9094,17393,12882,17748,856.0,383.0
2019-12-01,Wellesley Food Cupboard,7,40,6,6,6,6,5.666666666666667,30.833333333333332,0,6,1,0,0,0,9094,17393,12882,17748,856.0,383.0
2019-12-01,Wilmot & Wellesley Resource Centre,39,103,31,29,31,29,2.3870967741935485,35.93103448275862,0,16,14,4,3,2,9094,17393,12882,17748,856.0,383.0
2019-12-01,Woolwich Community Services,33,108,33,33,33,33,3.272727272727273,46.333333333333336,0,3,13,14,3,0,9094,17393,12882,17748,856.0,383.0
2019-12-01,oneROOF Youth Services,53,82,42,42,42,42,1.5,22.38095238095238,2,51,0,0,0,0,9094,17393,12882,17748,856.0,383.0
2020-01-01,Blessed Sacrament Catholic Church - Society of St. Vincent de Paul,102,345,102,102,102,102,3.3823529411764706,45.6078431372549,0,10,41,43,8,0,9340,17874,12930,17819,827.0,406.0
2020-01-01,Cambridge Food Bank - Cambridge,1164,2464,876,876,856,856,2.1296728971962615,44.38926940639269,5,210,402,476,71,0,9340,17874,12930,17819,827.0,406.0
2020-01-01,Chandler Mowat Community Centre - Neighbourhood Food Program - House of Friendship,292,1139,134,134,130,130,3.746153846153846,44.3134328358209,0,52,113,112,15,0,9340,17874,12930,17819,827.0,406.0
2020-01-01,Christopher Champlain Resource Centre - Kinbridge Community Association,23,70,19,19,17,17,3.411764705882353,42.05263157894737,0,5,6,12,0,0,9340,17874,12930,17819,827.0,406.0
2020-01-01,Courtland Shelley Community Centre - Neighbourhood Food Program - House of Friendship,219,813,132,132,132,132,3.5606060606060606,47.22727272727273,2,12,77,113,15,0,9340,17874,12930,17819,827.0,406.0
2020-01-01,Emergency Food Hamper Program - House of Friendship,2333,6648,1955,1952,1915,1912,2.9007832898172325,43.791495901639344,4,450,907,776,193,3,9340,17874,12930,17819,827.0,406.0
2020-01-01,Emmanuel United Church - Waterloo Wayside ,181,327,97,94,95,92,1.7052631578947368,53.361702127659576,0,10,35,85,48,3,9340,17874,12930,17819,827.0,406.0
2020-01-01,Erb West Community Centre - Camino Wellness + Mental Health,80,305,30,29,30,29,3.6666666666666665,42.44827586206897,0,5,35,38,1,1,9340,17874,12930,17819,827.0,406.0
2020-01-01,Glencairn Mennonite Brethren Church,117,443,116,116,112,112,3.7767857142857144,48.53448275862069,2,12,35,51,17,0,9340,17874,12930,17819,827.0,406.0
2020-01-01,Kingdom Community International ,248,963,168,165,158,155,3.550632911392405,46.2060606060606,8,20,87,98,32,3,9340,17874,12930,17819,827.0,406.0
2020-01-01,Kingsdale Community Centre - Neighbourhood Food Program - House of Friendship,307,969,204,203,199,198,3.120603015075377,50.04926108374384,0,22,100,127,57,1,9340,17874,12930,17819,827.0,406.0
2020-01-01,Kitchener Community Church and Family Care Centre,258,737,258,256,257,255,2.8521400778210118,46.7421875,1,27,99,103,26,2,9340,17874,12930,17819,827.0,406.0
2020-01-01,Langs,17,40,14,14,14,14,2.5,46.0,0,2,5,7,3,0,9340,17874,12930,17819,827.0,406.0
2020-01-01,Paulander Community Centre - Camino Wellness + Mental Health,121,379,49,49,49,49,3.2448979591836733,48.755102040816325,2,3,39,65,12,0,9340,17874,12930,17819,827.0,406.0
2020-01-01,Ray of Hope,412,1300,395,395,391,391,3.1790281329923276,47.24810126582278,0,43,137,188,44,0,9340,17874,12930,17819,827.0,406.0
2020-01-01,Salvation Army Cambridge,229,452,216,216,208,208,1.9711538461538463,46.90277777777778,0,28,79,106,16,0,9340,17874,12930,17819,827.0,406.0
2020-01-01,Southwood Resource Centre - Kinbridge Community Association,7,23,6,6,6,6,3.5,44.833333333333336,0,0,4,3,0,0,9340,17874,12930,17819,827.0,406.0
2020-01-01,St. Agnes Conference - Society of St. Vincent de Paul,28,70,28,27,28,27,2.5,50.77777777777778,0,1,10,12,4,1,9340,17874,12930,17819,827.0,406.0
2020-01-01,St. Aloysius Parish Food Pantry,9,25,9,9,9,9,2.7777777777777777,40.888888888888886,0,3,1,5,0,0,9340,17874,12930,17819,827.0,406.0
2020-01-01,St. Anthony Daniel Conference - Society of St. Vincent de Paul,64,181,63,63,62,62,2.870967741935484,49.04761904761905,0,4,20,33,7,0,9340,17874,12930,17819,827.0,406.0
2020-01-01,St. John's Church - Society of St. Vincent de Paul,68,204,68,66,68,66,3.0,43.39393939393939,0,13,25,24,4,2,9340,17874,12930,17819,827.0,406.0
2020-01-01,St. Mark's Conference - Society of St. Vincent de Paul,26,94,26,26,26,26,3.6153846153846154,45.26923076923077,0,1,15,8,2,0,9340,17874,12930,17819,827.0,406.0
2020-01-01,St. Michael's Church - Society of St. Vincent de Paul,61,188,58,57,58,57,3.086206896551724,42.24561403508772,0,12,26,20,2,1,9340,17874,12930,17819,827.0,406.0
2020-01-01,Sunnydale Community Centre - Neighbourhood Food Program - House of Friendship,298,1309,112,111,112,111,4.357142857142857,43.126126126126124,1,22,156,97,21,1,9340,17874,12930,17819,827.0,406.0
2020-01-01,Supportive Housing YWCA (Lincoln Road),39,82,18,18,18,18,1.8888888888888888,44.166666666666664,0,5,24,10,0,0,9340,17874,12930,17819,827.0,406.0
2020-01-01,Supportive Housing of Waterloo (SHOW),67,70,26,26,26,26,1.0384615384615385,53.61538461538461,0,2,14,46,5,0,9340,17874,12930,17819,827.0,406.0
2020-01-01,The Food Bank of Waterloo Region - Kitchener,5,13,5,5,5,5,2.6,31.4,0,4,0,1,0,0,9340,17874,12930,17819,827.0,406.0
2020-01-01,Traverse Independence,19,21,19,19,19,19,1.105263157894737,50.94736842105263,0,1,4,10,4,0,9340,17874,12930,17819,827.0,406.0
2020-01-01,Wellesley Food Cupboard,19,127,12,12,12,12,6.416666666666667,30.166666666666668,0,11,8,0,0,0,9340,17874,12930,17819,827.0,406.0
2020-01-01,Wilmot & Wellesley Resource Centre,86,226,63,54,63,54,2.5555555555555554,43.18518518518518,0,19,30,26,2,9,9340,17874,12930,17819,827.0,406.0
2020-01-01,Woolwich Community Services,65,167,63,63,63,63,2.619047619047619,45.36507936507937,0,11,24,24,6,0,9340,17874,12930,17819,827.0,406.0
2020-01-01,oneROOF Youth Services,122,189,69,69,67,67,1.6865671641791045,22.08695652173913,4,118,0,0,0,0,9340,17874,12930,17819,827.0,406.0
2020-02-01,Blessed Sacrament Catholic Church - Society of St. Vincent de Paul,90,312,89,89,89,89,3.49438202247191,44.91011235955056,0,10,38,34,8,0,9335,17787,12888,17750,845.0,427.0
2020-02-01,Cambridge Food Bank - Cambridge,983,2075,796,796,781,781,2.121638924455826,44.16959798994975,4,178,341,383,77,0,9335,17787,12888,17750,845.0,427.0
2020-02-01,Centreville Chicopee Community Centre - Neighbourhood Food Program - House of Friendship,17,63,17,17,17,17,3.7058823529411766,44.11764705882353,0,3,5,7,2,0,9335,17787,12888,17750,845.0,427.0
2020-02-01,Chandler Mowat Community Centre - Neighbourhood Food Program - House of Friendship,380,1428,147,147,138,138,3.7753623188405796,44.21768707482993,0,70,146,141,23,0,9335,17787,12888,17750,845.0,427.0
2020-02-01,Christopher Champlain Resource Centre - Kinbridge Community Association,9,28,8,8,7,7,3.5714285714285716,46.125,0,0,3,6,0,0,9335,17787,12888,17750,845.0,427.0
2020-02-01,Courtland Shelley Community Centre - Neighbourhood Food Program - House of Friendship,111,433,36,36,36,36,4.027777777777778,45.888888888888886,0,5,35,67,4,0,9335,17787,12888,17750,845.0,427.0
2020-02-01,Emergency Food Hamper Program - House of Friendship,2004,5656,1738,1735,1712,1709,2.857476635514019,43.536599423631124,6,409,760,642,184,3,9335,17787,12888,17750,845.0,427.0
2020-02-01,Emmanuel United Church - Waterloo Wayside ,157,300,81,80,78,77,1.6666666666666667,54.6,0,4,34,69,49,1,9335,17787,12888,17750,845.0,427.0
2020-02-01,Erb West Community Centre - Camino Wellness + Mental Health,73,291,26,23,26,23,4.1923076923076925,43.65217391304348,0,6,28,32,4,3,9335,17787,12888,17750,845.0,427.0
2020-02-01,Glencairn Mennonite Brethren Church,132,497,128,128,126,126,3.7698412698412698,49.4140625,1,14,36,59,22,0,9335,17787,12888,17750,845.0,427.0
2020-02-01,Kingdom Community International ,255,935,165,163,151,149,3.4635761589403975,46.969325153374236,9,28,70,102,44,2,9335,17787,12888,17750,845.0,427.0
2020-02-01,Kingsdale Community Centre - Neighbourhood Food Program - House of Friendship,317,988,210,209,205,204,3.1902439024390246,49.41626794258373,0,18,104,139,55,1,9335,17787,12888,17750,845.0,427.0
2020-02-01,Kitchener Community Church and Family Care Centre,216,644,216,211,215,210,2.972093023255814,47.127962085308056,1,22,72,95,21,5,9335,17787,12888,17750,845.0,427.0
2020-02-01,Langs,26,59,24,24,24,24,2.2916666666666665,41.583333333333336,0,9,5,10,2,0,9335,17787,12888,17750,845.0,427.0
2020-02-01,Paulander Community Centre - Camino Wellness + Mental Health,113,350,48,48,48,48,3.1041666666666665,50.4375,0,2,35,63,13,0,9335,17787,12888,17750,845.0,427.0
2020-02-01,Ray of Hope,405,1257,385,385,380,380,3.168421052631579,47.251948051948055,0,36,146,174,49,0,9335,17787,12888,17750,845.0,427.0
2020-02-01,Salvation Army Cambridge,187,364,187,187,183,183,1.9562841530054644,47.101604278074866,0,18,72,85,12,0,9335,17787,12888,17750,845.0,427.0
2020-02-01,St. Agnes Conference - Society of St. Vincent de Paul,31,87,31,31,31,31,2.806451612903226,47.58064516129032,0,3,11,13,4,0,9335,17787,12888,17750,845.0,427.0
2020-02-01,St. Aloysius Parish Food Pantry,7,25,7,7,7,7,3.5714285714285716,43.0,0,1,2,4,0,0,9335,17787,12888,17750,845.0,427.0
2020-02-01,St. Anthony Daniel Conference - Society of St. Vincent de Paul,34,72,34,34,34,34,2.1176470588235294,50.0,0,1,12,16,5,0,9335,17787,12888,17750,845.0,427.0
2020-02-01,St. John's Church - Society of St. Vincent de Paul,45,124,44,42,43,41,2.7209302325581395,48.904761904761905,0,3,11,26,3,2,9335,17787,12888,17750,845.0,427.0
2020-02-01,St. Mark's Conference - Society of St. Vincent de Paul,27,105,27,27,27,27,3.888888888888889,44.666666666666664,0,2,15,8,2,0,9335,17787,12888,17750,845.0,427.0
2020-02-01,St. Michael's Church - Society of St. Vincent de Paul,48,155,46,45,45,44,3.3333333333333335,42.044444444444444,0,9,22,13,3,1,9335,17787,12888,17750,845.0,427.0
2020-02-01,Sunnydale Community Centre - Neighbourhood Food Program - House of Friendship,303,1371,110,109,111,110,4.468468468468468,42.559633027522935,0,28,167,82,25,1,9335,17787,12888,17750,845.0,427.0
2020-02-01,Supportive Housing YWCA (Lincoln Road),40,83,18,18,18,18,1.7777777777777777,45.0,0,5,20,14,1,0,9335,17787,12888,17750,845.0,427.0
2020-02-01,Supportive Housing of Waterloo (SHOW),55,58,22,22,22,22,1.0454545454545454,49.59090909090909,0,4,15,36,0,0,9335,17787,12888,17750,845.0,427.0
2020-02-01,Traverse Independence,32,35,17,17,17,17,1.1176470588235294,50.76470588235294,0,2,6,21,3,0,9335,17787,12888,17750,845.0,427.0
2020-02-01,Wellesley Food Cupboard,17,129,13,13,13,13,6.923076923076923,33.07692307692308,0,6,10,1,0,0,9335,17787,12888,17750,845.0,427.0
2020-02-01,Wilmot & Wellesley Resource Centre,82,231,63,53,63,53,2.5714285714285716,41.81132075471698,0,21,27,19,5,10,9335,17787,12888,17750,845.0,427.0
2020-02-01,Woolwich Community Services,141,389,137,65,137,65,2.81021897810219,47.43076923076923,0,12,18,32,7,72,9335,17787,12888,17750,845.0,427.0
2020-02-01,oneROOF Youth Services,52,81,38,38,37,37,1.7297297297297298,22.210526315789473,1,51,0,0,0,0,9335,17787,12888,17750,845.0,427.0
2020-03-01,Blessed Sacrament Catholic Church - Society of St. Vincent de Paul,62,216,61,61,61,61,3.5245901639344264,44.81967213114754,0,9,25,23,5,0,9457,17873,13014,17976,895.0,460.0
2020-03-01,Cambridge Food Bank - Cambridge,1420,3019,1146,815,1121,790,2.094558429973238,45.11656441717791,4,167,365,470,83,331,9457,17873,13014,17976,895.0,460.0
2020-03-01,Centreville Chicopee Community Centre - Neighbourhood Food Program - House of Friendship,63,232,43,43,42,42,3.6666666666666665,41.44186046511628,1,4,32,22,4,0,9457,17873,13014,17976,895.0,460.0
2020-03-01,Chandler Mowat Community Centre - Neighbourhood Food Program - House of Friendship,292,1124,157,157,152,152,3.7039473684210527,43.87898089171974,0,52,117,107,16,0,9457,17873,13014,17976,895.0,460.0
2020-03-01,Courtland Shelley Community Centre - Neighbourhood Food Program - House of Friendship,165,661,42,42,42,42,4.119047619047619,44.666666666666664,0,7,61,92,5,0,9457,17873,13014,17976,895.0,460.0
2020-03-01,Emergency Food Hamper Program - House of Friendship,2283,6104,1933,1928,1883,1878,2.684014869888476,44.65093360995851,8,379,821,863,207,5,9457,17873,13014,17976,895.0,460.0
2020-03-01,Emmanuel United Church - Waterloo Wayside ,73,134,58,57,58,57,1.7758620689655173,55.6140350877193,1,1,13,36,21,1,9457,17873,13014,17976,895.0,460.0
2020-03-01,Erb West Community Centre - Camino Wellness + Mental Health,103,390,43,41,43,41,3.697674418604651,42.26829268292683,0,11,50,37,3,2,9457,17873,13014,17976,895.0,460.0
2020-03-01,Glencairn Mennonite Brethren Church,66,250,66,66,66,66,3.787878787878788,50.484848484848484,1,5,19,27,14,0,9457,17873,13014,17976,895.0,460.0
2020-03-01,Kingdom Community International ,124,416,117,117,111,111,3.3063063063063063,47.52136752136752,7,9,36,53,19,0,9457,17873,13014,17976,895.0,460.0
2020-03-01,Kingsdale Community Centre - Neighbourhood Food Program - House of Friendship,317,912,226,222,219,215,3.0,48.63513513513514,0,26,102,144,41,4,9457,17873,13014,17976,895.0,460.0
2020-03-01,Kitchener Community Church and Family Care Centre,97,232,95,88,93,86,2.4086021505376345,46.17045454545455,1,13,29,41,6,7,9457,17873,13014,17976,895.0,460.0
2020-03-01,Langs,19,48,19,19,19,19,2.526315789473684,48.1578947368421,0,2,7,8,2,0,9457,17873,13014,17976,895.0,460.0
2020-03-01,Paulander Community Centre - Camino Wellness + Mental Health,163,554,53,51,53,51,3.3773584905660377,49.294117647058826,1,1,55,86,18,2,9457,17873,13014,17976,895.0,460.0
2020-03-01,Ray of Hope,258,868,258,258,256,256,3.37890625,47.64728682170543,0,20,95,113,30,0,9457,17873,13014,17976,895.0,460.0
2020-03-01,Salvation Army Cambridge,255,464,222,222,213,213,1.807511737089202,45.72522522522522,0,32,90,121,12,0,9457,17873,13014,17976,895.0,460.0
2020-03-01,St. Agnes Conference - Society of St. Vincent de Paul,22,59,22,22,22,22,2.6818181818181817,50.95454545454545,0,1,8,9,4,0,9457,17873,13014,17976,895.0,460.0
2020-03-01,St. Aloysius Parish Food Pantry,4,8,4,4,4,4,2.0,49.0,0,0,1,3,0,0,9457,17873,13014,17976,895.0,460.0
2020-03-01,St. Anthony Daniel Conference - Society of St. Vincent de Paul,34,97,34,34,34,34,2.8529411764705883,47.529411764705884,1,2,12,16,3,0,9457,17873,13014,17976,895.0,460.0
2020-03-01,St. John's Church - Society of St. Vincent de Paul,51,144,51,50,51,50,2.823529411764706,47.62,0,7,15,24,4,1,9457,17873,13014,17976,895.0,460.0
2020-03-01,St. Mark's Conference - Society of St. Vincent de Paul,20,87,20,20,20,20,4.35,45.7,0,1,11,6,2,0,9457,17873,13014,17976,895.0,460.0
2020-03-01,St. Michael's Church - Society of St. Vincent de Paul,52,139,47,47,47,47,2.74468085106383,41.829787234042556,2,10,20,17,3,0,9457,17873,13014,17976,895.0,460.0
2020-03-01,Sunnydale Community Centre - Neighbourhood Food Program - House of Friendship,324,1387,128,124,127,123,4.133858267716535,42.604838709677416,0,28,171,97,24,4,9457,17873,13014,17976,895.0,460.0
2020-03-01,Supportive Housing of Waterloo (SHOW),60,62,22,22,22,22,1.0454545454545454,51.54545454545455,0,3,14,40,3,0,9457,17873,13014,17976,895.0,460.0
2020-03-01,Wilmot & Wellesley Resource Centre,112,307,82,72,80,70,2.6,44.791666666666664,0,17,39,39,7,10,9457,17873,13014,17976,895.0,460.0
2020-03-01,Woolwich Community Services,151,450,147,67,147,67,2.9523809523809526,47.92537313432836,0,8,25,28,10,80,9457,17873,13014,17976,895.0,460.0
2020-04-01,Cambridge Food Bank - Cambridge,1653,4009,1148,787,1114,753,2.3779174147217237,44.16137229987294,10,215,383,517,167,361,9786,18502,13035,17985,852.0,469.0
2020-04-01,Centreville Chicopee Community Centre - Neighbourhood Food Program - House of Friendship,301,957,174,123,165,114,3.066666666666667,41.390243902439025,0,28,130,78,14,51,9786,18502,13035,17985,852.0,469.0
2020-04-01,Chandler Mowat Community Centre - Neighbourhood Food Program - House of Friendship,545,1952,224,224,215,215,3.0790697674418603,39.767857142857146,2,139,200,180,24,0,9786,18502,13035,17985,852.0,469.0
2020-04-01,Courtland Shelley Community Centre - Neighbourhood Food Program - House of Friendship,167,714,43,43,43,43,4.3023255813953485,43.51162790697674,0,15,70,78,4,0,9786,18502,13035,17985,852.0,469.0
2020-04-01,Emergency Food Hamper Program - House of Friendship,2095,6141,1519,1489,1469,1439,2.89857045609258,44.476830087306915,8,299,789,796,173,30,9786,18502,13035,17985,852.0,469.0
2020-04-01,Erb West Community Centre - Camino Wellness + Mental Health,251,963,81,80,81,80,3.7777777777777777,42.35,0,27,127,90,6,1,9786,18502,13035,17985,852.0,469.0
2020-04-01,Kingsdale Community Centre - Neighbourhood Food Program - House of Friendship,678,1760,332,316,325,309,2.7753846153846156,44.20569620253165,2,78,247,249,86,16,9786,18502,13035,17985,852.0,469.0
2020-04-01,Kitchener Community Church and Family Care Centre,497,1385,383,353,373,343,2.7613941018766757,49.31161473087819,1,38,142,213,73,30,9786,18502,13035,17985,852.0,469.0
2020-04-01,Langs,2,4,2,2,2,2,2.0,55.0,0,0,0,2,0,0,9786,18502,13035,17985,852.0,469.0
2020-04-01,Paulander Community Centre - Camino Wellness + Mental Health,198,744,86,84,81,79,3.740740740740741,44.642857142857146,2,19,76,78,21,2,9786,18502,13035,17985,852.0,469.0
2020-04-01,Salvation Army Cambridge,269,664,167,159,160,152,2.38125,45.36477987421384,0,25,102,114,20,8,9786,18502,13035,17985,852.0,469.0
2020-04-01,Sexual Assault Support Centre ,6,12,6,0,6,0,2.0,,0,0,0,0,0,6,9786,18502,13035,17985,852.0,469.0
2020-04-01,Sunnydale Community Centre - Neighbourhood Food Program - House of Friendship,450,1864,151,135,149,133,3.959731543624161,40.34074074074074,1,63,230,117,23,16,9786,18502,13035,17985,852.0,469.0
2020-04-01,Supportive Housing YWCA (Lincoln Road),34,41,16,14,16,14,1.25,48.285714285714285,0,5,7,15,5,2,9786,18502,13035,17985,852.0,469.0
2020-04-01,Supportive Housing of Waterloo (SHOW),17,17,10,10,10,10,1.0,45.5,0,0,5,12,0,0,9786,18502,13035,17985,852.0,469.0
2020-04-01,Wilmot & Wellesley Resource Centre,158,360,96,69,95,68,2.263157894736842,46.028985507246375,0,14,49,50,18,27,9786,18502,13035,17985,852.0,469.0
2020-04-01,Woolwich Community Services,160,494,149,65,148,64,3.0878378378378377,48.61538461538461,0,10,20,34,12,84,9786,18502,13035,17985,852.0,469.0
2020-05-01,Anishnabeg Outreach - Spirit Bundle ,135,446,135,1,135,1,3.303703703703704,35.0,0,0,1,0,0,134,9281,17723,12913,17820,822.0,492.0
2020-05-01,Cambridge Food Bank - Cambridge,1548,3908,900,752,855,707,2.4502923976608186,45.22872340425532,22,205,394,590,189,148,9281,17723,12913,17820,822.0,492.0
2020-05-01,Centreville Chicopee Community Centre - Neighbourhood Food Program - House of Friendship,278,925,137,118,135,116,3.1703703703703705,41.63559322033898,0,32,116,98,13,19,9281,17723,12913,17820,822.0,492.0
2020-05-01,Chandler Mowat Community Centre - Neighbourhood Food Program - House of Friendship,605,1879,252,247,241,236,2.9377593360995853,39.550607287449395,6,175,203,194,22,5,9281,17723,12913,17820,822.0,492.0
2020-05-01,Courtland Shelley Community Centre - Neighbourhood Food Program - House of Friendship,167,700,43,43,43,43,4.1395348837209305,44.46511627906977,0,12,71,79,5,0,9281,17723,12913,17820,822.0,492.0
2020-05-01,Emergency Food Hamper Program - House of Friendship,1880,5689,1348,1342,1321,1315,2.9977289931869797,45.907600596125185,1,216,699,771,187,6,9281,17723,12913,17820,822.0,492.0
2020-05-01,Erb West Community Centre - Camino Wellness + Mental Health,225,857,84,80,84,80,3.619047619047619,41.8,0,35,103,78,5,4,9281,17723,12913,17820,822.0,492.0
2020-05-01,Kingsdale Community Centre - Neighbourhood Food Program - House of Friendship,659,1917,294,294,287,287,2.8536585365853657,45.88775510204081,0,70,256,254,79,0,9281,17723,12913,17820,822.0,492.0
2020-05-01,Kitchener Community Church and Family Care Centre,502,1375,360,344,356,340,2.702247191011236,49.85755813953488,1,49,123,235,78,16,9281,17723,12913,17820,822.0,492.0
2020-05-01,Langs,1,2,1,1,1,1,2.0,22.0,0,1,0,0,0,0,9281,17723,12913,17820,822.0,492.0
2020-05-01,Paulander Community Centre - Camino Wellness + Mental Health,251,920,107,104,105,102,3.742857142857143,46.05769230769231,1,18,94,106,29,3,9281,17723,12913,17820,822.0,492.0
2020-05-01,Salvation Army Cambridge,317,854,166,166,156,156,2.448717948717949,47.33734939759036,0,24,112,153,28,0,9281,17723,12913,17820,822.0,492.0
2020-05-01,Sexual Assault Support Centre ,14,15,14,0,14,0,1.0714285714285714,,0,0,0,0,0,14,9281,17723,12913,17820,822.0,492.0
2020-05-01,Sunnydale Community Centre - Neighbourhood Food Program - House of Friendship,342,1391,130,124,129,123,3.9069767441860463,41.395161290322584,1,51,180,87,17,6,9281,17723,12913,17820,822.0,492.0
2020-05-01,Supportive Housing YWCA (Lincoln Road),25,33,15,15,15,15,1.4,47.266666666666666,0,4,5,13,3,0,9281,17723,12913,17820,822.0,492.0
2020-05-01,Supportive Housing of Waterloo (SHOW),18,21,13,13,13,13,1.2307692307692308,44.23076923076923,0,2,5,10,1,0,9281,17723,12913,17820,822.0,492.0
2020-05-01,University of Waterloo Food Bank,25,30,25,0,25,0,1.2,,0,0,0,0,0,25,9281,17723,12913,17820,822.0,492.0
2020-05-01,Wilmot & Wellesley Resource Centre,155,415,105,90,102,87,2.6862745098039214,43.922222222222224,0,30,52,45,13,15,9281,17723,12913,17820,822.0,492.0
2020-05-01,Woolwich Community Services,165,478,79,69,77,67,2.5974025974025974,48.971014492753625,2,16,51,57,29,10,9281,17723,12913,17820,822.0,492.0
2020-06-01,Anishnabeg Outreach - Spirit Bundle ,274,918,274,0,274,0,3.3503649635036497,,0,0,0,0,0,274,8914,17084,12914,17825,784.0,484.0
2020-06-01,Cambridge Food Bank - Cambridge,1286,3139,662,651,652,641,2.214723926380368,48.184331797235025,4,140,353,564,214,11,8914,17084,12914,17825,784.0,484.0
2020-06-01,Centreville Chicopee Community Centre - Neighbourhood Food Program - House of Friendship,252,836,101,93,99,91,3.282828282828283,43.365591397849464,0,22,104,100,18,8,8914,17084,12914,17825,784.0,484.0
2020-06-01,Chandler Mowat Community Centre - Neighbourhood Food Program - House of Friendship,572,1971,238,234,223,219,3.1569506726457397,40.0,3,161,190,188,26,4,8914,17084,12914,17825,784.0,484.0
2020-06-01,Courtland Shelley Community Centre - Neighbourhood Food Program - House of Friendship,159,654,41,41,41,41,4.121951219512195,43.80487804878049,0,12,69,74,4,0,8914,17084,12914,17825,784.0,484.0
2020-06-01,Emergency Food Hamper Program - House of Friendship,1950,6074,1385,1382,1338,1335,3.1128550074738417,45.41678726483357,4,249,741,738,215,3,8914,17084,12914,17825,784.0,484.0
2020-06-01,Erb West Community Centre - Camino Wellness + Mental Health,222,825,82,82,82,82,3.6463414634146343,42.08536585365854,0,29,106,84,3,0,8914,17084,12914,17825,784.0,484.0
2020-06-01,Kingsdale Community Centre - Neighbourhood Food Program - House of Friendship,646,1880,258,255,252,249,2.9087301587301586,45.4156862745098,1,70,270,221,81,3,8914,17084,12914,17825,784.0,484.0
2020-06-01,Kitchener Community Church and Family Care Centre,476,1370,314,302,309,297,2.8122977346278315,51.04635761589404,1,33,123,225,82,12,8914,17084,12914,17825,784.0,484.0
2020-06-01,Langs,2,4,2,2,2,2,2.0,45.5,0,0,1,1,0,0,8914,17084,12914,17825,784.0,484.0
2020-06-01,Paulander Community Centre - Camino Wellness + Mental Health,346,1333,120,120,118,118,3.73728813559322,46.28333333333333,2,24,140,142,38,0,8914,17084,12914,17825,784.0,484.0
2020-06-01,Salvation Army Cambridge,315,718,180,180,172,172,2.0988372093023258,48.05,0,24,88,168,35,0,8914,17084,12914,17825,784.0,484.0
2020-06-01,Sexual Assault Support Centre ,13,15,13,0,13,0,1.1538461538461537,,0,0,0,0,0,13,8914,17084,12914,17825,784.0,484.0
2020-06-01,Sunnydale Community Centre - Neighbourhood Food Program - House of Friendship,378,1490,134,132,134,132,3.888059701492537,41.416666666666664,0,60,203,92,21,2,8914,17084,12914,17825,784.0,484.0
2020-06-01,Supportive Housing YWCA (Lincoln Road),29,46,15,15,15,15,1.8,41.333333333333336,0,7,8,13,1,0,8914,17084,12914,17825,784.0,484.0
2020-06-01,Supportive Housing of Waterloo (SHOW),58,59,25,25,25,25,1.04,52.48,0,4,8,41,5,0,8914,17084,12914,17825,784.0,484.0
2020-06-01,University of Waterloo Food Bank,32,32,32,0,32,0,1.0,,0,0,0,0,0,32,8914,17084,12914,17825,784.0,484.0
2020-06-01,Wellesley Food Cupboard,6,42,6,6,6,6,7.0,28.166666666666668,1,3,2,0,0,0,8914,17084,12914,17825,784.0,484.0
2020-06-01,Wilmot & Wellesley Resource Centre,166,449,92,78,92,78,2.6630434782608696,43.282051282051285,0,38,48,57,9,14,8914,17084,12914,17825,784.0,484.0
2020-06-01,Woolwich Community Services,158,418,77,71,77,71,2.4545454545454546,49.63380281690141,0,19,54,53,26,6,8914,17084,12914,17825,784.0,484.0
2020-06-01,oneROOF Youth Services,9,9,6,6,6,6,1.0,23.5,0,9,0,0,0,0,8914,17084,12914,17825,784.0,484.0
2020-07-01,Anishnabeg Outreach - Spirit Bundle ,270,913,270,0,270,0,3.3814814814814813,,0,0,0,0,0,270,8765,16955,12925,17854,775.0,484.0
2020-07-01,Cambridge Food Bank - Cambridge,1239,3131,626,624,612,610,2.284313725490196,47.92147435897436,0,129,357,555,196,2,8765,16955,12925,17854,775.0,484.0
2020-07-01,Centreville Chicopee Community Centre - Neighbourhood Food Program - House of Friendship,226,672,94,89,92,87,2.9130434782608696,43.1123595505618,0,34,93,80,14,5,8765,16955,12925,17854,775.0,484.0
2020-07-01,Chandler Mowat Community Centre - Neighbourhood Food Program - House of Friendship,539,1872,223,209,217,203,3.442396313364055,42.119617224880386,4,109,200,183,29,14,8765,16955,12925,17854,775.0,484.0
2020-07-01,Courtland Shelley Community Centre - Neighbourhood Food Program - House of Friendship,90,356,29,27,28,26,3.857142857142857,44.888888888888886,0,3,45,36,4,2,8765,16955,12925,17854,775.0,484.0
2020-07-01,Emergency Food Hamper Program - House of Friendship,2046,6474,1421,1417,1377,1373,3.122004357298475,45.51870148200423,1,250,807,779,205,4,8765,16955,12925,17854,775.0,484.0
2020-07-01,Emmanuel United Church - Waterloo Wayside ,45,66,31,30,30,29,1.5,57.36666666666667,0,2,10,11,21,1,8765,16955,12925,17854,775.0,484.0
2020-07-01,Erb West Community Centre - Camino Wellness + Mental Health,230,854,89,87,88,86,3.772727272727273,41.64367816091954,0,41,100,87,0,2,8765,16955,12925,17854,775.0,484.0
2020-07-01,Kingsdale Community Centre - Neighbourhood Food Program - House of Friendship,553,1638,239,236,230,227,3.0130434782608697,46.55084745762712,0,60,206,199,85,3,8765,16955,12925,17854,775.0,484.0
2020-07-01,Kitchener Community Church and Family Care Centre,493,1395,319,312,311,304,2.8231511254019295,50.24679487179487,2,36,126,241,81,7,8765,16955,12925,17854,775.0,484.0
2020-07-01,Langs,5,6,5,5,5,5,1.2,61.4,0,0,0,4,1,0,8765,16955,12925,17854,775.0,484.0
2020-07-01,Paulander Community Centre - Camino Wellness + Mental Health,337,1274,131,131,129,129,3.8372093023255816,44.7557251908397,0,35,142,126,34,0,8765,16955,12925,17854,775.0,484.0
2020-07-01,Ray of Hope,20,61,20,20,20,20,3.05,51.9,0,1,8,6,5,0,8765,16955,12925,17854,775.0,484.0
2020-07-01,Salvation Army Cambridge,330,716,198,196,193,191,1.9740932642487046,47.32142857142857,1,18,102,175,32,2,8765,16955,12925,17854,775.0,484.0
2020-07-01,Sexual Assault Support Centre ,2,9,2,0,2,0,4.5,,0,0,0,0,0,2,8765,16955,12925,17854,775.0,484.0
2020-07-01,St. Aloysius Parish Food Pantry,4,9,4,4,4,4,2.25,57.0,0,0,1,2,1,0,8765,16955,12925,17854,775.0,484.0
2020-07-01,Sunnydale Community Centre - Neighbourhood Food Program - House of Friendship,338,1361,133,130,129,126,3.891472868217054,40.146153846153844,3,64,171,78,19,3,8765,16955,12925,17854,775.0,484.0
2020-07-01,Supportive Housing YWCA (Lincoln Road),20,39,16,16,16,16,1.8125,46.4375,0,1,10,8,1,0,8765,16955,12925,17854,775.0,484.0
2020-07-01,Supportive Housing of Waterloo (SHOW),53,53,21,21,21,21,1.0,51.38095238095238,0,1,9,40,3,0,8765,16955,12925,17854,775.0,484.0
2020-07-01,Wellesley Food Cupboard,12,71,10,10,10,10,6.3,30.6,1,5,6,0,0,0,8765,16955,12925,17854,775.0,484.0
2020-07-01,Wilmot & Wellesley Resource Centre,148,430,81,69,81,69,2.6666666666666665,44.08695652173913,0,37,37,51,11,12,8765,16955,12925,17854,775.0,484.0
2020-07-01,Woolwich Community Services,167,466,81,79,80,78,2.5375,47.721518987341774,2,23,48,65,27,2,8765,16955,12925,17854,775.0,484.0
2020-07-01,oneROOF Youth Services,17,18,8,8,8,8,1.125,22.5,1,16,0,0,0,0,8765,16955,12925,17854,775.0,484.0
2020-08-01,Anishnabeg Outreach - Spirit Bundle ,253,876,253,0,253,0,3.4624505928853755,,0,0,0,0,0,253,8520,16600,12822,17707,746.0,482.0
2020-08-01,Cambridge Food Bank - Cambridge,1169,2944,618,616,606,604,2.3036303630363038,47.51948051948052,1,130,327,532,177,2,8520,16600,12822,17707,746.0,482.0
2020-08-01,Centreville Chicopee Community Centre - Neighbourhood Food Program - House of Friendship,263,761,106,101,104,99,2.9326923076923075,42.9009900990099,0,37,108,98,15,5,8520,16600,12822,17707,746.0,482.0
2020-08-01,Chandler Mowat Community Centre - Neighbourhood Food Program - House of Friendship,550,1994,223,207,208,192,3.375,41.106280193236714,8,117,207,170,32,16,8520,16600,12822,17707,746.0,482.0
2020-08-01,Courtland Shelley Community Centre - Neighbourhood Food Program - House of Friendship,90,355,29,28,28,27,3.7857142857142856,45.642857142857146,0,0,47,38,4,1,8520,16600,12822,17707,746.0,482.0
2020-08-01,Emergency Food Hamper Program - House of Friendship,1958,6173,1487,1483,1450,1446,3.113103448275862,45.623735670937286,4,245,760,739,206,4,8520,16600,12822,17707,746.0,482.0
2020-08-01,Emmanuel United Church - Waterloo Wayside ,76,108,50,49,49,48,1.5510204081632653,57.142857142857146,0,1,11,32,31,1,8520,16600,12822,17707,746.0,482.0
2020-08-01,Erb West Community Centre - Camino Wellness + Mental Health,231,904,95,92,95,92,3.8,43.07608695652174,0,28,105,91,4,3,8520,16600,12822,17707,746.0,482.0
2020-08-01,Kingsdale Community Centre - Neighbourhood Food Program - House of Friendship,449,1262,230,225,223,218,2.807174887892377,48.306666666666665,0,46,158,169,71,5,8520,16600,12822,17707,746.0,482.0
2020-08-01,Kitchener Community Church and Family Care Centre,166,441,162,160,160,158,2.65,52.03125,0,16,34,86,28,2,8520,16600,12822,17707,746.0,482.0
2020-08-01,Langs,9,19,8,8,8,8,2.125,38.5,0,3,3,2,1,0,8520,16600,12822,17707,746.0,482.0
2020-08-01,Paulander Community Centre - Camino Wellness + Mental Health,285,1050,115,114,115,114,3.634782608695652,45.3859649122807,1,27,120,108,28,1,8520,16600,12822,17707,746.0,482.0
2020-08-01,Ray of Hope,30,88,29,29,29,29,3.0,51.827586206896555,0,4,7,14,5,0,8520,16600,12822,17707,746.0,482.0
2020-08-01,Salvation Army Cambridge,390,877,218,218,213,213,2.004694835680751,47.93577981651376,0,29,120,203,38,0,8520,16600,12822,17707,746.0,482.0
2020-08-01,Sunnydale Community Centre - Neighbourhood Food Program - House of Friendship,319,1331,134,124,134,124,3.8582089552238807,40.95161290322581,0,53,168,69,19,10,8520,16600,12822,17707,746.0,482.0
2020-08-01,Supportive Housing of Waterloo (SHOW),47,49,21,21,21,21,1.0476190476190477,51.19047619047619,0,4,9,30,4,0,8520,16600,12822,17707,746.0,482.0
2020-08-01,Wellesley Food Cupboard,9,59,9,9,9,9,6.555555555555555,29.444444444444443,1,4,4,0,0,0,8520,16600,12822,17707,746.0,482.0
2020-08-01,Wilmot & Wellesley Resource Centre,95,266,56,50,55,49,2.7454545454545456,43.18,0,24,27,32,6,6,8520,16600,12822,17707,746.0,482.0
2020-08-01,Woolwich Community Services,171,434,77,72,76,71,2.4342105263157894,47.31944444444444,1,28,42,69,26,5,8520,16600,12822,17707,746.0,482.0
2020-08-01,oneROOF Youth Services,17,19,10,10,10,10,1.2,21.9,1,16,0,0,0,0,8520,16600,12822,17707,746.0,482.0
2020-09-01,Anishnabeg Outreach - Spirit Bundle ,217,763,217,0,217,0,3.5161290322580645,,0,0,0,0,0,217,8215,16108,12908,17861,744.0,498.0
2020-09-01,Cambridge Food Bank - Cambridge,1220,2958,672,670,656,654,2.2103658536585367,47.507462686567166,0,134,365,540,179,2,8215,16108,12908,17861,744.0,498.0
2020-09-01,Centreville Chicopee Community Centre - Neighbourhood Food Program - House of Friendship,288,881,90,89,88,87,2.875,42.19101123595506,0,42,109,115,21,1,8215,16108,12908,17861,744.0,498.0
2020-09-01,Chandler Mowat Community Centre - Neighbourhood Food Program - House of Friendship,515,1957,224,208,214,198,3.705607476635514,40.67788461538461,11,112,192,155,29,16,8215,16108,12908,17861,744.0,498.0
2020-09-01,Courtland Shelley Community Centre - Neighbourhood Food Program - House of Friendship,113,449,34,34,33,33,3.878787878787879,45.44117647058823,0,1,54,54,4,0,8215,16108,12908,17861,744.0,498.0
2020-09-01,Emergency Food Hamper Program - House of Friendship,2269,7112,1668,1665,1612,1609,3.1122828784119108,45.676276276276276,4,295,862,887,218,3,8215,16108,12908,17861,744.0,498.0
2020-09-01,Emmanuel United Church - Waterloo Wayside ,93,179,52,51,50,49,1.92,56.333333333333336,0,2,7,47,36,1,8215,16108,12908,17861,744.0,498.0
2020-09-01,Erb West Community Centre - Camino Wellness + Mental Health,227,992,86,84,85,83,4.270588235294118,43.13095238095238,0,20,114,87,4,2,8215,16108,12908,17861,744.0,498.0
2020-09-01,Glencairn Mennonite Brethren Church,47,156,46,46,43,43,3.3488372093023258,54.84782608695652,0,5,8,13,21,0,8215,16108,12908,17861,744.0,498.0
2020-09-01,Kingsdale Community Centre - Neighbourhood Food Program - House of Friendship,728,2098,247,240,238,231,2.7563025210084033,47.92916666666667,1,72,238,279,131,7,8215,16108,12908,17861,744.0,498.0
2020-09-01,Kitchener Community Church and Family Care Centre,291,767,278,277,276,275,2.677536231884058,50.77617328519855,0,31,66,144,49,1,8215,16108,12908,17861,744.0,498.0
2020-09-01,Langs,10,17,10,10,10,10,1.7,38.8,0,3,5,1,1,0,8215,16108,12908,17861,744.0,498.0
2020-09-01,Paulander Community Centre - Camino Wellness + Mental Health,374,1384,148,135,143,130,3.5524475524475525,46.34074074074074,0,35,146,146,34,13,8215,16108,12908,17861,744.0,498.0
2020-09-01,Ray of Hope,61,165,59,59,59,59,2.76271186440678,50.13559322033898,0,7,18,24,12,0,8215,16108,12908,17861,744.0,498.0
2020-09-01,Salvation Army Cambridge,358,772,189,189,182,182,1.89010989010989,48.957671957671955,0,13,111,201,33,0,8215,16108,12908,17861,744.0,498.0
2020-09-01,Sunnydale Community Centre - Neighbourhood Food Program - House of Friendship,412,1659,172,165,171,164,3.760233918128655,42.38787878787879,0,57,210,110,28,7,8215,16108,12908,17861,744.0,498.0
2020-09-01,Supportive Housing of Waterloo (SHOW),56,59,21,21,21,21,1.0476190476190477,51.523809523809526,0,2,17,32,5,0,8215,16108,12908,17861,744.0,498.0
2020-09-01,University of Waterloo Food Bank,29,29,29,0,29,0,1.0,,0,0,0,0,0,29,8215,16108,12908,17861,744.0,498.0
2020-09-01,Wellesley Food Cupboard,15,95,12,12,12,12,6.333333333333333,33.166666666666664,0,4,11,0,0,0,8215,16108,12908,17861,744.0,498.0
2020-09-01,Wilmot & Wellesley Resource Centre,125,331,70,64,69,63,2.739130434782609,42.90625,0,31,33,44,11,6,8215,16108,12908,17861,744.0,498.0
2020-09-01,Woolwich Community Services,209,544,89,76,89,76,2.640449438202247,48.776315789473685,1,30,53,82,30,13,8215,16108,12908,17861,744.0,498.0
2020-09-01,oneROOF Youth Services,5,11,4,4,4,4,1.75,21.75,0,5,0,0,0,0,8215,16108,12908,17861,744.0,498.0
2020-10-01,Anishnabeg Outreach - Spirit Bundle ,350,1231,350,0,350,0,3.5171428571428573,,0,0,0,0,0,350,8243,16272,12869,17834,819.0,518.0
2020-10-01,Cambridge Food Bank - Cambridge,1339,3198,714,712,697,695,2.2080344332855093,47.24016853932584,1,142,397,615,182,2,8243,16272,12869,17834,819.0,518.0
2020-10-01,Centreville Chicopee Community Centre - Neighbourhood Food Program - House of Friendship,266,809,110,105,108,103,2.861111111111111,41.923809523809524,0,47,97,99,18,5,8243,16272,12869,17834,819.0,518.0
2020-10-01,Chandler Mowat Community Centre - Neighbourhood Food Program - House of Friendship,657,2556,230,218,214,202,3.6728971962616823,41.481651376146786,14,140,245,197,49,12,8243,16272,12869,17834,819.0,518.0
2020-10-01,Courtland Shelley Community Centre - Neighbourhood Food Program - House of Friendship,92,354,42,41,41,40,3.658536585365854,47.951219512195124,0,2,37,47,5,1,8243,16272,12869,17834,819.0,518.0
2020-10-01,Emergency Food Hamper Program - House of Friendship,2506,8236,1789,1789,1730,1730,3.2028901734104047,45.01062045835663,6,365,963,939,233,0,8243,16272,12869,17834,819.0,518.0
2020-10-01,Emmanuel United Church - Waterloo Wayside ,149,315,69,65,69,65,2.0,51.84615384615385,2,3,25,72,43,4,8243,16272,12869,17834,819.0,518.0
2020-10-01,Erb West Community Centre - Camino Wellness + Mental Health,232,971,82,80,82,80,3.9634146341463414,43.1,0,21,106,100,3,2,8243,16272,12869,17834,819.0,518.0
2020-10-01,Glencairn Mennonite Brethren Church,56,185,56,56,54,54,3.3333333333333335,49.339285714285715,1,6,17,18,14,0,8243,16272,12869,17834,819.0,518.0
2020-10-01,Kingsdale Community Centre - Neighbourhood Food Program - House of Friendship,590,1662,232,228,225,221,2.7377777777777776,48.06578947368421,2,55,185,233,111,4,8243,16272,12869,17834,819.0,518.0
2020-10-01,Kitchener Community Church and Family Care Centre,378,994,328,324,322,318,2.7422360248447206,49.74074074074074,1,36,91,192,54,4,8243,16272,12869,17834,819.0,518.0
2020-10-01,Langs,12,20,11,11,11,11,1.7272727272727273,44.09090909090909,0,0,8,2,2,0,8243,16272,12869,17834,819.0,518.0
2020-10-01,Paulander Community Centre - Camino Wellness + Mental Health,259,936,126,126,125,125,3.664,45.82539682539682,2,24,102,110,21,0,8243,16272,12869,17834,819.0,518.0
2020-10-01,Ray of Hope,73,197,73,73,73,73,2.6986301369863015,50.794520547945204,0,7,19,33,14,0,8243,16272,12869,17834,819.0,518.0
2020-10-01,Salvation Army Cambridge,354,733,197,197,192,192,1.9166666666666667,49.035532994923855,0,13,112,194,35,0,8243,16272,12869,17834,819.0,518.0
2020-10-01,Sunnydale Community Centre - Neighbourhood Food Program - House of Friendship,468,1918,163,131,162,130,3.7160493827160495,42.038167938931295,0,61,237,110,28,32,8243,16272,12869,17834,819.0,518.0
2020-10-01,Supportive Housing of Waterloo (SHOW),16,16,12,12,12,12,1.0,50.166666666666664,0,2,3,10,1,0,8243,16272,12869,17834,819.0,518.0
2020-10-01,University of Waterloo Food Bank,26,27,26,0,26,0,1.0384615384615385,,0,0,0,0,0,26,8243,16272,12869,17834,819.0,518.0
2020-10-01,Wellesley Food Cupboard,13,85,12,12,12,12,6.583333333333333,32.166666666666664,1,3,9,0,0,0,8243,16272,12869,17834,819.0,518.0
2020-10-01,Wilmot & Wellesley Resource Centre,143,405,74,61,73,60,2.7534246575342465,42.81967213114754,0,28,46,46,10,13,8243,16272,12869,17834,819.0,518.0
2020-10-01,Woolwich Community Services,186,514,73,70,72,69,2.763888888888889,47.02857142857143,1,21,59,77,25,3,8243,16272,12869,17834,819.0,518.0
2020-10-01,oneROOF Youth Services,18,31,10,10,10,10,1.5,21.1,0,18,0,0,0,0,8243,16272,12869,17834,819.0,518.0
2020-11-01,Anishnabeg Outreach - Spirit Bundle ,278,994,278,0,278,0,3.5755395683453237,,0,0,0,0,0,278,8148,16093,12743,17619,808.0,497.0
2020-11-01,Cambridge Food Bank - Cambridge,1419,3337,737,737,716,716,2.2220670391061454,46.978290366350066,1,157,418,682,161,0,8148,16093,12743,17619,808.0,497.0
2020-11-01,Centreville Chicopee Community Centre - Neighbourhood Food Program - House of Friendship,289,964,108,104,104,100,3.2884615384615383,43.02884615384615,0,44,111,110,20,4,8148,16093,12743,17619,808.0,497.0
2020-11-01,Chandler Mowat Community Centre - Neighbourhood Food Program - House of Friendship,562,2136,214,206,207,199,3.5120772946859904,42.44174757281554,11,112,209,174,48,8,8148,16093,12743,17619,808.0,497.0
2020-11-01,Courtland Shelley Community Centre - Neighbourhood Food Program - House of Friendship,83,347,36,36,36,36,4.083333333333333,43.666666666666664,0,3,38,38,4,0,8148,16093,12743,17619,808.0,497.0
2020-11-01,Emergency Food Hamper Program - House of Friendship,2911,9448,2071,2069,2004,2002,3.1676646706586826,45.06283228612856,9,426,1117,1071,286,2,8148,16093,12743,17619,808.0,497.0
2020-11-01,Emmanuel United Church - Waterloo Wayside ,133,261,76,73,75,72,1.92,50.06849315068493,1,8,25,63,33,3,8148,16093,12743,17619,808.0,497.0
2020-11-01,Erb West Community Centre - Camino Wellness + Mental Health,251,1042,96,90,96,90,3.875,43.022222222222226,0,24,118,101,2,6,8148,16093,12743,17619,808.0,497.0
2020-11-01,Forest Heights Community Centre - Neighbourhood Food Program - House of Friendship,82,413,41,39,40,38,4.85,41.43589743589744,0,16,42,19,3,2,8148,16093,12743,17619,808.0,497.0
2020-11-01,Glencairn Mennonite Brethren Church,54,212,52,52,50,50,4.04,46.86538461538461,0,9,19,15,11,0,8148,16093,12743,17619,808.0,497.0
2020-11-01,Kingsdale Community Centre - Neighbourhood Food Program - House of Friendship,601,1673,241,232,231,222,2.757575757575758,47.98706896551724,1,44,199,228,120,9,8148,16093,12743,17619,808.0,497.0
2020-11-01,Kitchener Community Church and Family Care Centre,177,504,168,165,166,163,2.9457831325301207,50.012121212121215,2,10,46,87,29,3,8148,16093,12743,17619,808.0,497.0
2020-11-01,Langs,19,36,17,17,17,17,1.8823529411764706,45.94117647058823,0,2,5,11,1,0,8148,16093,12743,17619,808.0,497.0
2020-11-01,Ray of Hope,152,375,138,138,134,134,2.470149253731343,49.405797101449274,0,11,43,81,17,0,8148,16093,12743,17619,808.0,497.0
2020-11-01,Salvation Army Cambridge,201,458,115,114,110,109,2.0454545454545454,48.06140350877193,0,14,65,106,15,1,8148,16093,12743,17619,808.0,497.0
2020-11-01,St. Andrew's Hespler Presbyterian Church,60,141,28,28,27,27,2.4444444444444446,47.357142857142854,0,2,23,30,5,0,8148,16093,12743,17619,808.0,497.0
2020-11-01,Sunnydale Community Centre - Neighbourhood Food Program - House of Friendship,380,1515,138,128,136,126,3.6691176470588234,43.1484375,0,51,185,102,32,10,8148,16093,12743,17619,808.0,497.0
2020-11-01,Supportive Housing of Waterloo (SHOW),20,20,16,16,16,16,1.0,55.0625,0,2,3,12,3,0,8148,16093,12743,17619,808.0,497.0
2020-11-01,The Food Bank of Waterloo Region - Kitchener,2,6,2,2,2,2,3.0,41.0,0,0,2,0,0,0,8148,16093,12743,17619,808.0,497.0
2020-11-01,Wellesley Food Cupboard,13,78,11,11,11,11,6.2727272727272725,31.90909090909091,0,6,7,0,0,0,8148,16093,12743,17619,808.0,497.0
2020-11-01,Wilmot & Wellesley Resource Centre,158,423,90,77,89,76,2.7752808988764044,42.753246753246756,0,34,58,46,7,13,8148,16093,12743,17619,808.0,497.0
2020-11-01,Woolwich Community Services,199,557,86,79,85,78,2.8,47.44303797468354,4,27,51,81,29,7,8148,16093,12743,17619,808.0,497.0
2020-11-01,oneROOF Youth Services,26,44,16,16,15,15,1.6666666666666667,23.6875,1,24,0,1,0,0,8148,16093,12743,17619,808.0,497.0
2020-12-01,Anishnabeg Outreach - Spirit Bundle ,297,1075,297,0,297,0,3.6195286195286194,,0,0,0,0,0,297,7990,15704,12829,17773,840.0,512.0
2020-12-01,Cambridge Food Bank - Cambridge,1538,3755,742,742,726,726,2.3057851239669422,48.6388140161725,1,141,411,780,205,0,7990,15704,12829,17773,840.0,512.0
2020-12-01,Centreville Chicopee Community Centre - Neighbourhood Food Program - House of Friendship,238,779,107,101,104,98,3.1346153846153846,42.48514851485149,0,37,90,87,18,6,7990,15704,12829,17773,840.0,512.0
2020-12-01,Chandler Mowat Community Centre - Neighbourhood Food Program - House of Friendship,463,1776,208,195,202,189,3.5495049504950495,42.758974358974356,8,91,168,146,37,13,7990,15704,12829,17773,840.0,512.0
2020-12-01,Courtland Shelley Community Centre - Neighbourhood Food Program - House of Friendship,59,251,25,25,24,24,4.291666666666667,45.28,0,1,29,26,3,0,7990,15704,12829,17773,840.0,512.0
2020-12-01,Emergency Food Hamper Program - House of Friendship,2834,9298,1888,1886,1825,1823,3.128767123287671,45.521208907741254,10,363,1068,1120,271,2,7990,15704,12829,17773,840.0,512.0
2020-12-01,Emmanuel United Church - Waterloo Wayside ,135,338,61,61,58,58,2.2586206896551726,52.80327868852459,2,8,20,61,44,0,7990,15704,12829,17773,840.0,512.0
2020-12-01,Erb West Community Centre - Camino Wellness + Mental Health,200,842,90,89,90,89,3.911111111111111,43.82022471910113,0,16,92,88,3,1,7990,15704,12829,17773,840.0,512.0
2020-12-01,Forest Heights Community Centre - Neighbourhood Food Program - House of Friendship,80,383,52,45,51,44,4.509803921568627,39.577777777777776,0,16,42,10,5,7,7990,15704,12829,17773,840.0,512.0
2020-12-01,Glencairn Mennonite Brethren Church,53,192,52,52,50,50,3.78,46.71153846153846,0,9,17,16,11,0,7990,15704,12829,17773,840.0,512.0
2020-12-01,Kingsdale Community Centre - Neighbourhood Food Program - House of Friendship,425,1192,214,210,209,205,2.8229665071770333,48.338095238095235,0,36,146,147,92,4,7990,15704,12829,17773,840.0,512.0
2020-12-01,Langs,11,27,8,8,8,8,2.625,40.75,0,3,2,4,2,0,7990,15704,12829,17773,840.0,512.0
2020-12-01,Ray of Hope,239,550,180,180,178,178,2.2752808988764044,50.46666666666667,0,14,64,127,34,0,7990,15704,12829,17773,840.0,512.0
2020-12-01,Salvation Army Cambridge,71,175,56,56,55,55,2.3454545454545452,50.67857142857143,0,6,16,41,8,0,7990,15704,12829,17773,840.0,512.0
2020-12-01,St. Andrew's Hespler Presbyterian Church,34,82,21,21,21,21,2.4285714285714284,43.666666666666664,1,6,5,19,3,0,7990,15704,12829,17773,840.0,512.0
2020-12-01,Sunnydale Community Centre - Neighbourhood Food Program - House of Friendship,252,1045,117,111,117,111,4.017094017094017,41.98198198198198,0,38,119,70,19,6,7990,15704,12829,17773,840.0,512.0
2020-12-01,Supportive Housing of Waterloo (SHOW),38,38,16,16,16,16,1.0,55.0625,0,4,1,31,2,0,7990,15704,12829,17773,840.0,512.0
2020-12-01,Wellesley Food Cupboard,6,40,6,6,6,6,6.666666666666667,29.333333333333332,0,3,3,0,0,0,7990,15704,12829,17773,840.0,512.0
2020-12-01,Wilmot & Wellesley Resource Centre,152,437,75,62,75,62,2.8933333333333335,42.693548387096776,0,27,55,48,9,13,7990,15704,12829,17773,840.0,512.0
2020-12-01,Woolwich Community Services,153,418,74,65,71,62,2.5774647887323945,47.52307692307692,4,14,44,63,19,9,7990,15704,12829,17773,840.0,512.0
2020-12-01,oneROOF Youth Services,22,57,16,16,13,13,2.076923076923077,23.0,0,21,0,1,0,0,7990,15704,12829,17773,840.0,512.0
2021-01-01,Anishnabeg Outreach - Spirit Bundle ,429,1527,429,0,429,0,3.5594405594405596,,0,0,0,0,0,429,7996,15690,12703,17517,887.0,527.0
2021-01-01,Cambridge Food Bank - Cambridge,1373,3057,699,699,691,691,2.1070911722141825,47.94849785407725,5,133,386,671,178,0,7996,15690,12703,17517,887.0,527.0
2021-01-01,Centreville Chicopee Community Centre - Neighbourhood Food Program - House of Friendship,313,1008,123,114,118,109,3.2457627118644066,42.81578947368421,0,52,105,125,22,9,7996,15690,12703,17517,887.0,527.0
2021-01-01,Chandler Mowat Community Centre - Neighbourhood Food Program - House of Friendship,564,2069,236,228,226,218,3.4867256637168142,43.18859649122807,10,92,211,191,52,8,7996,15690,12703,17517,887.0,527.0
2021-01-01,Courtland Shelley Community Centre - Neighbourhood Food Program - House of Friendship,79,312,27,27,27,27,3.925925925925926,45.44444444444444,0,2,33,40,4,0,7996,15690,12703,17517,887.0,527.0
2021-01-01,Emergency Food Hamper Program - House of Friendship,2406,7798,1581,1578,1531,1528,3.092096668843893,45.07667934093789,10,335,967,900,191,3,7996,15690,12703,17517,887.0,527.0
2021-01-01,Emmanuel United Church - Waterloo Wayside ,122,267,71,68,69,66,1.9130434782608696,51.8235294117647,0,12,18,60,29,3,7996,15690,12703,17517,887.0,527.0
2021-01-01,Erb West Community Centre - Camino Wellness + Mental Health,262,1149,93,92,92,91,4.021739130434782,43.92391304347826,0,19,125,110,7,1,7996,15690,12703,17517,887.0,527.0
2021-01-01,Forest Heights Community Centre - Neighbourhood Food Program - House of Friendship,140,689,58,54,57,53,4.7894736842105265,39.24074074074074,0,23,78,27,8,4,7996,15690,12703,17517,887.0,527.0
2021-01-01,Glencairn Mennonite Brethren Church,1,2,1,1,1,1,2.0,57.0,0,0,0,1,0,0,7996,15690,12703,17517,887.0,527.0
2021-01-01,Kingsdale Community Centre - Neighbourhood Food Program - House of Friendship,519,1364,198,197,189,188,2.5925925925925926,49.53299492385787,2,36,147,219,114,1,7996,15690,12703,17517,887.0,527.0
2021-01-01,Kitchener Community Church and Family Care Centre,356,969,316,315,313,312,2.7859424920127798,50.05714285714286,0,30,97,166,62,1,7996,15690,12703,17517,887.0,527.0
2021-01-01,Langs,7,14,5,5,5,5,2.0,42.4,0,1,2,1,3,0,7996,15690,12703,17517,887.0,527.0
2021-01-01,Ray of Hope,101,255,101,101,100,100,2.53,47.12871287128713,1,13,32,43,12,0,7996,15690,12703,17517,887.0,527.0
2021-01-01,Salvation Army Cambridge,336,809,157,156,151,150,2.185430463576159,48.23076923076923,0,14,115,179,27,1,7996,15690,12703,17517,887.0,527.0
2021-01-01,St. Andrew's Hespler Presbyterian Church,1,1,1,1,1,1,1.0,61.0,0,0,0,1,0,0,7996,15690,12703,17517,887.0,527.0
2021-01-01,St. Columba Anglican Church,2,5,2,2,2,2,2.5,52.0,0,0,1,0,1,0,7996,15690,12703,17517,887.0,527.0
2021-01-01,Sunnydale Community Centre - Neighbourhood Food Program - House of Friendship,324,1324,126,111,125,110,3.832,43.711711711711715,0,34,141,114,20,15,7996,15690,12703,17517,887.0,527.0
2021-01-01,Supportive Housing YWCA (Lincoln Road),1,1,1,1,1,1,1.0,50.0,0,0,0,1,0,0,7996,15690,12703,17517,887.0,527.0
2021-01-01,Supportive Housing of Waterloo (SHOW),55,55,20,20,20,20,1.0,55.15,0,4,6,39,6,0,7996,15690,12703,17517,887.0,527.0
2021-01-01,Wellesley Food Cupboard,8,51,7,7,7,7,6.571428571428571,35.0,0,0,8,0,0,0,7996,15690,12703,17517,887.0,527.0
2021-01-01,Wilmot & Wellesley Resource Centre,150,396,71,65,71,65,2.9014084507042255,42.50769230769231,0,30,54,49,11,6,7996,15690,12703,17517,887.0,527.0
2021-01-01,Woolwich Community Services,197,548,86,77,85,76,2.7176470588235295,47.76623376623377,5,13,57,87,26,9,7996,15690,12703,17517,887.0,527.0
2021-01-01,oneROOF Youth Services,25,73,15,15,15,15,2.1333333333333333,22.2,0,25,0,0,0,0,7996,15690,12703,17517,887.0,527.0
2021-02-01,Anishnabeg Outreach - Spirit Bundle ,313,1041,313,0,313,0,3.3258785942492013,,0,0,0,0,0,313,7803,15304,12847,17748,832.0,528.0
2021-02-01,Cambridge Food Bank - Cambridge,1336,3100,693,692,686,685,2.193877551020408,47.790462427745666,2,132,374,647,180,1,7803,15304,12847,17748,832.0,528.0
2021-02-01,Centreville Chicopee Community Centre - Neighbourhood Food Program - House of Friendship,319,1122,111,105,108,102,3.462962962962963,43.838095238095235,0,46,116,127,24,6,7803,15304,12847,17748,832.0,528.0
2021-02-01,Chandler Mowat Community Centre - Neighbourhood Food Program - House of Friendship,590,2157,216,216,209,209,3.478468899521531,44.041666666666664,17,99,225,190,59,0,7803,15304,12847,17748,832.0,528.0
2021-02-01,Courtland Shelley Community Centre - Neighbourhood Food Program - House of Friendship,79,300,29,29,29,29,3.8620689655172415,46.51724137931034,0,2,34,39,4,0,7803,15304,12847,17748,832.0,528.0
2021-02-01,Emergency Food Hamper Program - House of Friendship,2369,8038,1553,1553,1510,1510,3.296688741721854,44.74179008370895,6,309,975,897,182,0,7803,15304,12847,17748,832.0,528.0
2021-02-01,Emmanuel United Church - Waterloo Wayside ,135,296,68,66,66,64,2.015151515151515,51.621212121212125,2,12,31,57,31,2,7803,15304,12847,17748,832.0,528.0
2021-02-01,Erb West Community Centre - Camino Wellness + Mental Health,235,999,83,82,83,82,3.9036144578313254,41.853658536585364,0,33,111,87,3,1,7803,15304,12847,17748,832.0,528.0
2021-02-01,Forest Heights Community Centre - Neighbourhood Food Program - House of Friendship,126,552,55,48,53,46,4.339622641509434,40.458333333333336,0,18,64,29,8,7,7803,15304,12847,17748,832.0,528.0
2021-02-01,Kingsdale Community Centre - Neighbourhood Food Program - House of Friendship,534,1397,211,203,205,197,2.624390243902439,49.59605911330049,5,29,146,226,120,8,7803,15304,12847,17748,832.0,528.0
2021-02-01,Kitchener Community Church and Family Care Centre,475,1337,368,368,363,363,2.8264462809917354,50.26086956521739,0,52,119,223,81,0,7803,15304,12847,17748,832.0,528.0
2021-02-01,Langs,1,1,1,1,1,1,1.0,54.0,0,0,0,1,0,0,7803,15304,12847,17748,832.0,528.0
2021-02-01,Ray of Hope,104,276,103,103,103,103,2.6601941747572817,47.19417475728155,1,11,37,42,13,0,7803,15304,12847,17748,832.0,528.0
2021-02-01,Salvation Army Cambridge,354,885,143,142,141,140,2.397163120567376,49.056338028169016,0,8,109,206,30,1,7803,15304,12847,17748,832.0,528.0
2021-02-01,St. Andrew's Hespler Presbyterian Church,33,78,22,22,22,22,2.5,46.04545454545455,2,3,9,15,4,0,7803,15304,12847,17748,832.0,528.0
2021-02-01,St. Columba Anglican Church,24,107,9,9,8,8,3.125,53.111111111111114,0,1,5,11,7,0,7803,15304,12847,17748,832.0,528.0
2021-02-01,Sunnydale Community Centre - Neighbourhood Food Program - House of Friendship,344,1400,132,119,129,116,3.813953488372093,44.016806722689076,0,30,159,115,27,13,7803,15304,12847,17748,832.0,528.0
2021-02-01,Supportive Housing YWCA (Lincoln Road),10,28,7,7,7,7,2.7142857142857144,43.42857142857143,0,0,8,1,1,0,7803,15304,12847,17748,832.0,528.0
2021-02-01,Supportive Housing of Waterloo (SHOW),56,56,20,20,20,20,1.0,53.55,0,5,7,41,3,0,7803,15304,12847,17748,832.0,528.0
2021-02-01,University of Waterloo Food Bank,36,36,36,0,36,0,1.0,,0,0,0,0,0,36,7803,15304,12847,17748,832.0,528.0
2021-02-01,Victoria Hills - House of Friendship,140,597,76,69,74,67,4.283783783783784,41.56521739130435,0,17,65,49,2,7,7803,15304,12847,17748,832.0,528.0
2021-02-01,Wellesley Food Cupboard,25,174,10,10,10,10,6.6,33.0,0,7,18,0,0,0,7803,15304,12847,17748,832.0,528.0
2021-02-01,Wilmot & Wellesley Resource Centre,151,439,73,64,73,64,3.0136986301369864,42.53125,0,35,54,44,9,9,7803,15304,12847,17748,832.0,528.0
2021-02-01,Woolwich Community Services,198,600,81,77,79,75,3.0253164556962027,47.27272727272727,6,14,69,73,32,4,7803,15304,12847,17748,832.0,528.0
2021-02-01,oneROOF Youth Services,17,45,11,11,10,10,1.7,22.545454545454547,0,17,0,0,0,0,7803,15304,12847,17748,832.0,528.0
2021-03-01,Anishnabeg Outreach - Spirit Bundle ,321,1054,321,0,321,0,3.283489096573209,,0,0,0,0,0,321,7815,15363,12850,17754,819.0,521.0
2021-03-01,Cambridge Food Bank - Cambridge,1626,3725,757,757,747,747,2.1566265060240966,47.792602377807135,2,176,442,796,210,0,7815,15363,12850,17754,819.0,521.0
2021-03-01,Centreville Chicopee Community Centre - Neighbourhood Food Program - House of Friendship,427,1497,132,131,126,125,3.4603174603174605,41.76335877862596,0,72,170,157,27,1,7815,15363,12850,17754,819.0,521.0
2021-03-01,Chandler Mowat Community Centre - Neighbourhood Food Program - House of Friendship,576,2127,212,208,208,204,3.451923076923077,43.38942307692308,14,107,203,184,64,4,7815,15363,12850,17754,819.0,521.0
2021-03-01,Courtland Shelley Community Centre - Neighbourhood Food Program - House of Friendship,97,389,26,26,26,26,3.923076923076923,46.84615384615385,0,3,42,47,5,0,7815,15363,12850,17754,819.0,521.0
2021-03-01,Emergency Food Hamper Program - House of Friendship,2896,9628,1777,1773,1709,1705,3.2047981275599766,44.7473209249859,9,410,1166,1058,249,4,7815,15363,12850,17754,819.0,521.0
2021-03-01,Emmanuel United Church - Waterloo Wayside ,137,289,78,76,77,75,2.064935064935065,51.43421052631579,1,9,29,67,29,2,7815,15363,12850,17754,819.0,521.0
2021-03-01,Erb West Community Centre - Camino Wellness + Mental Health,272,1051,76,76,76,76,3.6842105263157894,42.8421052631579,0,38,121,106,7,0,7815,15363,12850,17754,819.0,521.0
2021-03-01,Forest Heights Community Centre - Neighbourhood Food Program - House of Friendship,207,970,66,65,63,62,4.666666666666667,39.815384615384616,0,39,119,37,11,1,7815,15363,12850,17754,819.0,521.0
2021-03-01,Kingsdale Community Centre - Neighbourhood Food Program - House of Friendship,777,2087,238,236,232,230,2.6767241379310347,48.809322033898304,3,66,257,290,159,2,7815,15363,12850,17754,819.0,521.0
2021-03-01,Kitchener Community Church and Family Care Centre,587,1643,395,394,381,380,2.784776902887139,50.423857868020306,0,54,140,293,99,1,7815,15363,12850,17754,819.0,521.0
2021-03-01,Langs,7,19,6,6,6,6,2.8333333333333335,50.5,0,1,0,5,1,0,7815,15363,12850,17754,819.0,521.0
2021-03-01,Ray of Hope,128,332,127,127,127,127,2.5984251968503935,48.60629921259842,0,12,40,61,15,0,7815,15363,12850,17754,819.0,521.0
2021-03-01,Salvation Army Cambridge,485,1233,161,159,159,157,2.3647798742138364,48.144654088050316,0,19,158,276,30,2,7815,15363,12850,17754,819.0,521.0
2021-03-01,St. Columba Anglican Church,26,134,11,11,10,10,4.0,52.63636363636363,0,1,3,18,4,0,7815,15363,12850,17754,819.0,521.0
2021-03-01,Sunnydale Community Centre - Neighbourhood Food Program - House of Friendship,341,1355,126,123,123,120,3.8048780487804876,44.642276422764226,0,34,156,114,34,3,7815,15363,12850,17754,819.0,521.0
2021-03-01,Supportive Housing YWCA (Lincoln Road),14,35,10,10,10,10,2.3,39.7,0,2,9,3,0,0,7815,15363,12850,17754,819.0,521.0
2021-03-01,Supportive Housing of Waterloo (SHOW),65,65,24,24,24,24,1.0,55.75,0,5,9,43,8,0,7815,15363,12850,17754,819.0,521.0
2021-03-01,University of Waterloo Food Bank,38,38,38,0,38,0,1.0,,0,0,0,0,0,38,7815,15363,12850,17754,819.0,521.0
2021-03-01,Victoria Hills - House of Friendship,292,1180,111,94,108,91,3.675925925925926,40.648936170212764,3,45,121,100,6,17,7815,15363,12850,17754,819.0,521.0
2021-03-01,Wellesley Food Cupboard,27,183,13,13,13,13,6.3076923076923075,32.69230769230769,0,8,19,0,0,0,7815,15363,12850,17754,819.0,521.0
2021-03-01,Wilmot & Wellesley Resource Centre,168,446,73,68,73,68,2.7534246575342465,43.5735294117647,0,37,57,61,8,5,7815,15363,12850,17754,819.0,521.0
2021-03-01,Woolwich Community Services,232,709,90,87,87,84,3.1724137931034484,46.735632183908045,6,16,90,77,40,3,7815,15363,12850,17754,819.0,521.0
2021-03-01,oneROOF Youth Services,16,40,11,11,10,10,2.0,22.545454545454547,1,15,0,0,0,0,7815,15363,12850,17754,819.0,521.0
2021-04-01,Anishnabeg Outreach - Spirit Bundle ,410,1341,410,0,410,0,3.270731707317073,,0,0,0,0,0,410,7588,14919,12838,17729,823.0,548.0
2021-04-01,Cambridge Food Bank - Cambridge,1486,3506,718,718,706,706,2.1600566572237963,48.64066852367688,1,141,392,739,213,0,7588,14919,12838,17729,823.0,548.0
2021-04-01,Centreville Chicopee Community Centre - Neighbourhood Food Program - House of Friendship,315,1068,120,117,114,111,3.3684210526315788,42.8974358974359,0,58,110,120,24,3,7588,14919,12838,17729,823.0,548.0
2021-04-01,Chandler Mowat Community Centre - Neighbourhood Food Program - House of Friendship,695,2611,216,209,207,200,3.4927536231884058,43.334928229665074,19,140,243,217,69,7,7588,14919,12838,17729,823.0,548.0
2021-04-01,Courtland Shelley Community Centre - Neighbourhood Food Program - House of Friendship,74,296,23,23,23,23,4.086956521739131,46.17391304347826,0,1,35,34,4,0,7588,14919,12838,17729,823.0,548.0
2021-04-01,Emergency Food Hamper Program - House of Friendship,2565,8532,1533,1525,1486,1478,3.2200538358008077,45.265573770491805,3,342,1042,929,241,8,7588,14919,12838,17729,823.0,548.0
2021-04-01,Emmanuel United Church - Waterloo Wayside ,167,399,82,78,82,78,2.073170731707317,50.42307692307692,3,12,42,77,29,4,7588,14919,12838,17729,823.0,548.0
2021-04-01,Erb West Community Centre - Camino Wellness + Mental Health,241,996,71,71,71,71,3.859154929577465,42.521126760563384,0,23,110,106,2,0,7588,14919,12838,17729,823.0,548.0
2021-04-01,Forest Heights Community Centre - Neighbourhood Food Program - House of Friendship,142,652,53,53,51,51,4.294117647058823,40.64150943396226,0,24,75,34,9,0,7588,14919,12838,17729,823.0,548.0
2021-04-01,Kingsdale Community Centre - Neighbourhood Food Program - House of Friendship,674,1792,250,242,247,239,2.7125506072874495,48.36363636363637,4,54,230,253,125,8,7588,14919,12838,17729,823.0,548.0
2021-04-01,Kitchener Community Church and Family Care Centre,576,1588,348,347,341,340,2.7565982404692084,51.25936599423631,0,40,132,298,105,1,7588,14919,12838,17729,823.0,548.0
2021-04-01,Langs,7,13,7,7,7,7,1.8571428571428572,51.285714285714285,0,0,2,4,1,0,7588,14919,12838,17729,823.0,548.0
2021-04-01,Paulander Community Centre - Camino Wellness + Mental Health,63,221,62,62,62,62,3.532258064516129,48.88709677419355,1,5,22,28,7,0,7588,14919,12838,17729,823.0,548.0
2021-04-01,Ray of Hope,123,289,122,122,121,121,2.371900826446281,48.13934426229508,0,11,40,61,11,0,7588,14919,12838,17729,823.0,548.0
2021-04-01,Salvation Army Cambridge,320,761,179,177,178,176,2.258426966292135,49.78531073446328,0,11,103,177,27,2,7588,14919,12838,17729,823.0,548.0
2021-04-01,St. Columba Anglican Church,21,107,7,7,7,7,4.428571428571429,50.57142857142857,0,1,3,13,4,0,7588,14919,12838,17729,823.0,548.0
2021-04-01,Sunnydale Community Centre - Neighbourhood Food Program - House of Friendship,409,1584,123,117,121,115,3.7355371900826446,44.282051282051285,0,38,177,144,44,6,7588,14919,12838,17729,823.0,548.0
2021-04-01,Supportive Housing YWCA (Lincoln Road),10,24,5,5,5,5,2.2,40.0,0,1,6,3,0,0,7588,14919,12838,17729,823.0,548.0
2021-04-01,Supportive Housing of Waterloo (SHOW),41,41,19,19,19,19,1.0,54.0,0,4,7,28,2,0,7588,14919,12838,17729,823.0,548.0
2021-04-01,University of Waterloo Food Bank,22,22,22,0,22,0,1.0,,0,0,0,0,0,22,7588,14919,12838,17729,823.0,548.0
2021-04-01,Victoria Hills - House of Friendship,179,741,81,71,81,71,4.296296296296297,40.971830985915496,2,18,83,63,3,10,7588,14919,12838,17729,823.0,548.0
2021-04-01,Wellesley Food Cupboard,16,102,14,14,13,13,6.153846153846154,34.142857142857146,0,4,12,0,0,0,7588,14919,12838,17729,823.0,548.0
2021-04-01,Wilmot & Wellesley Resource Centre,147,386,82,64,80,62,2.65,40.390625,0,29,56,41,3,18,7588,14919,12838,17729,823.0,548.0
2021-04-01,Woolwich Community Services,213,588,83,78,82,77,2.682926829268293,47.91025641025641,6,8,75,78,41,5,7588,14919,12838,17729,823.0,548.0
2021-04-01,oneROOF Youth Services,20,63,11,11,10,10,2.5,23.09090909090909,0,20,0,0,0,0,7588,14919,12838,17729,823.0,548.0
2021-05-01,Anishnabeg Outreach - Spirit Bundle ,340,1117,340,0,340,0,3.2852941176470587,,0,0,0,0,0,340,7466,14627,12738,17568,835.0,558.0
2021-05-01,Cambridge Food Bank - Cambridge,1434,3374,680,680,667,667,2.1679160419790104,48.45,0,132,393,710,199,0,7466,14627,12738,17568,835.0,558.0
2021-05-01,Centreville Chicopee Community Centre - Neighbourhood Food Program - House of Friendship,348,1188,123,123,118,118,3.542372881355932,42.552845528455286,0,69,128,125,26,0,7466,14627,12738,17568,835.0,558.0
2021-05-01,Chandler Mowat Community Centre - Neighbourhood Food Program - House of Friendship,623,2164,251,218,244,211,3.25,43.711009174311926,15,111,213,184,67,33,7466,14627,12738,17568,835.0,558.0
2021-05-01,Courtland Shelley Community Centre - Neighbourhood Food Program - House of Friendship,82,320,30,30,30,30,3.9,48.0,0,0,36,42,4,0,7466,14627,12738,17568,835.0,558.0
2021-05-01,Emergency Food Hamper Program - House of Friendship,2251,7615,1382,1379,1335,1332,3.2404494382022473,45.29151559100798,6,288,924,826,204,3,7466,14627,12738,17568,835.0,558.0
2021-05-01,Emmanuel United Church - Waterloo Wayside ,135,304,63,60,63,60,1.8888888888888888,53.416666666666664,2,2,36,55,37,3,7466,14627,12738,17568,835.0,558.0
2021-05-01,Erb West Community Centre - Camino Wellness + Mental Health,204,849,73,73,73,73,3.9178082191780823,43.657534246575345,0,19,94,84,7,0,7466,14627,12738,17568,835.0,558.0
2021-05-01,Forest Heights Community Centre - Neighbourhood Food Program - House of Friendship,155,727,56,54,55,53,4.6909090909090905,40.46296296296296,0,25,80,39,9,2,7466,14627,12738,17568,835.0,558.0
2021-05-01,Kingsdale Community Centre - Neighbourhood Food Program - House of Friendship,769,1983,254,251,251,248,2.649402390438247,47.56175298804781,6,72,261,288,139,3,7466,14627,12738,17568,835.0,558.0
2021-05-01,Kitchener Community Church and Family Care Centre,533,1427,331,331,325,325,2.624615384615385,51.398791540785496,2,42,129,263,97,0,7466,14627,12738,17568,835.0,558.0
2021-05-01,Paulander Community Centre - Camino Wellness + Mental Health,201,732,94,94,92,92,3.5434782608695654,46.861702127659576,3,19,67,89,23,0,7466,14627,12738,17568,835.0,558.0
2021-05-01,Ray of Hope,122,287,121,121,119,119,2.369747899159664,49.81818181818182,1,4,42,59,16,0,7466,14627,12738,17568,835.0,558.0
2021-05-01,Salvation Army Cambridge,335,815,189,185,188,184,2.3031914893617023,49.605405405405406,0,15,99,190,27,4,7466,14627,12738,17568,835.0,558.0
2021-05-01,St. Columba Anglican Church,25,130,9,9,9,9,3.7777777777777777,43.333333333333336,0,3,2,15,5,0,7466,14627,12738,17568,835.0,558.0
2021-05-01,Sunnydale Community Centre - Neighbourhood Food Program - House of Friendship,358,1417,123,119,120,116,3.9833333333333334,44.27731092436975,0,39,165,109,41,4,7466,14627,12738,17568,835.0,558.0
2021-05-01,Supportive Housing YWCA (Lincoln Road),15,30,9,9,9,9,1.8888888888888888,45.666666666666664,0,1,8,3,3,0,7466,14627,12738,17568,835.0,558.0
2021-05-01,Supportive Housing of Waterloo (SHOW),52,52,19,19,19,19,1.0,54.73684210526316,0,4,8,35,5,0,7466,14627,12738,17568,835.0,558.0
2021-05-01,University of Waterloo Food Bank,35,35,35,0,35,0,1.0,,0,0,0,0,0,35,7466,14627,12738,17568,835.0,558.0
2021-05-01,Victoria Hills - House of Friendship,352,1376,141,118,139,116,3.712230215827338,40.101694915254235,3,46,164,109,7,23,7466,14627,12738,17568,835.0,558.0
2021-05-01,Wellesley Food Cupboard,6,33,6,6,6,6,5.5,30.666666666666668,0,3,3,0,0,0,7466,14627,12738,17568,835.0,558.0
2021-05-01,Wilmot & Wellesley Resource Centre,132,345,64,52,62,50,2.725806451612903,41.44230769230769,0,27,56,33,4,12,7466,14627,12738,17568,835.0,558.0
2021-05-01,Woolwich Community Services,212,596,90,85,87,82,2.689655172413793,46.917647058823526,3,12,82,81,29,5,7466,14627,12738,17568,835.0,558.0
2021-05-01,oneROOF Youth Services,14,45,9,9,9,9,2.111111111111111,21.666666666666668,2,12,0,0,0,0,7466,14627,12738,17568,835.0,558.0
2021-06-01,Anishnabeg Outreach - Spirit Bundle ,340,1112,340,0,340,0,3.2705882352941176,,0,0,0,0,0,340,7302,14245,12854,17746,836.0,562.0
2021-06-01,Cambridge Food Bank - Cambridge,1591,3784,759,757,733,731,2.184174624829468,47.72655217965654,1,142,477,763,206,2,7302,14245,12854,17746,836.0,562.0
2021-06-01,Centreville Chicopee Community Centre - Neighbourhood Food Program - House of Friendship,346,1150,139,128,135,124,3.3703703703703702,41.9765625,1,57,141,111,25,11,7302,14245,12854,17746,836.0,562.0
2021-06-01,Chandler Mowat Community Centre - Neighbourhood Food Program - House of Friendship,635,2283,244,210,239,205,3.305439330543933,43.75714285714286,13,113,217,186,72,34,7302,14245,12854,17746,836.0,562.0
2021-06-01,Christopher Champlain Resource Centre - Kinbridge Community Association,1,10,1,1,1,1,10.0,36.0,0,0,1,0,0,0,7302,14245,12854,17746,836.0,562.0
2021-06-01,Courtland Shelley Community Centre - Neighbourhood Food Program - House of Friendship,73,294,23,23,23,23,4.0,47.869565217391305,0,0,35,34,4,0,7302,14245,12854,17746,836.0,562.0
2021-06-01,Emergency Food Hamper Program - House of Friendship,2504,8396,1501,1497,1457,1453,3.2223747426218257,45.434869739478955,9,288,1042,917,244,4,7302,14245,12854,17746,836.0,562.0
2021-06-01,Emmanuel United Church - Waterloo Wayside ,126,279,62,61,62,61,2.0161290322580645,50.75409836065574,1,6,33,59,26,1,7302,14245,12854,17746,836.0,562.0
2021-06-01,Erb West Community Centre - Camino Wellness + Mental Health,235,995,70,70,70,70,4.014285714285714,43.52857142857143,0,21,107,99,8,0,7302,14245,12854,17746,836.0,562.0
2021-06-01,Forest Heights Community Centre - Neighbourhood Food Program - House of Friendship,154,725,57,56,56,55,4.714285714285714,41.339285714285715,0,24,75,42,12,1,7302,14245,12854,17746,836.0,562.0
2021-06-01,Kingsdale Community Centre - Neighbourhood Food Program - House of Friendship,708,1772,259,253,254,248,2.5826771653543306,47.533596837944664,4,66,237,261,134,6,7302,14245,12854,17746,836.0,562.0
2021-06-01,Kitchener Community Church and Family Care Centre,572,1562,341,341,331,331,2.619335347432024,49.24926686217009,4,58,129,287,94,0,7302,14245,12854,17746,836.0,562.0
2021-06-01,Paulander Community Centre - Camino Wellness + Mental Health,341,1205,91,91,91,91,3.5824175824175826,47.08791208791209,5,31,118,153,34,0,7302,14245,12854,17746,836.0,562.0
2021-06-01,Ray of Hope,139,318,136,136,137,137,2.291970802919708,47.01470588235294,2,14,52,59,12,0,7302,14245,12854,17746,836.0,562.0
2021-06-01,Salvation Army Cambridge,345,846,195,191,193,189,2.3678756476683938,50.15183246073298,0,12,115,172,42,4,7302,14245,12854,17746,836.0,562.0
2021-06-01,St. Columba Anglican Church,17,97,5,5,5,5,5.0,54.8,0,0,1,12,4,0,7302,14245,12854,17746,836.0,562.0
2021-06-01,Sunnydale Community Centre - Neighbourhood Food Program - House of Friendship,355,1396,132,117,131,116,3.717557251908397,44.36752136752137,0,34,156,112,38,15,7302,14245,12854,17746,836.0,562.0
2021-06-01,Supportive Housing YWCA (Lincoln Road),26,55,16,16,16,16,2.125,45.1875,0,3,13,9,1,0,7302,14245,12854,17746,836.0,562.0
2021-06-01,Supportive Housing of Waterloo (SHOW),35,35,16,16,16,16,1.0,52.5625,0,1,8,25,1,0,7302,14245,12854,17746,836.0,562.0
2021-06-01,University of Waterloo Food Bank,34,35,34,0,34,0,1.0294117647058822,,0,0,0,0,0,34,7302,14245,12854,17746,836.0,562.0
2021-06-01,Victoria Hills - House of Friendship,329,1288,158,138,157,137,3.732484076433121,39.594202898550726,4,36,173,91,5,20,7302,14245,12854,17746,836.0,562.0
2021-06-01,Wellesley Food Cupboard,29,201,11,11,11,11,6.363636363636363,32.63636363636363,0,8,21,0,0,0,7302,14245,12854,17746,836.0,562.0
2021-06-01,Wilmot & Wellesley Resource Centre,160,421,74,59,73,58,2.6986301369863015,41.33898305084746,0,28,66,49,2,15,7302,14245,12854,17746,836.0,562.0
2021-06-01,Woolwich Community Services,229,622,73,68,73,68,2.4657534246575343,49.705882352941174,0,23,78,84,39,5,7302,14245,12854,17746,836.0,562.0
2021-06-01,oneROOF Youth Services,9,31,8,8,7,7,2.142857142857143,21.0,1,8,0,0,0,0,7302,14245,12854,17746,836.0,562.0
2021-07-01,Anishnabeg Outreach - Spirit Bundle ,458,1510,458,0,458,0,3.296943231441048,,0,0,0,0,0,458,7239,14162,12817,17659,835.0,583.0
2021-07-01,Cambridge Food Bank - Cambridge,1500,3588,734,728,720,714,2.254166666666667,47.870879120879124,0,154,441,718,181,6,7239,14162,12817,17659,835.0,583.0
2021-07-01,Centreville Chicopee Community Centre - Neighbourhood Food Program - House of Friendship,349,1201,138,128,133,123,3.4586466165413534,42.7734375,1,43,158,110,27,10,7239,14162,12817,17659,835.0,583.0
2021-07-01,Chandler Mowat Community Centre - Neighbourhood Food Program - House of Friendship,613,2159,257,215,248,206,3.306451612903226,44.04651162790697,13,106,202,173,77,42,7239,14162,12817,17659,835.0,583.0
2021-07-01,Courtland Shelley Community Centre - Neighbourhood Food Program - House of Friendship,66,263,25,24,25,24,3.84,47.416666666666664,0,1,27,33,4,1,7239,14162,12817,17659,835.0,583.0
2021-07-01,Emergency Food Hamper Program - House of Friendship,2338,7769,1451,1441,1415,1405,3.2501766784452295,45.57182512144344,3,285,936,883,221,10,7239,14162,12817,17659,835.0,583.0
2021-07-01,Emmanuel United Church - Waterloo Wayside ,145,306,68,68,67,67,2.0597014925373136,52.0735294117647,4,8,29,66,38,0,7239,14162,12817,17659,835.0,583.0
2021-07-01,Erb West Community Centre - Camino Wellness + Mental Health,185,765,72,72,72,72,3.986111111111111,43.25,0,18,94,67,6,0,7239,14162,12817,17659,835.0,583.0
2021-07-01,Forest Heights Community Centre - Neighbourhood Food Program - House of Friendship,151,659,57,52,57,52,4.280701754385965,40.82692307692308,0,25,65,41,15,5,7239,14162,12817,17659,835.0,583.0
2021-07-01,Kingsdale Community Centre - Neighbourhood Food Program - House of Friendship,713,1796,267,256,261,250,2.478927203065134,47.16015625,5,66,235,259,137,11,7239,14162,12817,17659,835.0,583.0
2021-07-01,Kitchener Community Church and Family Care Centre,455,1240,313,313,309,309,2.867313915857605,50.108626198083066,1,40,105,230,79,0,7239,14162,12817,17659,835.0,583.0
2021-07-01,Paulander Community Centre - Camino Wellness + Mental Health,257,916,87,87,86,86,3.453488372093023,47.333333333333336,3,24,91,115,24,0,7239,14162,12817,17659,835.0,583.0
2021-07-01,Ray of Hope,140,332,137,137,138,138,2.3840579710144927,48.284671532846716,1,12,51,60,16,0,7239,14162,12817,17659,835.0,583.0
2021-07-01,Salvation Army Cambridge,300,739,181,179,180,178,2.3944444444444444,49.70391061452514,0,10,99,151,38,2,7239,14162,12817,17659,835.0,583.0
2021-07-01,St. Columba Anglican Church,24,115,11,11,11,11,3.6363636363636362,46.0,0,2,3,15,4,0,7239,14162,12817,17659,835.0,583.0
2021-07-01,Sunnydale Community Centre - Neighbourhood Food Program - House of Friendship,340,1263,134,116,132,114,3.4242424242424243,44.25,0,31,144,115,32,18,7239,14162,12817,17659,835.0,583.0
2021-07-01,Supportive Housing YWCA (Lincoln Road),12,22,10,10,10,10,1.6,50.0,0,1,4,6,1,0,7239,14162,12817,17659,835.0,583.0
2021-07-01,Supportive Housing of Waterloo (SHOW),40,40,19,19,19,19,1.0,57.89473684210526,0,0,3,34,3,0,7239,14162,12817,17659,835.0,583.0
2021-07-01,University of Waterloo Food Bank,12,12,12,0,12,0,1.0,,0,0,0,0,0,12,7239,14162,12817,17659,835.0,583.0
2021-07-01,Victoria Hills - House of Friendship,467,1837,185,162,184,161,3.739130434782609,40.111111111111114,4,61,250,117,12,23,7239,14162,12817,17659,835.0,583.0
2021-07-01,Wellesley Food Cupboard,31,195,14,14,14,14,6.0,34.07142857142857,0,8,23,0,0,0,7239,14162,12817,17659,835.0,583.0
2021-07-01,Wilmot & Wellesley Resource Centre,141,358,74,55,72,53,2.5833333333333335,42.29090909090909,0,18,59,41,4,19,7239,14162,12817,17659,835.0,583.0
2021-07-01,Woolwich Community Services,327,940,99,93,98,92,2.7551020408163267,48.053763440860216,0,25,121,111,64,6,7239,14162,12817,17659,835.0,583.0
2021-08-01,Anishnabeg Outreach - Spirit Bundle ,327,1248,327,0,327,0,3.81651376146789,,0,0,0,0,0,327,7224,14110,12731,17538,885.0,582.0
2021-08-01,Cambridge Food Bank - Cambridge,1539,3660,783,782,760,759,2.2263157894736842,47.626598465473144,0,173,471,709,185,1,7224,14110,12731,17538,885.0,582.0
2021-08-01,Centreville Chicopee Community Centre - Neighbourhood Food Program - House of Friendship,388,1316,150,136,144,130,3.3819444444444446,42.8235294117647,0,55,166,128,25,14,7224,14110,12731,17538,885.0,582.0
2021-08-01,Chandler Mowat Community Centre - Neighbourhood Food Program - House of Friendship,655,2284,256,223,250,217,3.28,43.91479820627803,12,113,226,197,74,33,7224,14110,12731,17538,885.0,582.0
2021-08-01,Courtland Shelley Community Centre - Neighbourhood Food Program - House of Friendship,82,316,24,24,24,24,3.9166666666666665,48.791666666666664,0,0,37,39,6,0,7224,14110,12731,17538,885.0,582.0
2021-08-01,Emergency Food Hamper Program - House of Friendship,2619,8809,1676,1662,1620,1606,3.2314814814814814,44.84296028880866,10,360,1047,955,233,14,7224,14110,12731,17538,885.0,582.0
2021-08-01,Emmanuel United Church - Waterloo Wayside ,119,273,64,62,64,62,2.0,51.11290322580645,2,8,25,45,37,2,7224,14110,12731,17538,885.0,582.0
2021-08-01,Erb West Community Centre - Camino Wellness + Mental Health,189,770,79,79,77,77,3.948051948051948,43.35443037974684,0,25,84,71,9,0,7224,14110,12731,17538,885.0,582.0
2021-08-01,Forest Heights Community Centre - Neighbourhood Food Program - House of Friendship,222,1019,73,68,68,63,4.382352941176471,42.60294117647059,0,27,105,62,23,5,7224,14110,12731,17538,885.0,582.0
2021-08-01,Glencairn Mennonite Brethren Church,54,177,54,54,53,53,3.3207547169811322,51.407407407407405,0,5,14,17,18,0,7224,14110,12731,17538,885.0,582.0
2021-08-01,Kingsdale Community Centre - Neighbourhood Food Program - House of Friendship,697,1733,265,261,257,253,2.443579766536965,46.81609195402299,5,62,237,261,128,4,7224,14110,12731,17538,885.0,582.0
2021-08-01,Kitchener Community Church and Family Care Centre,429,1205,303,303,296,296,2.7195945945945947,50.96699669966997,1,35,106,201,86,0,7224,14110,12731,17538,885.0,582.0
2021-08-01,Paulander Community Centre - Camino Wellness + Mental Health,274,969,97,96,95,94,3.463157894736842,48.0,0,17,98,128,30,1,7224,14110,12731,17538,885.0,582.0
2021-08-01,Ray of Hope,159,343,157,157,158,158,2.1645569620253164,48.503184713375795,1,14,53,69,22,0,7224,14110,12731,17538,885.0,582.0
2021-08-01,Salvation Army Cambridge,332,843,191,189,190,188,2.4263157894736844,49.46560846560847,0,11,109,170,40,2,7224,14110,12731,17538,885.0,582.0
2021-08-01,St. Columba Anglican Church,27,131,8,8,8,8,3.75,48.875,0,1,3,18,5,0,7224,14110,12731,17538,885.0,582.0
2021-08-01,Stanley Park Community Centre,15,39,12,9,12,9,2.3333333333333335,49.44444444444444,0,1,6,3,2,3,7224,14110,12731,17538,885.0,582.0
2021-08-01,Sunnydale Community Centre - Neighbourhood Food Program - House of Friendship,354,1354,140,125,138,123,3.5579710144927534,44.512,0,35,150,123,31,15,7224,14110,12731,17538,885.0,582.0
2021-08-01,Supportive Housing YWCA (Lincoln Road),14,36,10,10,10,10,2.4,43.5,0,0,11,3,0,0,7224,14110,12731,17538,885.0,582.0
2021-08-01,Supportive Housing of Waterloo (SHOW),49,52,21,21,21,21,1.1428571428571428,53.714285714285715,0,1,12,34,2,0,7224,14110,12731,17538,885.0,582.0
2021-08-01,Traverse Independence,15,18,14,8,14,8,1.2142857142857142,55.25,0,0,3,3,3,6,7224,14110,12731,17538,885.0,582.0
2021-08-01,Victoria Hills - House of Friendship,485,1928,199,174,197,172,3.771573604060914,40.60919540229885,4,66,241,130,19,25,7224,14110,12731,17538,885.0,582.0
2021-08-01,Wellesley Food Cupboard,37,244,18,18,18,18,6.555555555555555,35.166666666666664,0,8,29,0,0,0,7224,14110,12731,17538,885.0,582.0
2021-08-01,Wilmot & Wellesley Resource Centre,156,392,76,60,75,59,2.6533333333333333,43.03333333333333,0,18,71,44,7,16,7224,14110,12731,17538,885.0,582.0
2021-08-01,Woolwich Community Services,364,1065,101,94,96,89,2.7916666666666665,46.52127659574468,1,31,130,128,67,7,7224,14110,12731,17538,885.0,582.0
2021-09-01,Anishnabeg Outreach - Spirit Bundle ,337,1485,337,0,337,0,4.406528189910979,,0,0,0,0,0,337,7073,13783,12823,17692,922.0,606.0
2021-09-01,Cambridge Food Bank - Cambridge,1650,3893,839,834,824,819,2.195388349514563,46.76618705035971,0,198,493,758,196,5,7073,13783,12823,17692,922.0,606.0
2021-09-01,Centreville Chicopee Community Centre - Neighbourhood Food Program - House of Friendship,468,1614,165,146,157,138,3.343949044585987,42.78082191780822,1,65,179,177,27,19,7073,13783,12823,17692,922.0,606.0
2021-09-01,Chandler Mowat Community Centre - Neighbourhood Food Program - House of Friendship,853,2815,292,234,288,230,3.0833333333333335,44.3034188034188,16,140,294,248,97,58,7073,13783,12823,17692,922.0,606.0
2021-09-01,Christopher Champlain Resource Centre - Kinbridge Community Association,5,21,5,5,5,5,4.2,50.2,0,0,2,3,0,0,7073,13783,12823,17692,922.0,606.0
2021-09-01,Courtland Shelley Community Centre - Neighbourhood Food Program - House of Friendship,70,277,26,26,26,26,4.038461538461538,46.53846153846154,0,0,30,32,8,0,7073,13783,12823,17692,922.0,606.0
2021-09-01,Emergency Food Hamper Program - House of Friendship,2778,9619,1745,1735,1683,1673,3.3291740938799763,44.59596541786743,5,377,1124,1004,258,10,7073,13783,12823,17692,922.0,606.0
2021-09-01,Emmanuel United Church - Waterloo Wayside ,114,288,58,55,57,54,2.1052631578947367,52.163636363636364,3,5,30,41,32,3,7073,13783,12823,17692,922.0,606.0
2021-09-01,Erb West Community Centre - Camino Wellness + Mental Health,235,897,84,84,80,80,3.7875,42.023809523809526,0,37,104,84,10,0,7073,13783,12823,17692,922.0,606.0
2021-09-01,Forest Heights Community Centre - Neighbourhood Food Program - House of Friendship,226,965,85,78,85,78,4.08235294117647,42.76923076923077,0,29,102,64,24,7,7073,13783,12823,17692,922.0,606.0
2021-09-01,Glencairn Mennonite Brethren Church,56,179,56,56,56,56,3.1964285714285716,50.25,0,5,16,21,14,0,7073,13783,12823,17692,922.0,606.0
2021-09-01,Kingsdale Community Centre - Neighbourhood Food Program - House of Friendship,855,2127,285,280,278,273,2.485611510791367,47.76428571428571,7,77,274,318,174,5,7073,13783,12823,17692,922.0,606.0
2021-09-01,Kitchener Community Church and Family Care Centre,420,1143,337,335,332,330,2.855421686746988,51.02985074626866,0,34,101,190,93,2,7073,13783,12823,17692,922.0,606.0
2021-09-01,Paulander Community Centre - Camino Wellness + Mental Health,228,796,95,92,95,92,3.4526315789473685,48.77173913043478,0,10,84,105,26,3,7073,13783,12823,17692,922.0,606.0
2021-09-01,Ray of Hope,161,328,158,158,159,159,2.0440251572327046,47.721518987341774,1,16,53,77,14,0,7073,13783,12823,17692,922.0,606.0
2021-09-01,Salvation Army Cambridge,343,901,206,203,205,202,2.604878048780488,48.80295566502463,0,14,119,167,40,3,7073,13783,12823,17692,922.0,606.0
2021-09-01,St. Andrew's Hespler Presbyterian Church,19,37,19,19,19,19,1.9473684210526316,47.73684210526316,1,0,5,13,0,0,7073,13783,12823,17692,922.0,606.0
2021-09-01,St. Columba Anglican Church,23,110,7,7,7,7,4.428571428571429,53.142857142857146,0,0,6,13,4,0,7073,13783,12823,17692,922.0,606.0
2021-09-01,Stanley Park Community Centre,58,168,29,26,28,25,2.9642857142857144,50.38461538461539,0,2,19,25,9,3,7073,13783,12823,17692,922.0,606.0
2021-09-01,Sunnydale Community Centre - Neighbourhood Food Program - House of Friendship,457,1768,146,133,143,130,3.629370629370629,43.984962406015036,0,47,195,166,36,13,7073,13783,12823,17692,922.0,606.0
2021-09-01,Supportive Housing YWCA (Lincoln Road),24,50,19,19,19,19,2.0526315789473686,44.68421052631579,0,2,13,8,1,0,7073,13783,12823,17692,922.0,606.0
2021-09-01,Supportive Housing of Waterloo (SHOW),46,46,21,21,21,21,1.0,54.38095238095238,0,0,9,36,1,0,7073,13783,12823,17692,922.0,606.0
2021-09-01,The Food Bank of Waterloo Region - Kitchener,1,3,1,1,1,1,3.0,30.0,0,1,0,0,0,0,7073,13783,12823,17692,922.0,606.0
2021-09-01,Traverse Independence,18,26,15,8,15,8,1.5333333333333334,53.625,0,0,4,6,1,7,7073,13783,12823,17692,922.0,606.0
2021-09-01,University of Waterloo Food Bank,23,23,23,0,23,0,1.0,,0,0,0,0,0,23,7073,13783,12823,17692,922.0,606.0
2021-09-01,Victoria Hills - House of Friendship,338,1295,178,158,177,157,3.6440677966101696,41.50632911392405,3,39,174,87,15,20,7073,13783,12823,17692,922.0,606.0
2021-09-01,Wellesley Food Cupboard,7,62,3,3,3,3,7.333333333333333,37.333333333333336,0,0,7,0,0,0,7073,13783,12823,17692,922.0,606.0
2021-09-01,Wilmot & Wellesley Resource Centre,173,457,88,61,87,60,2.6666666666666665,44.78688524590164,0,19,69,46,12,27,7073,13783,12823,17692,922.0,606.0
2021-09-01,Woolwich Community Services,215,506,81,79,78,76,2.5256410256410255,46.79746835443038,0,31,62,83,37,2,7073,13783,12823,17692,922.0,606.0
2021-10-01,Anishnabeg Outreach - Spirit Bundle ,486,2043,486,0,486,0,4.203703703703703,,0,0,0,0,0,486,7192,13926,12800,17622,932.0,587.0
2021-10-01,Cambridge Food Bank - Cambridge,1599,3779,826,822,807,803,2.2428748451053284,47.39051094890511,3,190,493,717,192,4,7192,13926,12800,17622,932.0,587.0
2021-10-01,Centreville Chicopee Community Centre - Neighbourhood Food Program - House of Friendship,384,1311,144,142,134,132,3.4029850746268657,42.91549295774648,1,60,146,153,22,2,7192,13926,12800,17622,932.0,587.0
2021-10-01,Chandler Mowat Community Centre - Neighbourhood Food Program - House of Friendship,686,2269,277,234,269,226,3.0520446096654275,43.914529914529915,11,113,239,200,80,43,7192,13926,12800,17622,932.0,587.0
2021-10-01,Courtland Shelley Community Centre - Neighbourhood Food Program - House of Friendship,88,329,31,31,31,31,3.5806451612903225,46.12903225806452,0,2,33,42,11,0,7192,13926,12800,17622,932.0,587.0
2021-10-01,Emergency Food Hamper Program - House of Friendship,2554,8569,1716,1705,1671,1660,3.220825852782765,44.473900293255134,8,377,979,930,249,11,7192,13926,12800,17622,932.0,587.0
2021-10-01,Emmanuel United Church - Waterloo Wayside ,98,269,58,52,59,53,2.2033898305084745,52.67307692307692,4,5,20,40,23,6,7192,13926,12800,17622,932.0,587.0
2021-10-01,Erb West Community Centre - Camino Wellness + Mental Health,183,618,81,80,78,77,3.371794871794872,41.9375,0,43,64,65,10,1,7192,13926,12800,17622,932.0,587.0
2021-10-01,Forest Heights Community Centre - Neighbourhood Food Program - House of Friendship,226,955,86,81,86,81,4.058139534883721,42.98765432098765,0,33,101,58,29,5,7192,13926,12800,17622,932.0,587.0
2021-10-01,Glencairn Mennonite Brethren Church,68,205,68,68,66,66,3.015151515151515,50.13235294117647,0,7,19,25,17,0,7192,13926,12800,17622,932.0,587.0
2021-10-01,Kingsdale Community Centre - Neighbourhood Food Program - House of Friendship,729,1854,292,288,282,278,2.595744680851064,47.104166666666664,8,86,228,245,158,4,7192,13926,12800,17622,932.0,587.0
2021-10-01,Kitchener Community Church and Family Care Centre,415,1162,332,330,329,327,2.911854103343465,50.587878787878786,1,28,103,193,88,2,7192,13926,12800,17622,932.0,587.0
2021-10-01,Paulander Community Centre - Camino Wellness + Mental Health,230,775,96,96,95,95,3.357894736842105,48.854166666666664,0,14,83,107,26,0,7192,13926,12800,17622,932.0,587.0
2021-10-01,Ray of Hope,166,344,164,164,163,163,2.0920245398773005,46.359756097560975,2,20,58,74,12,0,7192,13926,12800,17622,932.0,587.0
2021-10-01,Salvation Army Cambridge,334,823,206,206,206,206,2.4029126213592233,49.480582524271846,0,19,106,170,39,0,7192,13926,12800,17622,932.0,587.0
2021-10-01,St. Andrew's Hespler Presbyterian Church,90,173,41,41,41,41,1.9268292682926829,47.19512195121951,3,5,23,45,14,0,7192,13926,12800,17622,932.0,587.0
2021-10-01,St. Columba Anglican Church,26,118,9,9,9,9,4.0,50.0,0,0,7,15,4,0,7192,13926,12800,17622,932.0,587.0
2021-10-01,St. John's Anglican Church,8,18,8,8,8,8,2.25,53.875,0,0,1,5,2,0,7192,13926,12800,17622,932.0,587.0
2021-10-01,Stanley Park Community Centre,71,212,35,35,31,31,3.161290322580645,49.371428571428574,0,5,22,29,15,0,7192,13926,12800,17622,932.0,587.0
2021-10-01,Sunnydale Community Centre - Neighbourhood Food Program - House of Friendship,359,1300,135,131,130,126,3.5153846153846153,43.36641221374046,0,38,156,125,36,4,7192,13926,12800,17622,932.0,587.0
2021-10-01,Supportive Housing YWCA (Lincoln Road),27,58,22,22,22,22,1.9090909090909092,48.22727272727273,0,2,12,10,3,0,7192,13926,12800,17622,932.0,587.0
2021-10-01,Supportive Housing of Waterloo (SHOW),43,43,17,17,17,17,1.0,54.705882352941174,0,0,9,30,4,0,7192,13926,12800,17622,932.0,587.0
2021-10-01,Traverse Independence,9,9,9,6,9,6,1.0,51.5,0,0,2,3,1,3,7192,13926,12800,17622,932.0,587.0
2021-10-01,University of Waterloo Food Bank,77,79,77,0,77,0,1.025974025974026,,0,0,0,0,0,77,7192,13926,12800,17622,932.0,587.0
2021-10-01,Victoria Hills - House of Friendship,289,1142,149,136,148,135,3.7837837837837838,42.713235294117645,3,31,135,93,14,13,7192,13926,12800,17622,932.0,587.0
2021-10-01,Wellesley Food Cupboard,10,65,8,8,8,8,5.625,34.375,0,2,8,0,0,0,7192,13926,12800,17622,932.0,587.0
2021-10-01,Wilmot & Wellesley Resource Centre,167,427,84,63,83,62,2.4698795180722892,44.80952380952381,0,14,67,54,11,21,7192,13926,12800,17622,932.0,587.0
2021-10-01,Woolwich Community Services,248,692,94,93,94,93,2.7872340425531914,47.24731182795699,0,30,80,77,60,1,7192,13926,12800,17622,932.0,587.0
2021-11-01,Anishnabeg Outreach - Spirit Bundle ,450,1837,450,0,450,0,4.082222222222223,,0,0,0,0,0,450,7369,14058,12756,17551,967.0,595.0
2021-11-01,Cambridge Food Bank - Cambridge,1580,3763,858,857,830,829,2.3216867469879516,46.68494749124854,0,220,490,685,184,1,7369,14058,12756,17551,967.0,595.0
2021-11-01,Centreville Chicopee Community Centre - Neighbourhood Food Program - House of Friendship,433,1447,182,163,172,153,3.25,43.47852760736196,1,59,163,166,25,19,7369,14058,12756,17551,967.0,595.0
2021-11-01,Chandler Mowat Community Centre - Neighbourhood Food Program - House of Friendship,741,2473,274,250,270,246,3.1555555555555554,43.86,11,143,259,215,89,24,7369,14058,12756,17551,967.0,595.0
2021-11-01,Courtland Shelley Community Centre - Neighbourhood Food Program - House of Friendship,104,411,27,27,27,27,3.925925925925926,48.666666666666664,0,1,37,53,13,0,7369,14058,12756,17551,967.0,595.0
2021-11-01,Emergency Food Hamper Program - House of Friendship,1956,6211,1823,1783,1796,1756,3.1358574610244987,45.41054402692092,3,275,723,728,187,40,7369,14058,12756,17551,967.0,595.0
2021-11-01,Emmanuel United Church - Waterloo Wayside ,119,328,66,59,66,59,2.1666666666666665,53.67796610169491,4,6,23,47,32,7,7369,14058,12756,17551,967.0,595.0
2021-11-01,Erb West Community Centre - Camino Wellness + Mental Health,199,739,85,85,83,83,3.3855421686746987,43.68235294117647,0,24,89,76,10,0,7369,14058,12756,17551,967.0,595.0
2021-11-01,Forest Heights Community Centre - Neighbourhood Food Program - House of Friendship,304,1259,99,92,98,91,3.9183673469387754,44.17391304347826,0,32,152,78,35,7,7369,14058,12756,17551,967.0,595.0
2021-11-01,Glencairn Mennonite Brethren Church,92,278,91,91,91,91,3.0,48.967032967032964,0,13,28,33,18,0,7369,14058,12756,17551,967.0,595.0
2021-11-01,Kingsdale Community Centre - Neighbourhood Food Program - House of Friendship,755,1927,286,283,275,272,2.5745454545454547,47.67844522968198,3,86,219,282,162,3,7369,14058,12756,17551,967.0,595.0
2021-11-01,Kitchener Community Church and Family Care Centre,169,372,126,126,126,126,2.2142857142857144,52.22222222222222,2,5,43,77,42,0,7369,14058,12756,17551,967.0,595.0
2021-11-01,Paulander Community Centre - Camino Wellness + Mental Health,384,1271,115,112,112,109,3.2142857142857144,47.705357142857146,0,22,148,168,43,3,7369,14058,12756,17551,967.0,595.0
2021-11-01,Ray of Hope,184,379,184,184,184,184,2.0597826086956523,46.48913043478261,1,26,58,85,14,0,7369,14058,12756,17551,967.0,595.0
2021-11-01,Salvation Army Cambridge,419,1061,239,239,238,238,2.46218487394958,49.17154811715481,1,19,139,206,54,0,7369,14058,12756,17551,967.0,595.0
2021-11-01,St. Andrew's Hespler Presbyterian Church,78,140,44,44,43,43,1.7674418604651163,45.15909090909091,1,13,23,31,10,0,7369,14058,12756,17551,967.0,595.0
2021-11-01,St. Columba Anglican Church,29,135,9,9,9,9,3.5555555555555554,56.888888888888886,0,0,5,18,6,0,7369,14058,12756,17551,967.0,595.0
2021-11-01,St. John's Anglican Church,51,68,25,25,24,24,1.4166666666666667,51.6,0,1,9,34,7,0,7369,14058,12756,17551,967.0,595.0
2021-11-01,Stanley Park Community Centre,110,335,50,49,46,45,3.0217391304347827,49.53061224489796,0,4,37,44,24,1,7369,14058,12756,17551,967.0,595.0
2021-11-01,Sunnydale Community Centre - Neighbourhood Food Program - House of Friendship,394,1413,150,134,146,130,3.3424657534246576,43.62686567164179,0,29,184,130,35,16,7369,14058,12756,17551,967.0,595.0
2021-11-01,Supportive Housing YWCA (Lincoln Road),42,80,20,20,20,20,1.7,49.95,0,3,18,16,5,0,7369,14058,12756,17551,967.0,595.0
2021-11-01,Supportive Housing of Waterloo (SHOW),39,39,17,17,17,17,1.0,54.88235294117647,0,0,6,32,1,0,7369,14058,12756,17551,967.0,595.0
2021-11-01,Traverse Independence,19,24,13,6,13,6,1.3846153846153846,42.166666666666664,0,2,6,2,2,7,7369,14058,12756,17551,967.0,595.0
2021-11-01,University of Waterloo Food Bank,74,74,74,0,74,0,1.0,,0,0,0,0,0,74,7369,14058,12756,17551,967.0,595.0
2021-11-01,Victoria Hills - House of Friendship,548,2004,203,170,201,168,3.3383084577114426,45.205882352941174,2,46,231,194,42,33,7369,14058,12756,17551,967.0,595.0
2021-11-01,Wellesley Food Cupboard,15,88,9,9,9,9,6.222222222222222,35.333333333333336,0,2,13,0,0,0,7369,14058,12756,17551,967.0,595.0
2021-11-01,Wilmot & Wellesley Resource Centre,201,535,96,73,95,72,2.694736842105263,43.726027397260275,0,24,75,68,11,23,7369,14058,12756,17551,967.0,595.0
2021-11-01,Woolwich Community Services,232,592,95,92,93,90,2.6451612903225805,47.95652173913044,0,21,79,80,49,3,7369,14058,12756,17551,967.0,595.0
2021-11-01,oneROOF Youth Services,9,32,6,6,6,6,2.5,22.0,0,9,0,0,0,0,7369,14058,12756,17551,967.0,595.0
2021-12-01,Anishnabeg Outreach - Spirit Bundle ,298,1026,298,0,298,0,3.442953020134228,,0,0,0,0,0,298,7623,14500,12836,17629,1050.0,629.0
2021-12-01,Cambridge Food Bank - Cambridge,1615,4059,819,816,803,800,2.3262764632627646,47.40196078431372,0,191,521,696,204,3,7623,14500,12836,17629,1050.0,629.0
2021-12-01,Cambridge Shelter Corporation - Bridges,1,2,1,1,1,1,2.0,70.0,0,0,0,0,1,0,7623,14500,12836,17629,1050.0,629.0
2021-12-01,Centreville Chicopee Community Centre - Neighbourhood Food Program - House of Friendship,494,1687,190,169,179,158,3.2290502793296088,43.857988165680474,0,69,175,192,37,21,7623,14500,12836,17629,1050.0,629.0
2021-12-01,Chandler Mowat Community Centre - Neighbourhood Food Program - House of Friendship,736,2559,299,262,290,253,3.3344827586206898,42.908396946564885,13,137,254,217,78,37,7623,14500,12836,17629,1050.0,629.0
2021-12-01,Courtland Shelley Community Centre - Neighbourhood Food Program - House of Friendship,60,254,24,24,24,24,4.208333333333333,50.5,0,0,22,30,8,0,7623,14500,12836,17629,1050.0,629.0
2021-12-01,Emergency Food Hamper Program - House of Friendship,1967,6578,1792,1740,1757,1705,3.318725099601594,45.42528735632184,7,254,750,701,203,52,7623,14500,12836,17629,1050.0,629.0
2021-12-01,Emmanuel United Church - Waterloo Wayside ,125,340,60,59,58,57,2.4827586206896552,51.610169491525426,3,12,25,57,27,1,7623,14500,12836,17629,1050.0,629.0
2021-12-01,Erb West Community Centre - Camino Wellness + Mental Health,151,533,88,78,87,77,3.6206896551724137,46.05128205128205,0,12,51,69,9,10,7623,14500,12836,17629,1050.0,629.0
2021-12-01,Forest Heights Community Centre - Neighbourhood Food Program - House of Friendship,190,816,90,85,90,85,4.155555555555556,43.94117647058823,0,18,89,58,20,5,7623,14500,12836,17629,1050.0,629.0
2021-12-01,Glencairn Mennonite Brethren Church,77,257,77,77,77,77,3.3376623376623376,48.857142857142854,0,8,26,28,15,0,7623,14500,12836,17629,1050.0,629.0
2021-12-01,Kingsdale Community Centre - Neighbourhood Food Program - House of Friendship,786,1988,333,326,322,315,2.527950310559006,47.70858895705521,1,89,230,301,158,7,7623,14500,12836,17629,1050.0,629.0
2021-12-01,Kitchener Community Church and Family Care Centre,134,254,89,89,89,89,1.8202247191011236,52.62921348314607,0,13,23,55,43,0,7623,14500,12836,17629,1050.0,629.0
2021-12-01,Langs,3,9,3,3,3,3,3.0,52.666666666666664,0,1,0,1,1,0,7623,14500,12836,17629,1050.0,629.0
2021-12-01,Paulander Community Centre - Camino Wellness + Mental Health,215,713,97,94,97,94,3.597938144329897,48.40425531914894,0,17,67,100,28,3,7623,14500,12836,17629,1050.0,629.0
2021-12-01,Ray of Hope,175,391,174,174,174,174,2.235632183908046,48.224137931034484,0,16,57,88,14,0,7623,14500,12836,17629,1050.0,629.0
2021-12-01,Salvation Army Cambridge,147,380,147,147,147,147,2.5850340136054424,48.55102040816327,0,7,56,73,11,0,7623,14500,12836,17629,1050.0,629.0
2021-12-01,St. Andrew's Hespler Presbyterian Church,109,212,47,47,47,47,1.7872340425531914,44.680851063829785,4,24,25,45,11,0,7623,14500,12836,17629,1050.0,629.0
2021-12-01,St. Columba Anglican Church,9,41,6,6,6,6,4.333333333333333,54.333333333333336,0,0,2,5,2,0,7623,14500,12836,17629,1050.0,629.0
2021-12-01,St. John's Anglican Church,50,72,23,23,22,22,1.5909090909090908,54.34782608695652,0,0,5,38,7,0,7623,14500,12836,17629,1050.0,629.0
2021-12-01,Stanley Park Community Centre,113,362,50,49,48,47,3.1041666666666665,48.244897959183675,1,9,40,43,19,1,7623,14500,12836,17629,1050.0,629.0
2021-12-01,Sunnydale Community Centre - Neighbourhood Food Program - House of Friendship,414,1574,169,155,166,152,3.4939759036144578,43.23870967741936,0,35,189,143,33,14,7623,14500,12836,17629,1050.0,629.0
2021-12-01,Supportive Housing YWCA (Lincoln Road),22,42,21,21,21,21,1.8571428571428572,49.285714285714285,0,2,8,9,3,0,7623,14500,12836,17629,1050.0,629.0
2021-12-01,Supportive Housing of Waterloo (SHOW),33,33,15,15,15,15,1.0,54.333333333333336,0,0,7,26,0,0,7623,14500,12836,17629,1050.0,629.0
2021-12-01,Traverse Independence,17,20,16,12,16,12,1.1875,54.5,0,0,4,6,3,4,7623,14500,12836,17629,1050.0,629.0
2021-12-01,Victoria Hills - House of Friendship,340,1260,177,168,177,168,3.531073446327684,44.56547619047619,5,31,144,121,30,9,7623,14500,12836,17629,1050.0,629.0
2021-12-01,Wellesley Food Cupboard,8,44,8,8,8,8,5.5,35.125,0,1,7,0,0,0,7623,14500,12836,17629,1050.0,629.0
2021-12-01,Wilmot & Wellesley Resource Centre,157,438,83,57,83,57,2.6626506024096384,46.719298245614034,0,13,62,46,10,26,7623,14500,12836,17629,1050.0,629.0
2021-12-01,Woolwich Community Services,185,477,85,85,84,84,2.8095238095238093,47.34117647058824,1,14,60,71,39,0,7623,14500,12836,17629,1050.0,629.0
2021-12-01,oneROOF Youth Services,3,6,3,3,3,3,2.0,19.0,0,3,0,0,0,0,7623,14500,12836,17629,1050.0,629.0
2022-01-01,Anishnabeg Outreach - Spirit Bundle ,372,1134,372,0,372,0,3.0483870967741935,,0,0,0,0,0,372,7760,14713,12648,17375,1046.0,635.0
2022-01-01,Cambridge Food Bank - Cambridge,777,1776,702,702,695,695,2.287769784172662,46.984330484330485,0,117,247,324,89,0,7760,14713,12648,17375,1046.0,635.0
2022-01-01,Centreville Chicopee Community Centre - Neighbourhood Food Program - House of Friendship,346,1122,129,129,123,123,3.4146341463414633,44.992248062015506,0,49,118,154,25,0,7760,14713,12648,17375,1046.0,635.0
2022-01-01,Chandler Mowat Community Centre - Neighbourhood Food Program - House of Friendship,527,1810,250,240,238,228,3.26890756302521,42.729166666666664,4,110,186,158,59,10,7760,14713,12648,17375,1046.0,635.0
2022-01-01,Courtland Shelley Community Centre - Neighbourhood Food Program - House of Friendship,77,250,34,34,34,34,3.264705882352941,53.94117647058823,0,0,23,30,24,0,7760,14713,12648,17375,1046.0,635.0
2022-01-01,Emergency Food Hamper Program - House of Friendship,1851,5935,1728,1698,1698,1668,3.204946996466431,44.58598351001178,8,282,700,670,161,30,7760,14713,12648,17375,1046.0,635.0
2022-01-01,Emmanuel United Church - Waterloo Wayside ,114,268,67,63,62,58,2.096774193548387,47.73015873015873,5,13,24,39,29,4,7760,14713,12648,17375,1046.0,635.0
2022-01-01,Erb West Community Centre - Camino Wellness + Mental Health,236,839,95,82,94,81,3.382978723404255,45.15853658536585,0,19,90,105,9,13,7760,14713,12648,17375,1046.0,635.0
2022-01-01,Forest Heights Community Centre - Neighbourhood Food Program - House of Friendship,169,691,89,85,89,85,3.9887640449438204,44.15294117647059,0,15,81,47,22,4,7760,14713,12648,17375,1046.0,635.0
2022-01-01,Glencairn Mennonite Brethren Church,74,255,73,73,72,72,3.4722222222222223,46.945205479452056,1,10,25,26,12,0,7760,14713,12648,17375,1046.0,635.0
2022-01-01,Kingsdale Community Centre - Neighbourhood Food Program - House of Friendship,533,1317,253,247,251,245,2.49402390438247,48.62348178137652,2,55,159,204,107,6,7760,14713,12648,17375,1046.0,635.0
2022-01-01,Kitchener Community Church and Family Care Centre,191,351,124,124,124,124,1.846774193548387,53.774193548387096,0,14,27,104,46,0,7760,14713,12648,17375,1046.0,635.0
2022-01-01,Langs,25,62,19,19,19,19,2.6842105263157894,42.526315789473685,0,5,12,5,3,0,7760,14713,12648,17375,1046.0,635.0
2022-01-01,Paulander Community Centre - Camino Wellness + Mental Health,237,767,106,98,105,97,3.361904761904762,48.60204081632653,0,15,81,102,31,8,7760,14713,12648,17375,1046.0,635.0
2022-01-01,Ray of Hope,194,430,193,193,192,192,2.21875,46.16580310880829,0,26,70,83,15,0,7760,14713,12648,17375,1046.0,635.0
2022-01-01,Salvation Army Cambridge,377,922,257,255,254,252,2.4645669291338583,48.36470588235294,0,22,125,197,31,2,7760,14713,12648,17375,1046.0,635.0
2022-01-01,St. Andrew's Hespler Presbyterian Church,34,71,33,33,33,33,2.0606060606060606,46.121212121212125,1,6,9,16,2,0,7760,14713,12648,17375,1046.0,635.0
2022-01-01,St. John's Anglican Church,26,41,26,26,25,25,1.6,48.5,0,3,7,13,3,0,7760,14713,12648,17375,1046.0,635.0
2022-01-01,Sunnydale Community Centre - Neighbourhood Food Program - House of Friendship,266,1064,125,125,122,122,3.959016393442623,44.16,1,24,126,97,18,0,7760,14713,12648,17375,1046.0,635.0
2022-01-01,Supportive Housing YWCA (Lincoln Road),23,41,18,18,18,18,1.7222222222222223,48.05555555555556,0,3,8,10,2,0,7760,14713,12648,17375,1046.0,635.0
2022-01-01,Supportive Housing of Waterloo (SHOW),55,61,24,24,24,24,1.125,53.875,0,0,10,44,1,0,7760,14713,12648,17375,1046.0,635.0
2022-01-01,Traverse Independence,6,6,6,5,6,5,1.0,60.8,0,0,0,3,2,1,7760,14713,12648,17375,1046.0,635.0
2022-01-01,Victoria Hills - House of Friendship,266,986,126,126,126,126,3.6666666666666665,45.285714285714285,5,19,103,118,21,0,7760,14713,12648,17375,1046.0,635.0
2022-01-01,Wellesley Food Cupboard,20,117,11,11,11,11,6.181818181818182,35.0,0,4,16,0,0,0,7760,14713,12648,17375,1046.0,635.0
2022-01-01,Wilmot & Wellesley Resource Centre,188,505,88,71,88,71,2.784090909090909,44.732394366197184,0,21,69,63,18,17,7760,14713,12648,17375,1046.0,635.0
2022-01-01,Woolwich Community Services,250,592,98,98,96,96,2.40625,48.357142857142854,0,20,80,94,56,0,7760,14713,12648,17375,1046.0,635.0
2022-02-01,Anishnabeg Outreach - Spirit Bundle ,400,1368,400,0,400,0,3.42,,0,0,0,0,0,400,7758,14574,12825,17619,1052.0,642.0
2022-02-01,Cambridge Food Bank - Cambridge,754,1711,739,738,731,730,2.2777017783857727,45.550135501355015,1,129,238,322,63,1,7758,14574,12825,17619,1052.0,642.0
2022-02-01,Cambridge Shelter Corporation - Bridges,1,1,1,1,1,1,1.0,62.0,0,0,0,1,0,0,7758,14574,12825,17619,1052.0,642.0
2022-02-01,Centreville Chicopee Community Centre - Neighbourhood Food Program - House of Friendship,527,1739,244,244,235,235,3.348936170212766,44.23360655737705,1,73,190,227,36,0,7758,14574,12825,17619,1052.0,642.0
2022-02-01,Chandler Mowat Community Centre - Neighbourhood Food Program - House of Friendship,557,1822,284,244,276,236,3.0434782608695654,42.41803278688525,2,125,190,146,54,40,7758,14574,12825,17619,1052.0,642.0
2022-02-01,Courtland Shelley Community Centre - Neighbourhood Food Program - House of Friendship,105,353,39,39,39,39,3.2564102564102564,49.743589743589745,0,4,34,38,29,0,7758,14574,12825,17619,1052.0,642.0
2022-02-01,Emergency Food Hamper Program - House of Friendship,1770,5719,1690,1657,1674,1641,3.2371565113500598,44.52745926372963,9,256,682,640,150,33,7758,14574,12825,17619,1052.0,642.0
2022-02-01,Emmanuel United Church - Waterloo Wayside ,114,262,70,62,68,60,2.0,47.564516129032256,3,20,18,47,18,8,7758,14574,12825,17619,1052.0,642.0
2022-02-01,Erb West Community Centre - Camino Wellness + Mental Health,186,705,86,82,85,81,3.7529411764705882,45.1219512195122,0,17,72,84,9,4,7758,14574,12825,17619,1052.0,642.0
2022-02-01,Forest Heights Community Centre - Neighbourhood Food Program - House of Friendship,424,1674,263,254,258,249,3.62015503875969,43.2007874015748,2,62,182,121,48,9,7758,14574,12825,17619,1052.0,642.0
2022-02-01,Glencairn Mennonite Brethren Church,88,308,88,88,87,87,3.528735632183908,46.96590909090909,0,14,28,35,11,0,7758,14574,12825,17619,1052.0,642.0
2022-02-01,Kingsdale Community Centre - Neighbourhood Food Program - House of Friendship,783,1952,292,287,282,277,2.404255319148936,47.64808362369338,1,94,236,303,144,5,7758,14574,12825,17619,1052.0,642.0
2022-02-01,Kitchener Community Church and Family Care Centre,355,930,296,285,294,283,2.761904761904762,51.43157894736842,1,28,76,162,77,11,7758,14574,12825,17619,1052.0,642.0
2022-02-01,Langs,28,71,18,16,18,16,3.0,43.625,0,3,13,6,4,2,7758,14574,12825,17619,1052.0,642.0
2022-02-01,Paulander Community Centre - Camino Wellness + Mental Health,254,851,100,99,97,96,3.422680412371134,48.707070707070706,0,17,88,117,31,1,7758,14574,12825,17619,1052.0,642.0
2022-02-01,Ray of Hope,182,425,181,181,181,181,2.320441988950276,47.83977900552486,0,23,53,87,19,0,7758,14574,12825,17619,1052.0,642.0
2022-02-01,Salvation Army Cambridge,355,915,244,243,241,240,2.5394190871369293,47.82716049382716,1,23,121,180,29,1,7758,14574,12825,17619,1052.0,642.0
2022-02-01,Southwood Resource Centre - Kinbridge Community Association,1,2,1,1,1,1,2.0,34.0,0,0,1,0,0,0,7758,14574,12825,17619,1052.0,642.0
2022-02-01,St. Andrew's Hespler Presbyterian Church,58,103,58,58,58,58,1.7758620689655173,38.0,1,26,14,12,5,0,7758,14574,12825,17619,1052.0,642.0
2022-02-01,St. John's Anglican Church,28,42,26,26,25,25,1.56,49.84615384615385,0,1,9,14,4,0,7758,14574,12825,17619,1052.0,642.0
2022-02-01,Stanley Park Community Centre,53,168,32,29,31,28,3.2903225806451615,47.93103448275862,0,5,15,27,3,3,7758,14574,12825,17619,1052.0,642.0
2022-02-01,Sunnydale Community Centre - Neighbourhood Food Program - House of Friendship,357,1444,127,127,125,125,4.04,43.354330708661415,0,22,182,133,20,0,7758,14574,12825,17619,1052.0,642.0
2022-02-01,Supportive Housing YWCA (Lincoln Road),34,58,22,22,22,22,1.5909090909090908,50.68181818181818,0,2,12,17,3,0,7758,14574,12825,17619,1052.0,642.0
2022-02-01,Supportive Housing of Waterloo (SHOW),66,66,25,25,25,25,1.0,54.16,0,0,13,49,4,0,7758,14574,12825,17619,1052.0,642.0
2022-02-01,Traverse Independence,12,17,12,6,12,6,1.4166666666666667,55.166666666666664,0,0,2,2,2,6,7758,14574,12825,17619,1052.0,642.0
2022-02-01,Victoria Hills - House of Friendship,235,844,136,136,136,136,3.6176470588235294,44.6985294117647,4,16,97,98,20,0,7758,14574,12825,17619,1052.0,642.0
2022-02-01,Wellesley Food Cupboard,19,118,11,11,11,11,6.181818181818182,35.0,0,3,16,0,0,0,7758,14574,12825,17619,1052.0,642.0
2022-02-01,Wilmot & Wellesley Resource Centre,175,448,81,64,80,63,2.6875,45.875,0,21,55,62,20,17,7758,14574,12825,17619,1052.0,642.0
2022-02-01,Woolwich Community Services,256,603,94,94,92,92,2.5434782608695654,47.361702127659576,1,17,81,96,61,0,7758,14574,12825,17619,1052.0,642.0
2022-03-01,Anishnabeg Outreach - Spirit Bundle ,488,1689,488,0,488,0,3.4610655737704916,,0,0,0,0,0,488,7951,14843,12844,17652,1077.0,671.0
2022-03-01,Cambridge Food Bank - Cambridge,966,2122,923,921,910,908,2.2054945054945057,45.74809989142237,0,176,297,402,89,2,7951,14843,12844,17652,1077.0,671.0
2022-03-01,Cambridge Shelter Corporation - Bridges,4,5,4,4,4,4,1.25,50.5,0,0,2,1,1,0,7951,14843,12844,17652,1077.0,671.0
2022-03-01,Centreville Chicopee Community Centre - Neighbourhood Food Program - House of Friendship,601,1943,175,175,170,170,3.276470588235294,44.10285714285714,1,91,213,253,43,0,7951,14843,12844,17652,1077.0,671.0
2022-03-01,Chandler Mowat Community Centre - Neighbourhood Food Program - House of Friendship,788,2602,316,294,308,286,3.1655844155844157,41.41836734693877,4,181,278,227,76,22,7951,14843,12844,17652,1077.0,671.0
2022-03-01,Christopher Champlain Resource Centre - Kinbridge Community Association,1,4,1,1,1,1,4.0,104.0,0,0,0,0,1,0,7951,14843,12844,17652,1077.0,671.0
2022-03-01,Courtland Shelley Community Centre - Neighbourhood Food Program - House of Friendship,322,1048,245,232,239,226,3.192468619246862,43.39224137931034,1,54,101,104,49,13,7951,14843,12844,17652,1077.0,671.0
2022-03-01,Emergency Food Hamper Program - House of Friendship,2136,6941,1993,1962,1965,1934,3.235114503816794,44.440366972477065,11,316,848,737,193,31,7951,14843,12844,17652,1077.0,671.0
2022-03-01,Emmanuel United Church - Waterloo Wayside ,176,408,89,88,83,82,2.144578313253012,50.17045454545455,5,18,25,95,32,1,7951,14843,12844,17652,1077.0,671.0
2022-03-01,Erb West Community Centre - Camino Wellness + Mental Health,243,883,104,90,102,88,3.4705882352941178,44.93333333333333,1,26,76,110,16,14,7951,14843,12844,17652,1077.0,671.0
2022-03-01,Forest Heights Community Centre - Neighbourhood Food Program - House of Friendship,294,1234,96,91,95,90,4.242105263157895,43.494505494505496,1,33,129,91,35,5,7951,14843,12844,17652,1077.0,671.0
2022-03-01,Glencairn Mennonite Brethren Church,108,389,108,108,107,107,3.6261682242990654,45.69444444444444,1,22,31,38,16,0,7951,14843,12844,17652,1077.0,671.0
2022-03-01,Kingsdale Community Centre - Neighbourhood Food Program - House of Friendship,972,2451,333,325,321,313,2.5109034267912773,46.23384615384615,4,123,284,379,174,8,7951,14843,12844,17652,1077.0,671.0
2022-03-01,Kitchener Community Church and Family Care Centre,425,1137,331,331,327,327,2.834862385321101,50.63444108761329,1,42,89,196,97,0,7951,14843,12844,17652,1077.0,671.0
2022-03-01,Langs,38,93,25,21,25,21,2.28,44.857142857142854,0,7,16,4,7,4,7951,14843,12844,17652,1077.0,671.0
2022-03-01,Paulander Community Centre - Camino Wellness + Mental Health,424,1409,117,112,114,109,3.2982456140350878,49.5625,0,22,136,201,60,5,7951,14843,12844,17652,1077.0,671.0
2022-03-01,Ray of Hope,203,442,201,201,199,199,2.1959798994974875,48.89054726368159,0,22,61,95,25,0,7951,14843,12844,17652,1077.0,671.0
2022-03-01,Salvation Army Cambridge,436,1089,287,285,285,283,2.466666666666667,48.29824561403509,1,31,136,227,39,2,7951,14843,12844,17652,1077.0,671.0
2022-03-01,St. Andrew's Hespler Presbyterian Church,66,115,63,63,63,63,1.7777777777777777,39.26984126984127,2,29,11,21,3,0,7951,14843,12844,17652,1077.0,671.0
2022-03-01,St. John's Anglican Church,22,27,21,21,21,21,1.2380952380952381,53.23809523809524,0,1,3,16,2,0,7951,14843,12844,17652,1077.0,671.0
2022-03-01,Stanley Park Community Centre,108,315,40,37,37,34,2.810810810810811,48.78378378378378,0,14,35,45,11,3,7951,14843,12844,17652,1077.0,671.0
2022-03-01,Sunnydale Community Centre - Neighbourhood Food Program - House of Friendship,586,2233,260,260,257,257,3.614785992217899,44.207692307692305,4,48,264,219,51,0,7951,14843,12844,17652,1077.0,671.0
2022-03-01,Supportive Housing YWCA (Lincoln Road),44,100,19,19,19,19,1.7894736842105263,45.526315789473685,0,8,20,14,2,0,7951,14843,12844,17652,1077.0,671.0
2022-03-01,Supportive Housing of Waterloo (SHOW),66,66,25,25,25,25,1.0,54.04,0,0,18,43,5,0,7951,14843,12844,17652,1077.0,671.0
2022-03-01,Traverse Independence,13,13,11,7,11,7,1.0,53.57142857142857,0,0,1,7,1,4,7951,14843,12844,17652,1077.0,671.0
2022-03-01,Victoria Hills - House of Friendship,267,887,143,143,143,143,3.335664335664336,43.55944055944056,5,36,99,99,28,0,7951,14843,12844,17652,1077.0,671.0
2022-03-01,Wellesley Food Cupboard,33,194,15,15,15,15,5.6,31.933333333333334,0,11,19,3,0,0,7951,14843,12844,17652,1077.0,671.0
2022-03-01,Wilmot & Wellesley Resource Centre,210,556,98,79,97,78,2.711340206185567,45.59493670886076,0,23,71,78,19,19,7951,14843,12844,17652,1077.0,671.0
2022-03-01,Woolwich Community Services,272,657,114,114,111,111,2.4144144144144146,49.03508771929825,0,18,82,96,76,0,7951,14843,12844,17652,1077.0,671.0
2022-04-01,Anishnabeg Outreach - Spirit Bundle ,343,1266,343,0,343,0,3.690962099125364,,0,0,0,0,0,343,7894,14752,12813,17580,1108.0,681.0
2022-04-01,Cambridge Food Bank - Cambridge,920,2038,868,863,859,854,2.218859138533178,46.5422943221321,1,149,274,385,106,5,7894,14752,12813,17580,1108.0,681.0
2022-04-01,Centreville Chicopee Community Centre - Neighbourhood Food Program - House of Friendship,477,1561,177,177,174,174,3.2988505747126435,43.6045197740113,3,72,158,200,44,0,7894,14752,12813,17580,1108.0,681.0
2022-04-01,Chandler Mowat Community Centre - Neighbourhood Food Program - House of Friendship,842,2741,315,313,308,306,3.188311688311688,40.891373801916934,4,216,293,256,71,2,7894,14752,12813,17580,1108.0,681.0
2022-04-01,Courtland Shelley Community Centre - Neighbourhood Food Program - House of Friendship,107,368,41,41,40,40,3.4,49.90243902439025,0,5,32,46,24,0,7894,14752,12813,17580,1108.0,681.0
2022-04-01,Emergency Food Hamper Program - House of Friendship,1965,6510,1844,1811,1817,1784,3.2746285085305447,44.67090005521811,5,320,728,706,173,33,7894,14752,12813,17580,1108.0,681.0
2022-04-01,Emmanuel United Church - Waterloo Wayside ,157,395,92,92,89,89,2.393258426966292,47.91304347826087,3,18,33,70,33,0,7894,14752,12813,17580,1108.0,681.0
2022-04-01,Erb West Community Centre - Camino Wellness + Mental Health,247,842,103,88,101,86,3.089108910891089,44.44318181818182,0,30,87,97,18,15,7894,14752,12813,17580,1108.0,681.0
2022-04-01,Forest Heights Community Centre - Neighbourhood Food Program - House of Friendship,265,1020,109,98,107,96,3.7009345794392523,43.09183673469388,2,41,105,75,31,11,7894,14752,12813,17580,1108.0,681.0
2022-04-01,Glencairn Mennonite Brethren Church,98,358,98,98,98,98,3.6530612244897958,48.39795918367347,1,14,28,38,17,0,7894,14752,12813,17580,1108.0,681.0
2022-04-01,Kingsdale Community Centre - Neighbourhood Food Program - House of Friendship,827,2104,319,315,311,307,2.4887459807073955,45.48888888888889,5,129,246,307,136,4,7894,14752,12813,17580,1108.0,681.0
2022-04-01,Kitchener Community Church and Family Care Centre,360,1004,300,300,297,297,2.946127946127946,50.35,1,37,83,163,76,0,7894,14752,12813,17580,1108.0,681.0
2022-04-01,Langs,24,63,21,20,21,20,2.5238095238095237,41.45,0,4,13,4,2,1,7894,14752,12813,17580,1108.0,681.0
2022-04-01,Paulander Community Centre - Camino Wellness + Mental Health,248,814,104,99,102,97,3.392156862745098,50.5959595959596,0,8,82,117,36,5,7894,14752,12813,17580,1108.0,681.0
2022-04-01,Ray of Hope,180,401,178,178,178,178,2.230337078651685,46.91573033707865,0,28,53,80,19,0,7894,14752,12813,17580,1108.0,681.0
2022-04-01,Salvation Army Cambridge,346,881,242,241,241,240,2.4896265560165975,49.57676348547718,0,19,105,185,36,1,7894,14752,12813,17580,1108.0,681.0
2022-04-01,Southwood Resource Centre - Kinbridge Community Association,3,17,3,3,3,3,5.666666666666667,37.333333333333336,0,1,1,1,0,0,7894,14752,12813,17580,1108.0,681.0
2022-04-01,St. Andrew's Hespler Presbyterian Church,78,124,78,78,77,77,1.5974025974025974,36.256410256410255,0,47,9,18,4,0,7894,14752,12813,17580,1108.0,681.0
2022-04-01,St. Columba Anglican Church,2,6,2,2,2,2,3.0,75.5,0,0,0,1,1,0,7894,14752,12813,17580,1108.0,681.0
2022-04-01,St. John's Anglican Church,24,40,22,22,21,21,1.619047619047619,50.90909090909091,0,1,5,16,2,0,7894,14752,12813,17580,1108.0,681.0
2022-04-01,Stanley Park Community Centre,97,304,44,42,41,39,3.073170731707317,51.166666666666664,0,11,34,43,7,2,7894,14752,12813,17580,1108.0,681.0
2022-04-01,Sunnydale Community Centre - Neighbourhood Food Program - House of Friendship,404,1597,143,143,141,141,3.7943262411347516,44.27272727272727,1,34,185,146,38,0,7894,14752,12813,17580,1108.0,681.0
2022-04-01,Supportive Housing YWCA (Lincoln Road),35,76,18,18,18,18,1.9444444444444444,45.72222222222222,0,8,15,9,3,0,7894,14752,12813,17580,1108.0,681.0
2022-04-01,Supportive Housing of Waterloo (SHOW),51,51,26,26,26,26,1.0,53.80769230769231,0,0,12,36,3,0,7894,14752,12813,17580,1108.0,681.0
2022-04-01,University of Waterloo Food Bank,3,3,3,0,3,0,1.0,,0,0,0,0,0,3,7894,14752,12813,17580,1108.0,681.0
2022-04-01,Victoria Hills - House of Friendship,465,1538,184,184,181,181,3.303867403314917,44.94565217391305,8,56,169,178,54,0,7894,14752,12813,17580,1108.0,681.0
2022-04-01,Wellesley Food Cupboard,29,154,17,16,17,16,5.352941176470588,33.9375,0,11,13,4,0,1,7894,14752,12813,17580,1108.0,681.0
2022-04-01,Wilmot & Wellesley Resource Centre,183,462,86,75,86,75,2.558139534883721,47.013333333333335,0,25,56,75,16,11,7894,14752,12813,17580,1108.0,681.0
2022-04-01,Woolwich Community Services,270,669,94,94,93,93,2.4193548387096775,49.234042553191486,0,27,79,86,78,0,7894,14752,12813,17580,1108.0,681.0
2022-04-01,oneROOF Youth Services,8,29,8,8,7,7,3.0,23.25,0,8,0,0,0,0,7894,14752,12813,17580,1108.0,681.0
2022-05-01,Anishnabeg Outreach - Spirit Bundle ,430,1620,430,0,430,0,3.7674418604651163,,0,0,0,0,0,430,7898,14754,12785,17552,1096.0,669.0
2022-05-01,Cambridge Food Bank - Cambridge,1025,2242,976,955,966,945,2.219461697722567,45.18429319371728,1,179,328,409,87,21,7898,14754,12785,17552,1096.0,669.0
2022-05-01,Centreville Chicopee Community Centre - Neighbourhood Food Program - House of Friendship,500,1599,189,189,178,178,3.1741573033707864,43.46560846560847,5,84,168,205,38,0,7898,14754,12785,17552,1096.0,669.0
2022-05-01,Chandler Mowat Community Centre - Neighbourhood Food Program - House of Friendship,852,2861,320,307,311,298,3.22508038585209,41.36156351791531,6,216,311,223,83,13,7898,14754,12785,17552,1096.0,669.0
2022-05-01,Christopher Champlain Resource Centre - Kinbridge Community Association,4,12,3,3,3,3,3.6666666666666665,45.666666666666664,0,0,3,1,0,0,7898,14754,12785,17552,1096.0,669.0
2022-05-01,Courtland Shelley Community Centre - Neighbourhood Food Program - House of Friendship,170,467,69,68,67,66,2.7313432835820897,52.10294117647059,0,9,47,71,42,1,7898,14754,12785,17552,1096.0,669.0
2022-05-01,Emergency Food Hamper Program - House of Friendship,2204,6923,2072,2041,2051,2020,3.153096050706972,44.311611954924054,6,365,837,794,171,31,7898,14754,12785,17552,1096.0,669.0
2022-05-01,Emmanuel United Church - Waterloo Wayside ,165,402,95,95,90,90,2.3666666666666667,46.77894736842105,3,28,35,69,30,0,7898,14754,12785,17552,1096.0,669.0
2022-05-01,Erb West Community Centre - Camino Wellness + Mental Health,250,857,100,84,100,84,3.16,43.98809523809524,0,25,87,107,15,16,7898,14754,12785,17552,1096.0,669.0
2022-05-01,Forest Heights Community Centre - Neighbourhood Food Program - House of Friendship,270,1050,97,94,95,92,3.9789473684210526,44.361702127659576,3,37,109,81,37,3,7898,14754,12785,17552,1096.0,669.0
2022-05-01,Glencairn Mennonite Brethren Church,109,359,107,107,106,106,3.30188679245283,46.7196261682243,0,18,36,40,15,0,7898,14754,12785,17552,1096.0,669.0
2022-05-01,Kingsdale Community Centre - Neighbourhood Food Program - House of Friendship,812,2090,334,332,325,323,2.513846153846154,46.51807228915663,4,114,269,294,129,2,7898,14754,12785,17552,1096.0,669.0
2022-05-01,Kitchener Community Church and Family Care Centre,394,1081,318,318,314,314,2.872611464968153,51.644654088050316,1,34,91,174,94,0,7898,14754,12785,17552,1096.0,669.0
2022-05-01,Langs,33,65,24,24,24,24,2.3333333333333335,46.791666666666664,0,2,16,11,4,0,7898,14754,12785,17552,1096.0,669.0
2022-05-01,Paulander Community Centre - Camino Wellness + Mental Health,324,1070,113,109,111,107,3.27027027027027,49.46788990825688,0,10,113,151,46,4,7898,14754,12785,17552,1096.0,669.0
2022-05-01,Ray of Hope,203,472,201,201,200,200,2.3,47.1044776119403,0,32,58,93,20,0,7898,14754,12785,17552,1096.0,669.0
2022-05-01,Salvation Army Cambridge,255,630,255,255,254,254,2.47244094488189,49.05490196078431,0,16,84,131,24,0,7898,14754,12785,17552,1096.0,669.0
2022-05-01,Southwood Resource Centre - Kinbridge Community Association,6,29,6,5,6,5,4.833333333333333,17.2,4,0,0,1,0,1,7898,14754,12785,17552,1096.0,669.0
2022-05-01,St. Andrew's Hespler Presbyterian Church,78,105,75,75,75,75,1.3333333333333333,36.52,0,44,10,18,6,0,7898,14754,12785,17552,1096.0,669.0
2022-05-01,St. Columba Anglican Church,47,109,23,22,23,22,2.391304347826087,39.63636363636363,0,10,19,13,4,1,7898,14754,12785,17552,1096.0,669.0
2022-05-01,St. John's Anglican Church,30,56,29,29,29,29,1.8620689655172413,53.10344827586207,0,1,5,20,4,0,7898,14754,12785,17552,1096.0,669.0
2022-05-01,Stanley Park Community Centre,111,294,58,56,56,54,2.4285714285714284,49.19642857142857,0,17,27,52,13,2,7898,14754,12785,17552,1096.0,669.0
2022-05-01,Sunnydale Community Centre - Neighbourhood Food Program - House of Friendship,427,1710,145,145,143,143,3.909090909090909,44.63448275862069,1,34,188,166,38,0,7898,14754,12785,17552,1096.0,669.0
2022-05-01,Supportive Housing YWCA (Lincoln Road),58,124,22,22,22,22,1.7727272727272727,44.59090909090909,0,9,29,17,3,0,7898,14754,12785,17552,1096.0,669.0
2022-05-01,Supportive Housing of Waterloo (SHOW),52,58,23,23,23,23,1.1304347826086956,54.69565217391305,0,0,11,35,6,0,7898,14754,12785,17552,1096.0,669.0
2022-05-01,Supportive Housing- Y.W.C.A. (Block Line),42,51,27,27,27,27,1.3333333333333333,45.666666666666664,0,0,21,21,0,0,7898,14754,12785,17552,1096.0,669.0
2022-05-01,Traverse Independence,10,10,10,10,10,10,1.0,49.3,0,1,3,5,1,0,7898,14754,12785,17552,1096.0,669.0
2022-05-01,University of Waterloo Food Bank,71,71,71,0,71,0,1.0,,0,0,0,0,0,71,7898,14754,12785,17552,1096.0,669.0
2022-05-01,Victoria Hills - House of Friendship,455,1434,180,180,174,174,3.0804597701149423,44.833333333333336,8,49,171,176,51,0,7898,14754,12785,17552,1096.0,669.0
2022-05-01,Wellesley Food Cupboard,25,141,16,16,16,16,5.9375,35.1875,0,9,12,4,0,0,7898,14754,12785,17552,1096.0,669.0
2022-05-01,Wilmot & Wellesley Resource Centre,210,526,105,90,104,89,2.6538461538461537,44.96666666666667,0,22,76,79,18,15,7898,14754,12785,17552,1096.0,669.0
2022-05-01,Woolwich Community Services,245,612,97,97,97,97,2.443298969072165,51.21649484536083,0,21,62,90,72,0,7898,14754,12785,17552,1096.0,669.0
2022-05-01,oneROOF Youth Services,33,88,18,18,18,18,2.2222222222222223,22.61111111111111,0,33,0,0,0,0,7898,14754,12785,17552,1096.0,669.0
2022-06-01,Anishnabeg Outreach - Spirit Bundle ,865,2858,865,0,865,0,3.3040462427745663,,0,0,0,0,0,865,7985,14954,12852,17664,1145.0,657.0
2022-06-01,Cambridge Food Bank - Cambridge,1162,2588,1097,1081,1085,1069,2.2423963133640554,44.6567992599445,0,236,366,438,106,16,7985,14954,12852,17664,1145.0,657.0
2022-06-01,Centreville Chicopee Community Centre - Neighbourhood Food Program - House of Friendship,406,1325,187,187,181,181,3.2375690607734806,43.24064171122995,2,66,152,152,34,0,7985,14954,12852,17664,1145.0,657.0
2022-06-01,Chandler Mowat Community Centre - Neighbourhood Food Program - House of Friendship,893,2924,333,307,325,299,3.1969230769230768,40.93485342019544,6,226,303,225,107,26,7985,14954,12852,17664,1145.0,657.0
2022-06-01,Christopher Champlain Resource Centre - Kinbridge Community Association,5,11,4,4,4,4,2.5,49.5,0,0,3,2,0,0,7985,14954,12852,17664,1145.0,657.0
2022-06-01,Courtland Shelley Community Centre - Neighbourhood Food Program - House of Friendship,146,390,52,52,52,52,2.8846153846153846,52.59615384615385,0,5,35,62,44,0,7985,14954,12852,17664,1145.0,657.0
2022-06-01,Emergency Food Hamper Program - House of Friendship,2467,7830,2306,2264,2270,2228,3.162555066079295,43.898409893992934,9,438,919,853,206,42,7985,14954,12852,17664,1145.0,657.0
2022-06-01,Emmanuel United Church - Waterloo Wayside ,226,557,119,118,114,113,2.254385964912281,46.3728813559322,7,27,49,93,49,1,7985,14954,12852,17664,1145.0,657.0
2022-06-01,Erb West Community Centre - Camino Wellness + Mental Health,176,639,81,77,81,77,3.4691358024691357,44.714285714285715,2,22,58,79,11,4,7985,14954,12852,17664,1145.0,657.0
2022-06-01,Forest Heights Community Centre - Neighbourhood Food Program - House of Friendship,333,1313,124,121,120,117,3.8916666666666666,41.553719008264466,3,65,140,87,35,3,7985,14954,12852,17664,1145.0,657.0
2022-06-01,Glencairn Mennonite Brethren Church,85,276,85,85,85,85,3.2470588235294118,46.917647058823526,1,11,28,34,11,0,7985,14954,12852,17664,1145.0,657.0
2022-06-01,Kingsdale Community Centre - Neighbourhood Food Program - House of Friendship,817,2065,346,346,327,327,2.474006116207951,45.494219653179194,4,115,274,294,130,0,7985,14954,12852,17664,1145.0,657.0
2022-06-01,Kitchener Community Church and Family Care Centre,397,1121,335,335,333,333,3.003003003003003,50.30746268656716,0,37,100,169,91,0,7985,14954,12852,17664,1145.0,657.0
2022-06-01,Langs,60,110,31,29,30,28,2.2,42.44827586206897,1,3,41,7,6,2,7985,14954,12852,17664,1145.0,657.0
2022-06-01,Paulander Community Centre - Camino Wellness + Mental Health,315,1016,106,102,104,100,3.375,49.1764705882353,0,10,111,147,43,4,7985,14954,12852,17664,1145.0,657.0
2022-06-01,Ray of Hope,203,455,201,201,200,200,2.23,47.701492537313435,0,28,57,99,19,0,7985,14954,12852,17664,1145.0,657.0
2022-06-01,Salvation Army Cambridge,315,795,315,313,313,311,2.5303514376996805,49.29392971246006,0,25,97,156,35,2,7985,14954,12852,17664,1145.0,657.0
2022-06-01,Southwood Resource Centre - Kinbridge Community Association,3,15,3,3,3,3,5.0,30.0,1,0,2,0,0,0,7985,14954,12852,17664,1145.0,657.0
2022-06-01,St. Andrew's Hespler Presbyterian Church,121,221,117,117,116,116,1.6810344827586208,36.05128205128205,0,65,27,21,8,0,7985,14954,12852,17664,1145.0,657.0
2022-06-01,St. Columba Anglican Church,76,228,37,37,36,36,3.1944444444444446,41.972972972972975,0,18,28,24,6,0,7985,14954,12852,17664,1145.0,657.0
2022-06-01,St. John's Anglican Church,38,60,32,32,31,31,1.6451612903225807,51.9375,0,0,9,25,4,0,7985,14954,12852,17664,1145.0,657.0
2022-06-01,St. Mary's Conference - Society of St. Vincent de Paul,2,3,2,2,2,2,1.5,47.5,0,0,1,1,0,0,7985,14954,12852,17664,1145.0,657.0
2022-06-01,Stanley Park Community Centre,163,453,81,79,75,73,2.493333333333333,42.721518987341774,0,36,58,57,10,2,7985,14954,12852,17664,1145.0,657.0
2022-06-01,Sunnydale Community Centre - Neighbourhood Food Program - House of Friendship,561,2144,279,279,273,273,3.6263736263736264,44.60215053763441,0,58,232,217,54,0,7985,14954,12852,17664,1145.0,657.0
2022-06-01,Supportive Housing YWCA (Lincoln Road),47,98,23,23,23,23,1.7826086956521738,46.0,0,4,23,17,3,0,7985,14954,12852,17664,1145.0,657.0
2022-06-01,Supportive Housing of Waterloo (SHOW),64,70,25,25,25,25,1.12,54.32,0,0,11,50,3,0,7985,14954,12852,17664,1145.0,657.0
2022-06-01,Supportive Housing- Y.W.C.A. (Block Line),93,121,32,32,32,32,1.28125,45.25,0,0,53,40,0,0,7985,14954,12852,17664,1145.0,657.0
2022-06-01,The Food Bank of Waterloo Region - Kitchener,2,4,2,2,2,2,2.0,43.0,0,0,1,1,0,0,7985,14954,12852,17664,1145.0,657.0
2022-06-01,Traverse Independence,18,28,17,10,17,10,1.588235294117647,49.8,0,1,2,7,1,7,7985,14954,12852,17664,1145.0,657.0
2022-06-01,University of Waterloo Food Bank,103,104,103,0,103,0,1.0097087378640777,,0,0,0,0,0,103,7985,14954,12852,17664,1145.0,657.0
2022-06-01,Victoria Hills - House of Friendship,526,1750,193,193,190,190,3.163157894736842,44.259067357512954,6,64,198,208,50,0,7985,14954,12852,17664,1145.0,657.0
2022-06-01,Wellesley Food Cupboard,27,143,16,15,16,15,5.4375,34.86666666666667,0,9,13,4,0,1,7985,14954,12852,17664,1145.0,657.0
2022-06-01,Wilmot & Wellesley Resource Centre,244,630,108,94,104,90,2.8653846153846154,44.680851063829785,1,20,93,94,22,14,7985,14954,12852,17664,1145.0,657.0
2022-06-01,Woolwich Community Services,310,751,105,105,101,101,2.514851485148515,50.02857142857143,0,39,83,89,99,0,7985,14954,12852,17664,1145.0,657.0
2022-06-01,oneROOF Youth Services,33,103,14,14,13,13,2.6923076923076925,21.857142857142858,0,33,0,0,0,0,7985,14954,12852,17664,1145.0,657.0
2022-07-01,Anishnabeg Outreach - Spirit Bundle ,757,2494,757,0,757,0,3.2945838837516512,,0,0,0,0,0,757,7981,15004,12707,17416,1149.0,662.0
2022-07-01,Cambridge Food Bank - Cambridge,1080,2381,1028,1006,1017,995,2.1976401179941,43.68389662027833,1,245,335,384,93,22,7981,15004,12707,17416,1149.0,662.0
2022-07-01,Centreville Chicopee Community Centre - Neighbourhood Food Program - House of Friendship,508,1741,201,196,196,191,3.311224489795918,44.62244897959184,2,83,169,204,45,5,7981,15004,12707,17416,1149.0,662.0
2022-07-01,Chandler Mowat Community Centre - Neighbourhood Food Program - House of Friendship,869,2876,351,312,343,304,3.142857142857143,40.89423076923077,5,216,312,204,93,39,7981,15004,12707,17416,1149.0,662.0
2022-07-01,Christopher Champlain Resource Centre - Kinbridge Community Association,6,22,4,4,4,4,3.75,47.5,0,0,3,3,0,0,7981,15004,12707,17416,1149.0,662.0
2022-07-01,Courtland Shelley Community Centre - Neighbourhood Food Program - House of Friendship,147,383,50,50,48,48,2.8125,53.02,0,10,30,65,42,0,7981,15004,12707,17416,1149.0,662.0
2022-07-01,Emergency Food Hamper Program - House of Friendship,2140,6928,2032,1987,2005,1960,3.247381546134663,43.81127327629592,12,385,798,721,179,45,7981,15004,12707,17416,1149.0,662.0
2022-07-01,Emmanuel United Church - Waterloo Wayside ,173,379,103,95,100,92,1.94,46.90526315789474,4,26,32,66,37,8,7981,15004,12707,17416,1149.0,662.0
2022-07-01,Erb West Community Centre - Camino Wellness + Mental Health,81,280,59,58,59,58,3.3728813559322033,45.58620689655172,0,11,26,35,8,1,7981,15004,12707,17416,1149.0,662.0
2022-07-01,Forest Heights Community Centre - Neighbourhood Food Program - House of Friendship,319,1293,122,115,121,114,3.8181818181818183,41.06956521739131,1,63,134,84,30,7,7981,15004,12707,17416,1149.0,662.0
2022-07-01,Glencairn Mennonite Brethren Church,102,328,102,102,101,101,3.237623762376238,46.57843137254902,0,16,33,40,13,0,7981,15004,12707,17416,1149.0,662.0
2022-07-01,Kingsdale Community Centre - Neighbourhood Food Program - House of Friendship,772,1956,327,325,315,313,2.5015873015873016,46.261538461538464,2,105,251,288,124,2,7981,15004,12707,17416,1149.0,662.0
2022-07-01,Kitchener Community Church and Family Care Centre,359,1067,319,317,316,314,3.1202531645569622,49.53943217665615,1,35,99,158,64,2,7981,15004,12707,17416,1149.0,662.0
2022-07-01,Langs,68,95,38,24,38,24,1.631578947368421,46.666666666666664,0,2,40,9,3,14,7981,15004,12707,17416,1149.0,662.0
2022-07-01,Paulander Community Centre - Camino Wellness + Mental Health,307,967,115,105,113,103,3.247787610619469,49.93333333333333,0,7,98,153,39,10,7981,15004,12707,17416,1149.0,662.0
2022-07-01,Ray of Hope,198,449,196,196,196,196,2.2806122448979593,46.816326530612244,1,29,61,87,20,0,7981,15004,12707,17416,1149.0,662.0
2022-07-01,Salvation Army Cambridge,259,651,259,259,258,258,2.5155038759689923,50.745173745173744,0,14,78,133,34,0,7981,15004,12707,17416,1149.0,662.0
2022-07-01,Southwood Resource Centre - Kinbridge Community Association,4,16,4,3,4,3,4.0,30.666666666666668,1,0,2,0,0,1,7981,15004,12707,17416,1149.0,662.0
2022-07-01,St. Agnes Conference - Society of St. Vincent de Paul,6,12,6,6,6,6,2.0,56.833333333333336,0,1,1,3,1,0,7981,15004,12707,17416,1149.0,662.0
2022-07-01,St. Andrew's Hespler Presbyterian Church,79,164,76,76,75,75,2.08,40.8421052631579,0,31,19,18,11,0,7981,15004,12707,17416,1149.0,662.0
2022-07-01,St. Anthony Daniel Conference - Society of St. Vincent de Paul,10,27,9,9,9,9,2.6666666666666665,55.666666666666664,0,0,2,6,2,0,7981,15004,12707,17416,1149.0,662.0
2022-07-01,St. Columba Anglican Church,82,268,40,40,38,38,3.1052631578947367,44.15,0,14,32,28,8,0,7981,15004,12707,17416,1149.0,662.0
2022-07-01,St. John's Anglican Church,40,75,36,36,36,36,1.8611111111111112,50.5,0,2,10,23,5,0,7981,15004,12707,17416,1149.0,662.0
2022-07-01,St. Mary's Conference - Society of St. Vincent de Paul,23,64,23,23,22,22,2.772727272727273,54.30434782608695,0,0,4,15,4,0,7981,15004,12707,17416,1149.0,662.0
2022-07-01,Stanley Park Community Centre,135,401,72,71,67,66,2.7761194029850746,44.014084507042256,2,25,50,44,13,1,7981,15004,12707,17416,1149.0,662.0
2022-07-01,Sunnydale Community Centre - Neighbourhood Food Program - House of Friendship,408,1572,151,146,150,145,3.6666666666666665,44.917808219178085,0,37,159,172,35,5,7981,15004,12707,17416,1149.0,662.0
2022-07-01,Supportive Housing YWCA (Lincoln Road),38,86,19,19,19,19,1.8421052631578947,47.36842105263158,0,5,18,12,3,0,7981,15004,12707,17416,1149.0,662.0
2022-07-01,Supportive Housing of Waterloo (SHOW),41,44,20,20,20,20,1.15,53.5,0,0,8,32,1,0,7981,15004,12707,17416,1149.0,662.0
2022-07-01,Supportive Housing- Y.W.C.A. (Block Line),56,70,33,33,33,33,1.2727272727272727,45.63636363636363,0,0,30,26,0,0,7981,15004,12707,17416,1149.0,662.0
2022-07-01,The Food Bank of Waterloo Region - Kitchener,3,6,3,2,3,2,2.0,33.5,0,1,1,0,0,1,7981,15004,12707,17416,1149.0,662.0
2022-07-01,Traverse Independence,21,27,16,12,16,12,1.375,53.0,0,0,3,12,2,4,7981,15004,12707,17416,1149.0,662.0
2022-07-01,University of Waterloo Food Bank,63,67,63,0,63,0,1.0634920634920635,,0,0,0,0,0,63,7981,15004,12707,17416,1149.0,662.0
2022-07-01,Victoria Hills - House of Friendship,504,1739,205,205,200,200,3.165,43.107317073170734,8,58,214,174,50,0,7981,15004,12707,17416,1149.0,662.0
2022-07-01,Wellesley Food Cupboard,27,144,17,17,17,17,5.176470588235294,35.529411764705884,0,8,16,3,0,0,7981,15004,12707,17416,1149.0,662.0
2022-07-01,Wilmot & Wellesley Resource Centre,216,581,95,82,93,80,2.967741935483871,44.329268292682926,0,26,88,73,16,13,7981,15004,12707,17416,1149.0,662.0
2022-07-01,Woolwich Community Services,296,731,103,102,102,101,2.323529411764706,50.509803921568626,1,26,105,72,91,1,7981,15004,12707,17416,1149.0,662.0
2022-07-01,oneROOF Youth Services,9,21,4,4,4,4,1.75,21.0,0,9,0,0,0,0,7981,15004,12707,17416,1149.0,662.0
2022-08-01,Anishnabeg Outreach - Spirit Bundle ,568,1832,568,0,568,0,3.2253521126760565,,0,0,0,0,0,568,7961,14945,12798,17595,1202.0,658.0
2022-08-01,Cambridge Food Bank - Cambridge,1239,2779,1181,1175,1162,1156,2.248709122203098,44.10553191489362,3,260,408,458,104,6,7961,14945,12798,17595,1202.0,658.0
2022-08-01,Centreville Chicopee Community Centre - Neighbourhood Food Program - House of Friendship,677,2289,227,219,222,214,3.1981981981981984,43.51598173515982,2,107,240,276,44,8,7961,14945,12798,17595,1202.0,658.0
2022-08-01,Chandler Mowat Community Centre - Neighbourhood Food Program - House of Friendship,790,2719,326,310,321,305,3.4049844236760123,41.57741935483871,4,182,297,203,88,16,7961,14945,12798,17595,1202.0,658.0
2022-08-01,Christopher Champlain Resource Centre - Kinbridge Community Association,8,30,6,6,6,6,4.333333333333333,44.833333333333336,0,1,4,2,1,0,7961,14945,12798,17595,1202.0,658.0
2022-08-01,Courtland Shelley Community Centre - Neighbourhood Food Program - House of Friendship,210,572,51,51,50,50,2.84,51.470588235294116,0,19,46,85,60,0,7961,14945,12798,17595,1202.0,658.0
2022-08-01,Emergency Food Hamper Program - House of Friendship,2438,7818,2264,2221,2232,2189,3.2096774193548385,44.0027014858172,12,396,955,839,193,43,7961,14945,12798,17595,1202.0,658.0
2022-08-01,Emmanuel United Church - Waterloo Wayside ,163,349,100,96,98,94,1.9183673469387754,46.416666666666664,2,31,29,62,35,4,7961,14945,12798,17595,1202.0,658.0
2022-08-01,Erb West Community Centre - Camino Wellness + Mental Health,95,327,65,65,64,64,3.5,43.01538461538462,2,19,36,34,4,0,7961,14945,12798,17595,1202.0,658.0
2022-08-01,Forest Heights Community Centre - Neighbourhood Food Program - House of Friendship,413,1666,155,149,152,146,3.664473684210526,43.43624161073826,0,74,177,112,44,6,7961,14945,12798,17595,1202.0,658.0
2022-08-01,Glencairn Mennonite Brethren Church,129,409,128,128,127,127,3.204724409448819,45.3046875,0,20,47,47,15,0,7961,14945,12798,17595,1202.0,658.0
2022-08-01,Kingsdale Community Centre - Neighbourhood Food Program - House of Friendship,967,2420,343,339,328,324,2.5091463414634148,46.22418879056047,2,130,291,375,165,4,7961,14945,12798,17595,1202.0,658.0
2022-08-01,Kitchener Community Church and Family Care Centre,396,1194,358,358,356,356,3.1601123595505616,48.00837988826816,1,51,113,175,56,0,7961,14945,12798,17595,1202.0,658.0
2022-08-01,Langs,43,78,31,25,30,24,2.033333333333333,41.2,0,4,23,6,4,6,7961,14945,12798,17595,1202.0,658.0
2022-08-01,Paulander Community Centre - Camino Wellness + Mental Health,342,1095,126,112,124,110,3.2016129032258065,49.61607142857143,0,10,109,164,45,14,7961,14945,12798,17595,1202.0,658.0
2022-08-01,Ray of Hope,224,501,222,222,222,222,2.1981981981981984,46.527027027027025,0,32,75,102,15,0,7961,14945,12798,17595,1202.0,658.0
2022-08-01,Salvation Army Cambridge,303,791,302,302,301,301,2.60797342192691,49.7317880794702,0,21,99,149,34,0,7961,14945,12798,17595,1202.0,658.0
2022-08-01,Southwood Resource Centre - Kinbridge Community Association,4,16,4,3,4,3,4.0,8.0,3,0,0,0,0,1,7961,14945,12798,17595,1202.0,658.0
2022-08-01,St. Agnes Conference - Society of St. Vincent de Paul,8,14,3,3,3,3,2.0,47.0,0,0,1,3,4,0,7961,14945,12798,17595,1202.0,658.0
2022-08-01,St. Andrew's Hespler Presbyterian Church,76,168,73,73,74,74,2.22972972972973,38.35616438356164,3,29,17,18,9,0,7961,14945,12798,17595,1202.0,658.0
2022-08-01,St. Anthony Daniel Conference - Society of St. Vincent de Paul,13,18,11,11,11,11,1.4545454545454546,57.36363636363637,0,1,1,7,4,0,7961,14945,12798,17595,1202.0,658.0
2022-08-01,St. Columba Anglican Church,89,294,40,38,39,37,3.3333333333333335,38.13157894736842,0,35,22,18,12,2,7961,14945,12798,17595,1202.0,658.0
2022-08-01,St. John's Anglican Church,44,82,40,40,39,39,1.9230769230769231,51.975,0,1,11,27,5,0,7961,14945,12798,17595,1202.0,658.0
2022-08-01,St. Mary's Conference - Society of St. Vincent de Paul,47,110,46,46,46,46,2.369565217391304,52.869565217391305,0,3,12,21,11,0,7961,14945,12798,17595,1202.0,658.0
2022-08-01,Stanley Park Community Centre,190,545,78,76,74,72,2.7432432432432434,45.76315789473684,1,25,67,80,15,2,7961,14945,12798,17595,1202.0,658.0
2022-08-01,Sunnydale Community Centre - Neighbourhood Food Program - House of Friendship,472,1753,177,164,176,163,3.5056818181818183,44.8719512195122,0,38,194,182,45,13,7961,14945,12798,17595,1202.0,658.0
2022-08-01,Supportive Housing YWCA (Lincoln Road),41,77,23,23,23,23,1.7826086956521738,44.608695652173914,0,5,14,20,2,0,7961,14945,12798,17595,1202.0,658.0
2022-08-01,Supportive Housing of Waterloo (SHOW),61,67,26,26,26,26,1.1153846153846154,53.84615384615385,0,0,15,44,2,0,7961,14945,12798,17595,1202.0,658.0
2022-08-01,Supportive Housing- Y.W.C.A. (Block Line),31,42,31,31,31,31,1.3548387096774193,44.935483870967744,0,1,15,15,0,0,7961,14945,12798,17595,1202.0,658.0
2022-08-01,The Food Bank of Waterloo Region - Kitchener,1,2,1,1,1,1,2.0,33.0,0,0,1,0,0,0,7961,14945,12798,17595,1202.0,658.0
2022-08-01,Traverse Independence,32,49,25,13,25,13,1.64,50.38461538461539,0,1,4,13,2,12,7961,14945,12798,17595,1202.0,658.0
2022-08-01,University of Waterloo Food Bank,64,64,64,0,64,0,1.0,,0,0,0,0,0,64,7961,14945,12798,17595,1202.0,658.0
2022-08-01,Victoria Hills - House of Friendship,563,1844,219,217,216,214,3.1527777777777777,43.78801843317972,8,63,239,192,59,2,7961,14945,12798,17595,1202.0,658.0
2022-08-01,Wellesley Food Cupboard,42,232,19,19,19,19,5.526315789473684,35.89473684210526,0,11,27,4,0,0,7961,14945,12798,17595,1202.0,658.0
2022-08-01,Wilmot & Wellesley Resource Centre,278,759,109,97,107,95,2.850467289719626,44.75257731958763,0,32,113,98,23,12,7961,14945,12798,17595,1202.0,658.0
2022-08-01,Woolwich Community Services,298,776,107,107,104,104,2.5576923076923075,48.6822429906542,0,34,107,92,65,0,7961,14945,12798,17595,1202.0,658.0
2022-08-01,oneROOF Youth Services,9,30,4,4,4,4,2.75,22.75,0,9,0,0,0,0,7961,14945,12798,17595,1202.0,658.0
2022-09-01,Anishnabeg Outreach - Spirit Bundle ,708,2335,708,0,708,0,3.2980225988700567,,0,0,0,0,0,708,8028,15058,12792,17576,1183.0,658.0
2022-09-01,Cambridge Food Bank - Cambridge,1293,2864,1256,1247,1239,1230,2.2171105730427763,43.7401764234162,2,301,417,436,128,9,8028,15058,12792,17576,1183.0,658.0
2022-09-01,Centreville Chicopee Community Centre - Neighbourhood Food Program - House of Friendship,580,1870,222,213,217,208,3.175115207373272,45.28169014084507,2,79,207,239,44,9,8028,15058,12792,17576,1183.0,658.0
2022-09-01,Chandler Mowat Community Centre - Neighbourhood Food Program - House of Friendship,1052,3658,343,323,334,314,3.2275449101796405,41.43962848297214,3,242,406,281,100,20,8028,15058,12792,17576,1183.0,658.0
2022-09-01,Christopher Champlain Resource Centre - Kinbridge Community Association,21,46,12,12,12,12,2.5,47.916666666666664,0,1,5,12,3,0,8028,15058,12792,17576,1183.0,658.0
2022-09-01,Courtland Shelley Community Centre - Neighbourhood Food Program - House of Friendship,169,458,58,58,56,56,2.875,50.8448275862069,0,20,38,66,45,0,8028,15058,12792,17576,1183.0,658.0
2022-09-01,Emergency Food Hamper Program - House of Friendship,2552,8031,2391,2354,2361,2324,3.1385006353240152,43.43712829226848,7,466,979,866,197,37,8028,15058,12792,17576,1183.0,658.0
2022-09-01,Emmanuel United Church - Waterloo Wayside ,215,518,114,111,110,107,2.3363636363636364,47.13513513513514,1,25,53,90,43,3,8028,15058,12792,17576,1183.0,658.0
2022-09-01,Erb West Community Centre - Camino Wellness + Mental Health,220,758,90,88,88,86,3.522727272727273,42.52272727272727,11,25,80,84,18,2,8028,15058,12792,17576,1183.0,658.0
2022-09-01,Forest Heights Community Centre - Neighbourhood Food Program - House of Friendship,329,1311,120,119,119,118,3.823529411764706,42.79831932773109,0,56,147,90,35,1,8028,15058,12792,17576,1183.0,658.0
2022-09-01,Glencairn Mennonite Brethren Church,114,377,114,114,114,114,3.307017543859649,46.50877192982456,0,15,43,44,12,0,8028,15058,12792,17576,1183.0,658.0
2022-09-01,Kingsdale Community Centre - Neighbourhood Food Program - House of Friendship,777,1880,348,335,335,322,2.382089552238806,45.28955223880597,0,122,246,284,112,13,8028,15058,12792,17576,1183.0,658.0
2022-09-01,Kitchener Community Church and Family Care Centre,355,1011,317,317,315,315,2.9746031746031747,49.30283911671924,0,36,101,164,54,0,8028,15058,12792,17576,1183.0,658.0
2022-09-01,Langs,53,94,34,28,32,26,2.0625,43.57142857142857,0,6,23,13,5,6,8028,15058,12792,17576,1183.0,658.0
2022-09-01,Our Lady of Lourdes Conference - Society of St. Vincent de Paul,10,28,10,10,10,10,2.8,43.3,0,6,0,2,2,0,8028,15058,12792,17576,1183.0,658.0
2022-09-01,Paulander Community Centre - Camino Wellness + Mental Health,258,865,112,105,110,103,3.409090909090909,49.42857142857143,0,10,82,125,34,7,8028,15058,12792,17576,1183.0,658.0
2022-09-01,Ray of Hope,200,460,200,200,199,199,2.306532663316583,46.07,0,30,61,97,12,0,8028,15058,12792,17576,1183.0,658.0
2022-09-01,Salvation Army Cambridge,278,695,278,278,277,277,2.5054151624548737,48.36690647482014,0,26,93,128,31,0,8028,15058,12792,17576,1183.0,658.0
2022-09-01,Southwood Resource Centre - Kinbridge Community Association,1,5,1,1,1,1,5.0,13.0,1,0,0,0,0,0,8028,15058,12792,17576,1183.0,658.0
2022-09-01,St. Agnes Conference - Society of St. Vincent de Paul,7,14,3,3,3,3,2.0,59.0,0,0,0,2,5,0,8028,15058,12792,17576,1183.0,658.0
2022-09-01,St. Andrew's Hespler Presbyterian Church,46,100,46,46,45,45,2.2,44.34782608695652,0,8,19,14,5,0,8028,15058,12792,17576,1183.0,658.0
2022-09-01,St. Anthony Daniel Conference - Society of St. Vincent de Paul,13,41,11,11,11,11,3.090909090909091,47.81818181818182,0,1,6,4,2,0,8028,15058,12792,17576,1183.0,658.0
2022-09-01,St. Columba Anglican Church,85,236,46,45,44,43,2.7954545454545454,40.022222222222226,1,23,30,19,11,1,8028,15058,12792,17576,1183.0,658.0
2022-09-01,St. John's Anglican Church,43,81,39,39,39,39,1.9230769230769231,52.53846153846154,0,1,13,24,5,0,8028,15058,12792,17576,1183.0,658.0
2022-09-01,St. Mary's Conference - Society of St. Vincent de Paul,47,110,46,46,45,45,2.311111111111111,52.06521739130435,0,5,11,22,9,0,8028,15058,12792,17576,1183.0,658.0
2022-09-01,Stanley Park Community Centre,140,425,70,69,65,64,2.9692307692307693,46.79710144927536,0,18,62,43,16,1,8028,15058,12792,17576,1183.0,658.0
2022-09-01,Sunnydale Community Centre - Neighbourhood Food Program - House of Friendship,579,2239,188,176,186,174,3.682795698924731,44.46590909090909,0,66,230,221,50,12,8028,15058,12792,17576,1183.0,658.0
2022-09-01,Supportive Housing YWCA (Lincoln Road),42,83,17,17,17,17,1.7058823529411764,50.588235294117645,0,2,23,14,3,0,8028,15058,12792,17576,1183.0,658.0
2022-09-01,Supportive Housing of Waterloo (SHOW),43,43,21,21,21,21,1.0,52.0,0,0,12,31,0,0,8028,15058,12792,17576,1183.0,658.0
2022-09-01,Supportive Housing- Y.W.C.A. (Block Line),20,25,20,20,20,20,1.25,44.3,0,2,10,8,0,0,8028,15058,12792,17576,1183.0,658.0
2022-09-01,The Food Bank of Waterloo Region - Kitchener,1,1,1,1,1,1,1.0,20.0,0,1,0,0,0,0,8028,15058,12792,17576,1183.0,658.0
2022-09-01,Traverse Independence,17,23,16,13,16,13,1.375,52.46153846153846,0,0,5,7,2,3,8028,15058,12792,17576,1183.0,658.0
2022-09-01,University of Waterloo Food Bank,80,80,80,0,80,0,1.0,,0,0,0,0,0,80,8028,15058,12792,17576,1183.0,658.0
2022-09-01,Victoria Hills - House of Friendship,433,1416,214,210,213,209,3.0657276995305165,44.13333333333333,3,44,187,155,40,4,8028,15058,12792,17576,1183.0,658.0
2022-09-01,Wellesley Food Cupboard,49,254,20,20,20,20,4.95,35.35,0,19,20,10,0,0,8028,15058,12792,17576,1183.0,658.0
2022-09-01,Wilmot & Wellesley Resource Centre,275,732,119,107,116,104,2.75,45.654205607476634,0,32,106,104,21,12,8028,15058,12792,17576,1183.0,658.0
2022-09-01,Woolwich Community Services,385,1036,123,120,120,117,2.5166666666666666,49.125,0,43,131,123,85,3,8028,15058,12792,17576,1183.0,658.0
2022-09-01,oneROOF Youth Services,28,63,18,18,18,18,1.8888888888888888,22.38888888888889,0,28,0,0,0,0,8028,15058,12792,17576,1183.0,658.0
2022-10-01,Anishnabeg Outreach - Spirit Bundle ,580,1911,580,0,580,0,3.2948275862068965,,0,0,0,0,0,580,7908,14835,12647,17325,1171.0,653.0
2022-10-01,Cambridge Food Bank - Cambridge,1124,2541,1089,1087,1081,1079,2.2793709528214614,44.88500459981601,1,201,407,407,106,2,7908,14835,12647,17325,1171.0,653.0
2022-10-01,Centreville Chicopee Community Centre - Neighbourhood Food Program - House of Friendship,672,2187,254,234,248,228,3.2419354838709675,43.43162393162393,1,114,236,252,49,20,7908,14835,12647,17325,1171.0,653.0
2022-10-01,Chandler Mowat Community Centre - Neighbourhood Food Program - House of Friendship,854,2866,332,317,324,309,3.2098765432098766,41.76656151419559,9,194,321,231,84,15,7908,14835,12647,17325,1171.0,653.0
2022-10-01,Christopher Champlain Resource Centre - Kinbridge Community Association,17,45,14,13,14,13,2.857142857142857,42.76923076923077,0,1,8,7,0,1,7908,14835,12647,17325,1171.0,653.0
2022-10-01,Courtland Shelley Community Centre - Neighbourhood Food Program - House of Friendship,170,454,54,54,52,52,2.8461538461538463,52.18518518518518,0,17,33,74,46,0,7908,14835,12647,17325,1171.0,653.0
2022-10-01,Emergency Food Hamper Program - House of Friendship,2451,7783,2314,2279,2284,2249,3.186952714535902,43.48442299254059,14,430,936,856,180,35,7908,14835,12647,17325,1171.0,653.0
2022-10-01,Emmanuel United Church - Waterloo Wayside ,179,531,100,87,99,86,2.696969696969697,49.264367816091955,5,9,38,84,30,13,7908,14835,12647,17325,1171.0,653.0
2022-10-01,Erb West Community Centre - Camino Wellness + Mental Health,240,827,89,88,86,85,3.4069767441860463,43.64772727272727,12,30,77,107,13,1,7908,14835,12647,17325,1171.0,653.0
2022-10-01,Forest Heights Community Centre - Neighbourhood Food Program - House of Friendship,329,1319,128,127,126,125,3.9126984126984126,41.74015748031496,1,54,147,94,32,1,7908,14835,12647,17325,1171.0,653.0
2022-10-01,Glencairn Mennonite Brethren Church,132,406,132,132,132,132,3.0757575757575757,45.75757575757576,0,21,49,46,16,0,7908,14835,12647,17325,1171.0,653.0
2022-10-01,Kingsdale Community Centre - Neighbourhood Food Program - House of Friendship,783,1950,343,339,328,324,2.4298780487804876,44.56342182890855,1,131,259,273,115,4,7908,14835,12647,17325,1171.0,653.0
2022-10-01,Kitchener Community Church and Family Care Centre,319,941,286,286,286,286,3.090909090909091,48.77972027972028,1,26,104,143,45,0,7908,14835,12647,17325,1171.0,653.0
2022-10-01,Langs,48,110,35,17,34,16,2.5588235294117645,42.35294117647059,1,1,17,7,4,18,7908,14835,12647,17325,1171.0,653.0
2022-10-01,Our Lady of Lourdes Conference - Society of St. Vincent de Paul,17,72,17,17,17,17,4.235294117647059,40.23529411764706,0,5,7,5,0,0,7908,14835,12647,17325,1171.0,653.0
2022-10-01,Paulander Community Centre - Camino Wellness + Mental Health,262,848,117,105,115,103,3.208695652173913,50.12380952380953,0,5,78,136,31,12,7908,14835,12647,17325,1171.0,653.0
2022-10-01,Ray of Hope,218,505,215,215,214,214,2.2850467289719627,44.734883720930235,1,37,73,96,11,0,7908,14835,12647,17325,1171.0,653.0
2022-10-01,Salvation Army Cambridge,281,747,281,281,281,281,2.6583629893238436,48.45907473309609,0,28,92,132,29,0,7908,14835,12647,17325,1171.0,653.0
2022-10-01,Southwood Resource Centre - Kinbridge Community Association,5,28,5,5,5,5,5.6,30.4,2,0,2,1,0,0,7908,14835,12647,17325,1171.0,653.0
2022-10-01,St. Agnes Conference - Society of St. Vincent de Paul,8,16,4,4,4,4,2.0,61.0,0,0,0,2,6,0,7908,14835,12647,17325,1171.0,653.0
2022-10-01,St. Andrew's Hespler Presbyterian Church,37,82,37,37,36,36,2.25,48.2972972972973,1,4,10,16,6,0,7908,14835,12647,17325,1171.0,653.0
2022-10-01,St. Anthony Daniel Conference - Society of St. Vincent de Paul,26,75,22,22,22,22,2.8181818181818183,49.54545454545455,1,1,8,12,4,0,7908,14835,12647,17325,1171.0,653.0
2022-10-01,St. Columba Anglican Church,78,209,40,40,40,40,2.9,42.125,0,15,30,22,11,0,7908,14835,12647,17325,1171.0,653.0
2022-10-01,St. John's Anglican Church,41,81,39,39,38,38,1.9736842105263157,52.794871794871796,0,0,11,24,6,0,7908,14835,12647,17325,1171.0,653.0
2022-10-01,St. Mary's Conference - Society of St. Vincent de Paul,59,146,58,58,58,58,2.5,53.06896551724138,0,5,10,36,8,0,7908,14835,12647,17325,1171.0,653.0
2022-10-01,Stanley Park Community Centre,159,466,80,80,79,79,2.848101265822785,47.0125,0,24,59,60,16,0,7908,14835,12647,17325,1171.0,653.0
2022-10-01,Sunnydale Community Centre - Neighbourhood Food Program - House of Friendship,497,2002,191,172,188,169,3.734042553191489,43.075581395348834,0,66,189,180,43,19,7908,14835,12647,17325,1171.0,653.0
2022-10-01,Supportive Housing YWCA (Lincoln Road),32,71,18,18,18,18,1.9444444444444444,47.55555555555556,0,1,18,12,1,0,7908,14835,12647,17325,1171.0,653.0
2022-10-01,Supportive Housing of Waterloo (SHOW),59,65,24,24,24,24,1.125,54.25,0,0,17,40,2,0,7908,14835,12647,17325,1171.0,653.0
2022-10-01,Supportive Housing- Y.W.C.A. (Block Line),23,28,23,23,23,23,1.2173913043478262,46.56521739130435,0,1,9,13,0,0,7908,14835,12647,17325,1171.0,653.0
2022-10-01,The Food Bank of Waterloo Region - Kitchener,7,9,7,7,7,7,1.2857142857142858,27.571428571428573,0,5,2,0,0,0,7908,14835,12647,17325,1171.0,653.0
2022-10-01,Traverse Independence,16,19,16,16,16,16,1.1875,49.6875,0,1,4,11,0,0,7908,14835,12647,17325,1171.0,653.0
2022-10-01,University of Waterloo Food Bank,93,93,93,0,93,0,1.0,,0,0,0,0,0,93,7908,14835,12647,17325,1171.0,653.0
2022-10-01,Victoria Hills - House of Friendship,538,1816,220,217,217,214,3.2027649769585254,45.336405529953915,3,40,230,211,51,3,7908,14835,12647,17325,1171.0,653.0
2022-10-01,Wellesley Food Cupboard,41,190,21,21,21,21,4.809523809523809,36.142857142857146,0,13,21,7,0,0,7908,14835,12647,17325,1171.0,653.0
2022-10-01,Wilmot & Wellesley Resource Centre,244,736,102,93,100,91,3.24,44.645161290322584,0,26,105,88,16,9,7908,14835,12647,17325,1171.0,653.0
2022-10-01,Woolwich Community Services,356,875,130,121,124,115,2.3870967741935485,49.429752066115704,1,28,123,112,83,9,7908,14835,12647,17325,1171.0,653.0
2022-10-01,oneROOF Youth Services,60,78,31,30,31,30,1.2580645161290323,23.233333333333334,0,59,0,0,0,1,7908,14835,12647,17325,1171.0,653.0
2022-11-01,Anishnabeg Outreach - Spirit Bundle ,647,2201,647,0,647,0,3.401854714064915,,0,0,0,0,0,647,7897,14746,12763,17503,1149.0,670.0
2022-11-01,Cambridge Food Bank - Cambridge,1255,2893,1207,1201,1196,1190,2.3403010033444818,44.52539550374688,4,231,434,463,117,6,7897,14746,12763,17503,1149.0,670.0
2022-11-01,Centreville Chicopee Community Centre - Neighbourhood Food Program - House of Friendship,777,2570,260,247,253,240,3.205533596837945,43.955465587044536,2,126,227,346,63,13,7897,14746,12763,17503,1149.0,670.0
2022-11-01,Chandler Mowat Community Centre - Neighbourhood Food Program - House of Friendship,871,2983,361,329,353,321,3.376770538243626,41.610942249240125,7,195,319,231,87,32,7897,14746,12763,17503,1149.0,670.0
2022-11-01,Christopher Champlain Resource Centre - Kinbridge Community Association,25,51,17,17,17,17,2.4705882352941178,41.1764705882353,0,2,10,13,0,0,7897,14746,12763,17503,1149.0,670.0
2022-11-01,Courtland Shelley Community Centre - Neighbourhood Food Program - House of Friendship,221,590,59,59,57,57,2.807017543859649,51.16949152542373,0,22,52,90,57,0,7897,14746,12763,17503,1149.0,670.0
2022-11-01,Emergency Food Hamper Program - House of Friendship,2717,8619,2542,2507,2505,2470,3.174051896207585,43.97407259672916,8,470,1018,967,219,35,7897,14746,12763,17503,1149.0,670.0
2022-11-01,Emmanuel United Church - Waterloo Wayside ,177,472,98,93,95,90,2.4,47.483870967741936,3,12,53,76,28,5,7897,14746,12763,17503,1149.0,670.0
2022-11-01,Erb West Community Centre - Camino Wellness + Mental Health,260,994,99,96,98,95,3.7755102040816326,43.25,15,31,83,114,14,3,7897,14746,12763,17503,1149.0,670.0
2022-11-01,Forest Heights Community Centre - Neighbourhood Food Program - House of Friendship,480,1915,176,172,171,167,3.8304093567251463,42.23837209302326,2,66,225,138,45,4,7897,14746,12763,17503,1149.0,670.0
2022-11-01,Glencairn Mennonite Brethren Church,157,515,157,157,157,157,3.2802547770700636,45.21656050955414,0,18,70,53,16,0,7897,14746,12763,17503,1149.0,670.0
2022-11-01,Kingsdale Community Centre - Neighbourhood Food Program - House of Friendship,992,2437,364,360,345,341,2.420289855072464,44.34166666666667,3,155,342,334,154,4,7897,14746,12763,17503,1149.0,670.0
2022-11-01,Kitchener Community Church and Family Care Centre,116,202,69,69,69,69,1.6521739130434783,54.666666666666664,0,2,29,56,29,0,7897,14746,12763,17503,1149.0,670.0
2022-11-01,Langs,40,81,28,18,28,18,2.357142857142857,42.888888888888886,0,3,14,10,3,10,7897,14746,12763,17503,1149.0,670.0
2022-11-01,Our Lady of Lourdes Conference - Society of St. Vincent de Paul,22,89,21,21,20,20,3.95,40.095238095238095,1,4,10,6,1,0,7897,14746,12763,17503,1149.0,670.0
2022-11-01,Paulander Community Centre - Camino Wellness + Mental Health,398,1298,129,118,126,115,3.261904761904762,49.11864406779661,0,14,130,191,52,11,7897,14746,12763,17503,1149.0,670.0
2022-11-01,Ray of Hope,226,538,226,226,225,225,2.3866666666666667,44.491150442477874,0,38,84,89,15,0,7897,14746,12763,17503,1149.0,670.0
2022-11-01,Salvation Army Cambridge,346,896,344,344,343,343,2.597667638483965,48.67151162790697,0,30,119,157,40,0,7897,14746,12763,17503,1149.0,670.0
2022-11-01,Southwood Resource Centre - Kinbridge Community Association,2,9,2,1,2,1,4.5,42.0,0,0,1,0,0,1,7897,14746,12763,17503,1149.0,670.0
2022-11-01,St. Agnes Conference - Society of St. Vincent de Paul,15,27,6,6,6,6,1.6666666666666667,59.5,0,1,0,5,9,0,7897,14746,12763,17503,1149.0,670.0
2022-11-01,St. Aloysius Parish Food Pantry,13,49,13,13,13,13,3.769230769230769,42.0,0,0,9,4,0,0,7897,14746,12763,17503,1149.0,670.0
2022-11-01,St. Andrew's Hespler Presbyterian Church,19,55,19,19,19,19,2.8947368421052633,41.0,1,7,2,8,1,0,7897,14746,12763,17503,1149.0,670.0
2022-11-01,St. Anthony Daniel Conference - Society of St. Vincent de Paul,37,105,29,29,29,29,2.896551724137931,48.724137931034484,0,4,11,18,4,0,7897,14746,12763,17503,1149.0,670.0
2022-11-01,St. Columba Anglican Church,111,340,42,41,41,40,3.097560975609756,40.390243902439025,0,19,51,30,10,1,7897,14746,12763,17503,1149.0,670.0
2022-11-01,St. John's Anglican Church,27,51,27,27,27,27,1.8888888888888888,54.18518518518518,0,0,5,18,4,0,7897,14746,12763,17503,1149.0,670.0
2022-11-01,St. Mary's Conference - Society of St. Vincent de Paul,66,150,63,63,63,63,2.3174603174603177,52.46031746031746,0,4,15,36,11,0,7897,14746,12763,17503,1149.0,670.0
2022-11-01,Stanley Park Community Centre,227,615,85,84,82,81,2.731707317073171,45.416666666666664,1,33,81,88,23,1,7897,14746,12763,17503,1149.0,670.0
2022-11-01,Student Union Food Bank - Wilfrid Laurier University,65,68,65,0,65,0,1.0461538461538462,,0,0,0,0,0,65,7897,14746,12763,17503,1149.0,670.0
2022-11-01,Sunnydale Community Centre - Neighbourhood Food Program - House of Friendship,517,2090,185,176,184,175,3.9619565217391304,43.99431818181818,0,67,200,192,49,9,7897,14746,12763,17503,1149.0,670.0
2022-11-01,Supportive Housing YWCA (Lincoln Road),45,80,22,22,22,22,1.8181818181818181,49.22727272727273,0,4,17,19,5,0,7897,14746,12763,17503,1149.0,670.0
2022-11-01,Supportive Housing of Waterloo (SHOW),54,60,26,26,26,26,1.1153846153846154,53.03846153846154,0,0,11,41,2,0,7897,14746,12763,17503,1149.0,670.0
2022-11-01,THRIVE HIV,51,136,50,15,50,15,2.7,52.86666666666667,0,0,5,9,2,35,7897,14746,12763,17503,1149.0,670.0
2022-11-01,The Food Bank of Waterloo Region - Kitchener,3,3,3,3,3,3,1.0,25.0,0,2,1,0,0,0,7897,14746,12763,17503,1149.0,670.0
2022-11-01,Traverse Independence,25,36,18,16,18,16,1.5,52.625,0,0,7,13,3,2,7897,14746,12763,17503,1149.0,670.0
2022-11-01,University of Waterloo Food Bank,125,125,125,0,125,0,1.0,,0,0,0,0,0,125,7897,14746,12763,17503,1149.0,670.0
2022-11-01,Victoria Hills - House of Friendship,622,2139,238,217,236,215,3.190677966101695,45.285714285714285,8,53,242,249,49,21,7897,14746,12763,17503,1149.0,670.0
2022-11-01,Wellesley Food Cupboard,39,192,22,22,22,22,4.7727272727272725,36.13636363636363,0,14,17,8,0,0,7897,14746,12763,17503,1149.0,670.0
2022-11-01,Wilmot & Wellesley Resource Centre,275,734,112,98,109,95,2.81651376146789,45.765306122448976,1,27,107,106,20,14,7897,14746,12763,17503,1149.0,670.0
2022-11-01,Woolwich Community Services,390,1032,144,141,139,136,2.5251798561151078,49.5177304964539,6,46,122,121,92,3,7897,14746,12763,17503,1149.0,670.0
2022-11-01,oneROOF Youth Services,97,114,51,42,50,41,1.22,22.857142857142858,0,88,0,0,0,9,7897,14746,12763,17503,1149.0,670.0
2022-12-01,Anishnabeg Outreach - Spirit Bundle ,620,2122,620,0,620,0,3.42258064516129,,0,0,0,0,0,620,8001,14889,12772,17557,1200.0,719.0
2022-12-01,Cambridge Food Bank - Cambridge,1448,3425,1419,1417,1405,1403,2.380782918149466,45.74311926605505,5,231,480,587,143,2,8001,14889,12772,17557,1200.0,719.0
2022-12-01,Centreville Chicopee Community Centre - Neighbourhood Food Program - House of Friendship,486,1628,224,218,219,213,3.2511415525114153,44.92660550458716,4,80,145,208,43,6,8001,14889,12772,17557,1200.0,719.0
2022-12-01,Chandler Mowat Community Centre - Neighbourhood Food Program - House of Friendship,899,3076,359,323,351,315,3.336182336182336,42.43653250773994,7,192,332,242,90,36,8001,14889,12772,17557,1200.0,719.0
2022-12-01,Christopher Champlain Resource Centre - Kinbridge Community Association,12,16,6,6,6,6,1.6666666666666667,53.333333333333336,0,0,1,11,0,0,8001,14889,12772,17557,1200.0,719.0
2022-12-01,Courtland Shelley Community Centre - Neighbourhood Food Program - House of Friendship,140,355,58,58,57,57,2.5964912280701755,52.56896551724138,0,21,31,52,36,0,8001,14889,12772,17557,1200.0,719.0
2022-12-01,Emergency Food Hamper Program - House of Friendship,2631,8893,2432,2396,2380,2344,3.3512605042016808,43.43405676126878,6,446,1032,919,192,36,8001,14889,12772,17557,1200.0,719.0
2022-12-01,Emmanuel United Church - Waterloo Wayside ,192,580,115,109,110,104,2.618181818181818,45.31192660550459,4,22,52,80,28,6,8001,14889,12772,17557,1200.0,719.0
2022-12-01,Erb West Community Centre - Camino Wellness + Mental Health,197,718,87,87,84,84,3.607142857142857,43.59770114942529,6,29,66,87,9,0,8001,14889,12772,17557,1200.0,719.0
2022-12-01,Forest Heights Community Centre - Neighbourhood Food Program - House of Friendship,278,1181,140,135,135,130,4.266666666666667,43.34814814814815,0,35,122,90,26,5,8001,14889,12772,17557,1200.0,719.0
2022-12-01,Glencairn Mennonite Brethren Church,114,367,114,114,113,113,3.2389380530973453,46.04385964912281,0,16,44,38,16,0,8001,14889,12772,17557,1200.0,719.0
2022-12-01,Kingsdale Community Centre - Neighbourhood Food Program - House of Friendship,639,1610,333,327,310,304,2.5258064516129033,44.97859327217125,2,103,224,208,96,6,8001,14889,12772,17557,1200.0,719.0
2022-12-01,Kitchener Community Church and Family Care Centre,105,194,70,70,70,70,1.7285714285714286,55.857142857142854,0,4,24,51,26,0,8001,14889,12772,17557,1200.0,719.0
2022-12-01,Langs,33,84,22,16,22,16,2.909090909090909,37.625,0,5,14,4,4,6,8001,14889,12772,17557,1200.0,719.0
2022-12-01,Our Lady of Lourdes Conference - Society of St. Vincent de Paul,25,111,24,24,24,24,4.375,44.166666666666664,0,2,12,11,0,0,8001,14889,12772,17557,1200.0,719.0
2022-12-01,Paulander Community Centre - Camino Wellness + Mental Health,276,888,123,116,121,114,3.2148760330578514,49.293103448275865,0,19,85,125,40,7,8001,14889,12772,17557,1200.0,719.0
2022-12-01,Ray of Hope,183,476,183,183,183,183,2.601092896174863,45.34426229508197,0,28,66,78,11,0,8001,14889,12772,17557,1200.0,719.0
2022-12-01,Salvation Army Cambridge,206,518,206,206,206,206,2.5145631067961167,49.407766990291265,0,17,60,107,22,0,8001,14889,12772,17557,1200.0,719.0
2022-12-01,Southwood Resource Centre - Kinbridge Community Association,17,75,16,14,16,14,4.1875,36.92857142857143,1,2,8,4,0,2,8001,14889,12772,17557,1200.0,719.0
2022-12-01,St. Agnes Conference - Society of St. Vincent de Paul,2,4,2,2,2,2,2.0,66.5,0,0,0,0,2,0,8001,14889,12772,17557,1200.0,719.0
2022-12-01,St. Aloysius Parish Food Pantry,14,43,13,13,13,13,3.1538461538461537,35.30769230769231,0,5,8,1,0,0,8001,14889,12772,17557,1200.0,719.0
2022-12-01,St. Andrew's Hespler Presbyterian Church,25,51,25,25,25,25,2.04,47.44,0,5,5,10,5,0,8001,14889,12772,17557,1200.0,719.0
2022-12-01,St. Anthony Daniel Conference - Society of St. Vincent de Paul,31,103,28,28,28,28,3.1785714285714284,48.464285714285715,0,5,10,12,4,0,8001,14889,12772,17557,1200.0,719.0
2022-12-01,St. Columba Anglican Church,58,183,27,27,27,27,3.3703703703703702,42.629629629629626,0,5,28,21,4,0,8001,14889,12772,17557,1200.0,719.0
2022-12-01,St. John's Anglican Church,16,38,16,16,16,16,2.375,52.0625,0,1,4,8,3,0,8001,14889,12772,17557,1200.0,719.0
2022-12-01,St. Mary's Conference - Society of St. Vincent de Paul,78,184,76,76,75,75,2.3866666666666667,50.671052631578945,0,5,22,39,12,0,8001,14889,12772,17557,1200.0,719.0
2022-12-01,Stanley Park Community Centre,136,379,76,75,76,75,2.8157894736842106,47.72,0,18,43,58,16,1,8001,14889,12772,17557,1200.0,719.0
2022-12-01,Sunnydale Community Centre - Neighbourhood Food Program - House of Friendship,492,2036,199,187,196,184,3.9489795918367347,43.1764705882353,4,56,197,184,39,12,8001,14889,12772,17557,1200.0,719.0
2022-12-01,Supportive Housing YWCA (Lincoln Road),31,60,16,16,16,16,1.8125,48.625,0,1,14,14,2,0,8001,14889,12772,17557,1200.0,719.0
2022-12-01,Supportive Housing of Waterloo (SHOW),46,46,20,20,20,20,1.0,53.4,0,0,16,27,3,0,8001,14889,12772,17557,1200.0,719.0
2022-12-01,Supportive Housing- Y.W.C.A. (Block Line),25,33,25,25,25,25,1.32,45.28,0,1,11,13,0,0,8001,14889,12772,17557,1200.0,719.0
2022-12-01,THRIVE HIV,27,69,27,1,27,1,2.5555555555555554,61.0,0,0,0,1,0,26,8001,14889,12772,17557,1200.0,719.0
2022-12-01,The Food Bank of Waterloo Region - Kitchener,3,10,3,3,3,3,3.3333333333333335,45.666666666666664,0,0,1,2,0,0,8001,14889,12772,17557,1200.0,719.0
2022-12-01,Traverse Independence,11,14,11,11,11,11,1.2727272727272727,45.45454545454545,0,0,6,5,0,0,8001,14889,12772,17557,1200.0,719.0
2022-12-01,University of Waterloo Food Bank,91,91,91,0,91,0,1.0,,0,0,0,0,0,91,8001,14889,12772,17557,1200.0,719.0
2022-12-01,Victoria Hills - House of Friendship,493,1765,230,227,224,221,3.4419642857142856,44.096916299559474,6,57,186,201,40,3,8001,14889,12772,17557,1200.0,719.0
2022-12-01,Wellesley Food Cupboard,23,114,23,23,23,23,4.956521739130435,35.17391304347826,0,7,12,4,0,0,8001,14889,12772,17557,1200.0,719.0
2022-12-01,Wilmot & Wellesley Resource Centre,239,668,111,94,110,93,2.7636363636363637,46.06382978723404,1,22,95,83,21,17,8001,14889,12772,17557,1200.0,719.0
2022-12-01,Woolwich Community Services,293,904,106,105,101,100,2.881188118811881,47.266666666666666,1,39,112,95,45,1,8001,14889,12772,17557,1200.0,719.0
2022-12-01,oneROOF Youth Services,84,97,39,37,38,36,1.263157894736842,22.675675675675677,0,82,0,0,0,2,8001,14889,12772,17557,1200.0,719.0
2023-01-01,Anishnabeg Outreach - Spirit Bundle ,877,2944,877,0,877,0,3.3568985176738884,,0,0,0,0,0,877,8126,15037,12579,17262,1216.0,744.0
2023-01-01,Cambridge Food Bank - Cambridge,1431,3086,1377,1375,1366,1364,2.166910688140556,42.429818181818185,2,367,471,475,114,2,8126,15037,12579,17262,1216.0,744.0
2023-01-01,Centreville Chicopee Community Centre - Neighbourhood Food Program - House of Friendship,480,1560,229,224,225,220,3.3066666666666666,45.388392857142854,3,74,143,212,43,5,8126,15037,12579,17262,1216.0,744.0
2023-01-01,Chandler Mowat Community Centre - Neighbourhood Food Program - House of Friendship,618,2076,289,273,280,264,3.3321428571428573,41.42490842490842,3,139,222,172,66,16,8126,15037,12579,17262,1216.0,744.0
2023-01-01,Christopher Champlain Resource Centre - Kinbridge Community Association,9,13,5,5,5,5,1.8,52.2,0,0,1,8,0,0,8126,15037,12579,17262,1216.0,744.0
2023-01-01,Courtland Shelley Community Centre - Neighbourhood Food Program - House of Friendship,206,536,66,65,65,64,2.6307692307692307,50.44615384615385,0,26,52,78,49,1,8126,15037,12579,17262,1216.0,744.0
2023-01-01,Emergency Food Hamper Program - House of Friendship,2784,8691,2626,2598,2585,2557,3.1168278529980658,42.03926096997691,8,631,1040,893,184,28,8126,15037,12579,17262,1216.0,744.0
2023-01-01,Emmanuel United Church - Waterloo Wayside ,146,420,78,75,75,72,2.5733333333333333,47.17333333333333,5,13,38,66,21,3,8126,15037,12579,17262,1216.0,744.0
2023-01-01,Erb West Community Centre - Camino Wellness + Mental Health,191,696,85,85,84,84,3.5357142857142856,44.741176470588236,6,28,56,92,9,0,8126,15037,12579,17262,1216.0,744.0
2023-01-01,Forest Heights Community Centre - Neighbourhood Food Program - House of Friendship,375,1609,149,142,146,139,4.198630136986301,43.33802816901409,2,43,177,109,37,7,8126,15037,12579,17262,1216.0,744.0
2023-01-01,Glencairn Mennonite Brethren Church,108,356,107,107,107,107,3.308411214953271,44.90654205607477,0,16,44,36,12,0,8126,15037,12579,17262,1216.0,744.0
2023-01-01,Kingsdale Community Centre - Neighbourhood Food Program - House of Friendship,610,1513,329,322,310,303,2.5129032258064514,44.35403726708075,8,94,223,195,83,7,8126,15037,12579,17262,1216.0,744.0
2023-01-01,Kitchener Community Church and Family Care Centre,258,721,204,200,204,200,3.0294117647058822,50.875,0,17,66,111,60,4,8126,15037,12579,17262,1216.0,744.0
2023-01-01,Langs,39,90,28,20,28,20,2.7142857142857144,44.3,0,1,19,8,3,8,8126,15037,12579,17262,1216.0,744.0
2023-01-01,Our Lady of Lourdes Conference - Society of St. Vincent de Paul,25,105,23,23,23,23,4.217391304347826,41.0,0,6,11,7,1,0,8126,15037,12579,17262,1216.0,744.0
2023-01-01,Paulander Community Centre - Camino Wellness + Mental Health,381,1249,130,120,128,118,3.328125,50.175,0,19,118,183,51,10,8126,15037,12579,17262,1216.0,744.0
2023-01-01,Ray of Hope,232,546,231,231,231,231,2.341991341991342,44.96103896103896,1,36,85,96,14,0,8126,15037,12579,17262,1216.0,744.0
2023-01-01,Salvation Army Cambridge,291,759,290,290,288,288,2.5972222222222223,48.99310344827586,0,22,100,135,34,0,8126,15037,12579,17262,1216.0,744.0
2023-01-01,Southwood Resource Centre - Kinbridge Community Association,12,51,12,10,11,9,4.454545454545454,41.0,0,1,5,4,0,2,8126,15037,12579,17262,1216.0,744.0
2023-01-01,St. Aloysius Parish Food Pantry,11,36,11,11,11,11,3.272727272727273,41.0,0,2,5,4,0,0,8126,15037,12579,17262,1216.0,744.0
2023-01-01,St. Andrew's Hespler Presbyterian Church,27,54,27,27,27,27,2.0,46.111111111111114,0,7,5,11,4,0,8126,15037,12579,17262,1216.0,744.0
2023-01-01,St. Anthony Daniel Conference - Society of St. Vincent de Paul,42,119,35,35,34,34,2.7058823529411766,46.94285714285714,0,6,13,19,4,0,8126,15037,12579,17262,1216.0,744.0
2023-01-01,St. Columba Anglican Church,115,369,47,46,46,45,3.130434782608696,40.58695652173913,0,24,51,31,8,1,8126,15037,12579,17262,1216.0,744.0
2023-01-01,St. John's Anglican Church,30,64,30,30,30,30,2.1333333333333333,47.86666666666667,0,4,8,16,2,0,8126,15037,12579,17262,1216.0,744.0
2023-01-01,St. Mary's Conference - Society of St. Vincent de Paul,62,146,58,58,57,57,2.456140350877193,52.51724137931034,0,3,13,35,11,0,8126,15037,12579,17262,1216.0,744.0
2023-01-01,Stanley Park Community Centre,174,531,77,74,71,68,3.084507042253521,45.108108108108105,0,26,70,63,12,3,8126,15037,12579,17262,1216.0,744.0
2023-01-01,Sunnydale Community Centre - Neighbourhood Food Program - House of Friendship,346,1305,166,160,164,158,3.7560975609756095,43.55625,2,38,146,123,31,6,8126,15037,12579,17262,1216.0,744.0
2023-01-01,Supportive Housing YWCA (Lincoln Road),35,76,21,21,21,21,1.9047619047619047,43.42857142857143,0,4,20,10,1,0,8126,15037,12579,17262,1216.0,744.0
2023-01-01,Supportive Housing of Waterloo (SHOW),57,66,21,21,21,21,1.1428571428571428,52.61904761904762,0,0,17,39,1,0,8126,15037,12579,17262,1216.0,744.0
2023-01-01,Supportive Housing- Y.W.C.A. (Block Line),59,78,34,34,34,34,1.2941176470588236,45.55882352941177,0,2,26,31,0,0,8126,15037,12579,17262,1216.0,744.0
2023-01-01,THRIVE HIV,61,142,60,2,60,2,2.3333333333333335,52.5,0,0,1,0,2,58,8126,15037,12579,17262,1216.0,744.0
2023-01-01,The Food Bank of Waterloo Region - Kitchener,5,13,5,5,5,5,2.6,26.6,0,4,1,0,0,0,8126,15037,12579,17262,1216.0,744.0
2023-01-01,Traverse Independence,11,11,9,7,9,7,1.0,53.57142857142857,0,0,1,7,1,2,8126,15037,12579,17262,1216.0,744.0
2023-01-01,University of Waterloo Food Bank,195,195,195,0,195,0,1.0,,0,0,0,0,0,195,8126,15037,12579,17262,1216.0,744.0
2023-01-01,Victoria Hills - House of Friendship,694,2336,246,236,242,232,3.1942148760330578,44.30084745762712,8,102,250,265,59,10,8126,15037,12579,17262,1216.0,744.0
2023-01-01,Wellesley Food Cupboard,47,235,24,24,24,24,4.791666666666667,37.125,0,8,28,11,0,0,8126,15037,12579,17262,1216.0,744.0
2023-01-01,Wilmot & Wellesley Resource Centre,258,735,108,92,106,90,2.7830188679245285,44.56521739130435,0,39,95,87,21,16,8126,15037,12579,17262,1216.0,744.0
2023-01-01,Woolwich Community Services,414,1177,153,147,149,143,2.7114093959731544,47.27210884353742,2,51,159,119,77,6,8126,15037,12579,17262,1216.0,744.0
2023-01-01,oneROOF Youth Services,81,93,37,37,36,36,1.1944444444444444,22.72972972972973,0,81,0,0,0,0,8126,15037,12579,17262,1216.0,744.0
2023-02-01,All Saints' Anglican Church,9,32,6,6,6,6,3.1666666666666665,38.166666666666664,0,2,6,1,0,0,8133,15026,12738,17511,1173.0,756.0
2023-02-01,Anishnabeg Outreach - Spirit Bundle ,693,2347,693,0,693,0,3.386724386724387,,0,0,0,0,0,693,8133,15026,12738,17511,1173.0,756.0
2023-02-01,Cambridge Food Bank - Cambridge,1255,2863,1204,1202,1190,1188,2.3176470588235296,44.54159733777038,2,231,434,476,110,2,8133,15026,12738,17511,1173.0,756.0
2023-02-01,Centreville Chicopee Community Centre - Neighbourhood Food Program - House of Friendship,724,2407,271,243,265,237,3.3433962264150945,45.47325102880659,4,102,213,312,65,28,8133,15026,12738,17511,1173.0,756.0
2023-02-01,Chandler Mowat Community Centre - Neighbourhood Food Program - House of Friendship,868,2879,337,319,325,307,3.246153846153846,41.8871473354232,2,194,324,245,85,18,8133,15026,12738,17511,1173.0,756.0
2023-02-01,Christopher Champlain Resource Centre - Kinbridge Community Association,12,27,8,7,8,7,2.875,49.42857142857143,0,0,2,9,0,1,8133,15026,12738,17511,1173.0,756.0
2023-02-01,Courtland Shelley Community Centre - Neighbourhood Food Program - House of Friendship,180,480,65,65,63,63,2.7142857142857144,51.246153846153845,0,19,46,68,47,0,8133,15026,12738,17511,1173.0,756.0
2023-02-01,Emergency Food Hamper Program - House of Friendship,2780,8725,2658,2630,2610,2582,3.1413793103448278,41.64942965779468,4,686,1007,873,182,28,8133,15026,12738,17511,1173.0,756.0
2023-02-01,Emmanuel United Church - Waterloo Wayside ,161,412,93,91,92,90,2.4239130434782608,46.967032967032964,2,14,38,85,20,2,8133,15026,12738,17511,1173.0,756.0
2023-02-01,Erb West Community Centre - Camino Wellness + Mental Health,243,907,97,96,97,96,3.7628865979381443,41.15625,4,56,65,107,10,1,8133,15026,12738,17511,1173.0,756.0
2023-02-01,Forest Heights Community Centre - Neighbourhood Food Program - House of Friendship,401,1626,156,148,154,146,4.064935064935065,43.25,2,39,192,122,38,8,8133,15026,12738,17511,1173.0,756.0
2023-02-01,Glencairn Mennonite Brethren Church,122,417,122,122,120,120,3.45,43.959016393442624,0,20,52,40,10,0,8133,15026,12738,17511,1173.0,756.0
2023-02-01,Kingsdale Community Centre - Neighbourhood Food Program - House of Friendship,870,2300,382,373,367,358,2.5640326975476837,44.37801608579088,3,140,299,280,139,9,8133,15026,12738,17511,1173.0,756.0
2023-02-01,Kitchener Community Church and Family Care Centre,295,843,255,254,253,252,2.9960474308300395,48.881889763779526,1,33,81,125,54,1,8133,15026,12738,17511,1173.0,756.0
2023-02-01,Langs,41,97,27,18,27,18,2.7037037037037037,43.5,0,3,21,5,3,9,8133,15026,12738,17511,1173.0,756.0
2023-02-01,Our Lady of Lourdes Conference - Society of St. Vincent de Paul,26,100,24,24,23,23,4.0,37.333333333333336,0,11,9,6,0,0,8133,15026,12738,17511,1173.0,756.0
2023-02-01,Paulander Community Centre - Camino Wellness + Mental Health,274,891,116,110,115,109,3.243478260869565,51.04545454545455,0,17,81,135,35,6,8133,15026,12738,17511,1173.0,756.0
2023-02-01,Ray of Hope,234,583,234,234,230,230,2.491304347826087,44.5940170940171,0,38,83,99,14,0,8133,15026,12738,17511,1173.0,756.0
2023-02-01,Salvation Army Cambridge,310,796,310,309,306,305,2.581699346405229,48.236245954692556,0,33,98,145,33,1,8133,15026,12738,17511,1173.0,756.0
2023-02-01,Southwood Resource Centre - Kinbridge Community Association,14,56,14,10,13,9,4.153846153846154,41.2,0,1,5,4,0,4,8133,15026,12738,17511,1173.0,756.0
2023-02-01,St. Agnes Conference - Society of St. Vincent de Paul,3,5,3,3,3,3,1.6666666666666667,56.666666666666664,0,0,0,2,1,0,8133,15026,12738,17511,1173.0,756.0
2023-02-01,St. Aloysius Parish Food Pantry,8,22,8,8,8,8,2.75,42.5,0,1,2,5,0,0,8133,15026,12738,17511,1173.0,756.0
2023-02-01,St. Andrew's Hespler Presbyterian Church,35,64,35,35,35,35,1.8285714285714285,41.74285714285714,0,13,7,10,5,0,8133,15026,12738,17511,1173.0,756.0
2023-02-01,St. Anthony Daniel Conference - Society of St. Vincent de Paul,28,91,27,27,27,27,3.3333333333333335,45.22222222222222,0,4,12,10,2,0,8133,15026,12738,17511,1173.0,756.0
2023-02-01,St. Columba Anglican Church,119,351,53,52,52,51,3.0,38.23076923076923,0,38,49,28,3,1,8133,15026,12738,17511,1173.0,756.0
2023-02-01,St. John's Anglican Church,33,71,32,32,28,28,2.1785714285714284,45.5625,0,10,6,12,5,0,8133,15026,12738,17511,1173.0,756.0
2023-02-01,St. Mary's Conference - Society of St. Vincent de Paul,66,153,64,64,63,63,2.365079365079365,53.703125,0,5,11,39,11,0,8133,15026,12738,17511,1173.0,756.0
2023-02-01,Stanley Park Community Centre,210,643,106,98,104,96,2.923076923076923,44.46938775510204,0,30,88,69,15,8,8133,15026,12738,17511,1173.0,756.0
2023-02-01,Sunnydale Community Centre - Neighbourhood Food Program - House of Friendship,492,1814,196,184,192,180,3.6458333333333335,43.34239130434783,7,53,202,173,45,12,8133,15026,12738,17511,1173.0,756.0
2023-02-01,Supportive Housing YWCA (Lincoln Road),49,95,24,24,24,24,1.75,48.125,0,4,23,21,1,0,8133,15026,12738,17511,1173.0,756.0
2023-02-01,Supportive Housing of Waterloo (SHOW),40,46,20,20,20,20,1.15,50.5,0,0,13,26,1,0,8133,15026,12738,17511,1173.0,756.0
2023-02-01,Supportive Housing- Y.W.C.A. (Block Line),40,49,31,31,30,30,1.2333333333333334,46.096774193548384,0,2,17,21,0,0,8133,15026,12738,17511,1173.0,756.0
2023-02-01,THRIVE HIV,71,208,71,1,71,1,2.9295774647887325,60.0,0,0,0,1,0,70,8133,15026,12738,17511,1173.0,756.0
2023-02-01,The Food Bank of Waterloo Region - Kitchener,4,8,4,3,4,3,2.0,32.333333333333336,0,1,2,0,0,1,8133,15026,12738,17511,1173.0,756.0
2023-02-01,Traverse Independence,10,18,10,7,10,7,1.8,50.42857142857143,0,1,1,5,0,3,8133,15026,12738,17511,1173.0,756.0
2023-02-01,University of Waterloo Food Bank,149,149,149,0,149,0,1.0,,0,0,0,0,0,149,8133,15026,12738,17511,1173.0,756.0
2023-02-01,Victoria Hills - House of Friendship,542,1838,239,228,237,226,3.2236286919831225,44.34649122807018,5,78,204,192,52,11,8133,15026,12738,17511,1173.0,756.0
2023-02-01,Wellesley Food Cupboard,47,214,27,27,27,27,4.814814814814815,35.888888888888886,0,14,25,8,0,0,8133,15026,12738,17511,1173.0,756.0
2023-02-01,Wilmot & Wellesley Resource Centre,238,699,110,97,109,96,2.908256880733945,46.18556701030928,0,24,93,84,24,13,8133,15026,12738,17511,1173.0,756.0
2023-02-01,Woolwich Community Services,404,1135,146,139,141,134,2.7163120567375887,48.69064748201439,0,39,150,127,81,7,8133,15026,12738,17511,1173.0,756.0
2023-02-01,oneROOF Youth Services,61,64,35,35,35,35,1.0857142857142856,23.2,1,59,0,1,0,0,8133,15026,12738,17511,1173.0,756.0
2023-03-01,All Saints' Anglican Church,10,23,9,8,9,8,2.2222222222222223,37.125,0,2,6,1,0,1,8288,15286,12763,17517,1256.0,825.0
2023-03-01,Anishnabeg Outreach - Spirit Bundle ,773,2625,773,0,773,0,3.3958602846054333,,0,0,0,0,0,773,8288,15286,12763,17517,1256.0,825.0
2023-03-01,Cambridge Food Bank - Cambridge,1564,3476,1508,1504,1493,1489,2.2498325519089084,43.58178191489362,1,349,507,566,137,4,8288,15286,12763,17517,1256.0,825.0
2023-03-01,Centreville Chicopee Community Centre - Neighbourhood Food Program - House of Friendship,868,2931,286,262,281,257,3.188612099644128,44.01908396946565,8,123,256,374,83,24,8288,15286,12763,17517,1256.0,825.0
2023-03-01,Chandler Mowat Community Centre - Neighbourhood Food Program - House of Friendship,1089,3737,329,314,321,306,3.3021806853582554,42.044585987261144,4,197,433,333,107,15,8288,15286,12763,17517,1256.0,825.0
2023-03-01,Christopher Champlain Resource Centre - Kinbridge Community Association,9,18,5,5,5,5,2.0,53.6,0,0,0,9,0,0,8288,15286,12763,17517,1256.0,825.0
2023-03-01,Courtland Shelley Community Centre - Neighbourhood Food Program - House of Friendship,206,554,68,68,67,67,2.5223880597014925,49.705882352941174,0,21,58,72,55,0,8288,15286,12763,17517,1256.0,825.0
2023-03-01,Emergency Food Hamper Program - House of Friendship,3081,9492,2903,2864,2858,2819,3.0787263820853745,41.61522346368715,11,725,1148,954,204,39,8288,15286,12763,17517,1256.0,825.0
2023-03-01,Emmanuel United Church - Waterloo Wayside ,220,664,115,112,107,104,2.691588785046729,45.875,1,33,46,111,26,3,8288,15286,12763,17517,1256.0,825.0
2023-03-01,Erb West Community Centre - Camino Wellness + Mental Health,199,728,94,94,93,93,3.6129032258064515,43.04255319148936,0,40,51,98,10,0,8288,15286,12763,17517,1256.0,825.0
2023-03-01,Forest Heights Community Centre - Neighbourhood Food Program - House of Friendship,421,1600,164,154,159,149,3.641509433962264,43.5974025974026,1,53,181,134,42,10,8288,15286,12763,17517,1256.0,825.0
2023-03-01,Glencairn Mennonite Brethren Church,138,444,138,138,137,137,3.2116788321167884,43.21739130434783,0,29,55,41,13,0,8288,15286,12763,17517,1256.0,825.0
2023-03-01,Kingsdale Community Centre - Neighbourhood Food Program - House of Friendship,1179,2914,452,438,432,418,2.321759259259259,42.333333333333336,2,279,373,343,168,14,8288,15286,12763,17517,1256.0,825.0
2023-03-01,Kitchener Community Church and Family Care Centre,425,1212,350,349,348,347,2.9885057471264367,46.96561604584527,1,53,144,164,62,1,8288,15286,12763,17517,1256.0,825.0
2023-03-01,Langs,51,123,41,20,41,20,2.4878048780487805,43.95,0,2,18,8,2,21,8288,15286,12763,17517,1256.0,825.0
2023-03-01,Our Lady of Lourdes Conference - Society of St. Vincent de Paul,36,110,36,36,35,35,3.1142857142857143,40.77777777777778,0,13,10,10,3,0,8288,15286,12763,17517,1256.0,825.0
2023-03-01,Paulander Community Centre - Camino Wellness + Mental Health,354,1128,124,113,123,112,3.186991869918699,49.283185840707965,0,24,101,171,47,11,8288,15286,12763,17517,1256.0,825.0
2023-03-01,Ray of Hope,272,631,267,267,267,267,2.3408239700374533,45.41573033707865,0,47,95,108,22,0,8288,15286,12763,17517,1256.0,825.0
2023-03-01,Salvation Army Cambridge,359,913,359,359,356,356,2.553370786516854,48.590529247910865,0,32,116,171,40,0,8288,15286,12763,17517,1256.0,825.0
2023-03-01,Southwood Resource Centre - Kinbridge Community Association,20,76,20,14,19,13,3.8947368421052633,40.0,0,2,7,5,0,6,8288,15286,12763,17517,1256.0,825.0
2023-03-01,St. Agnes Conference - Society of St. Vincent de Paul,5,8,5,5,5,5,1.6,58.0,0,1,0,2,2,0,8288,15286,12763,17517,1256.0,825.0
2023-03-01,St. Aloysius Parish Food Pantry,6,29,6,6,6,6,4.833333333333333,42.666666666666664,0,1,3,2,0,0,8288,15286,12763,17517,1256.0,825.0
2023-03-01,St. Andrew's Hespler Presbyterian Church,23,46,23,23,23,23,2.0,38.608695652173914,0,10,8,2,3,0,8288,15286,12763,17517,1256.0,825.0
2023-03-01,St. Anthony Daniel Conference - Society of St. Vincent de Paul,17,48,16,16,16,16,2.6875,49.125,0,1,7,6,3,0,8288,15286,12763,17517,1256.0,825.0
2023-03-01,St. Columba Anglican Church,106,376,45,45,45,45,3.422222222222222,40.48888888888889,0,20,44,41,1,0,8288,15286,12763,17517,1256.0,825.0
2023-03-01,St. John's Anglican Church,45,82,45,45,44,44,1.8181818181818181,42.62222222222222,0,18,8,12,7,0,8288,15286,12763,17517,1256.0,825.0
2023-03-01,St. Mary's Conference - Society of St. Vincent de Paul,68,148,64,64,64,64,2.21875,52.703125,1,5,15,32,15,0,8288,15286,12763,17517,1256.0,825.0
2023-03-01,Stanley Park Community Centre,272,791,118,111,111,104,2.72972972972973,44.252252252252255,1,45,109,90,20,7,8288,15286,12763,17517,1256.0,825.0
2023-03-01,Sunnydale Community Centre - Neighbourhood Food Program - House of Friendship,658,2410,219,202,216,199,3.625,43.554455445544555,8,78,246,242,67,17,8288,15286,12763,17517,1256.0,825.0
2023-03-01,Supportive Housing YWCA (Lincoln Road),19,37,19,19,19,19,1.9473684210526316,46.26315789473684,0,2,7,9,1,0,8288,15286,12763,17517,1256.0,825.0
2023-03-01,Supportive Housing of Waterloo (SHOW),51,63,24,24,24,24,1.125,52.916666666666664,0,0,18,32,1,0,8288,15286,12763,17517,1256.0,825.0
2023-03-01,Supportive Housing- Y.W.C.A. (Block Line),28,37,28,28,28,28,1.3214285714285714,45.964285714285715,0,1,12,15,0,0,8288,15286,12763,17517,1256.0,825.0
2023-03-01,THRIVE HIV,114,299,113,3,112,2,2.5892857142857144,44.0,1,0,0,1,2,110,8288,15286,12763,17517,1256.0,825.0
2023-03-01,The Food Bank of Waterloo Region - Kitchener,6,15,6,4,6,4,2.5,28.0,1,1,2,0,0,2,8288,15286,12763,17517,1256.0,825.0
2023-03-01,Traverse Independence,25,25,25,13,25,13,1.0,51.23076923076923,0,0,6,5,2,12,8288,15286,12763,17517,1256.0,825.0
2023-03-01,University of Waterloo Food Bank,136,136,136,0,136,0,1.0,,0,0,0,0,0,136,8288,15286,12763,17517,1256.0,825.0
2023-03-01,Victoria Hills - House of Friendship,722,2466,267,257,263,253,3.2243346007604563,44.50194552529183,4,105,265,259,79,10,8288,15286,12763,17517,1256.0,825.0
2023-03-01,Wellesley Food Cupboard,62,262,28,28,27,27,4.62962962962963,35.75,0,19,32,11,0,0,8288,15286,12763,17517,1256.0,825.0
2023-03-01,Wilmot & Wellesley Resource Centre,299,837,117,106,114,103,2.7280701754385963,46.29245283018868,0,33,108,119,28,11,8288,15286,12763,17517,1256.0,825.0
2023-03-01,Woolwich Community Services,507,1476,169,160,159,150,2.6163522012578615,48.4125,2,70,192,138,96,9,8288,15286,12763,17517,1256.0,825.0
2023-03-01,oneROOF Youth Services,99,141,42,42,42,42,1.2857142857142858,22.261904761904763,1,98,0,0,0,0,8288,15286,12763,17517,1256.0,825.0
2023-04-01,All Saints' Anglican Church,22,62,15,15,15,15,3.0,36.46666666666667,1,7,12,2,0,0,8285,15275,12681,17378,1245.0,830.0
2023-04-01,Anishnabeg Outreach - Spirit Bundle ,639,2167,639,0,639,0,3.3912363067292643,,0,0,0,0,0,639,8285,15275,12681,17378,1245.0,830.0
2023-04-01,Cambridge Food Bank - Cambridge,1485,3249,1431,1429,1420,1418,2.2140845070422537,43.34919524142757,3,333,485,544,118,2,8285,15275,12681,17378,1245.0,830.0
2023-04-01,Centreville Chicopee Community Centre - Neighbourhood Food Program - House of Friendship,741,2502,282,254,275,247,3.2145454545454544,45.173228346456696,1,110,225,306,71,28,8285,15275,12681,17378,1245.0,830.0
2023-04-01,Chandler Mowat Community Centre - Neighbourhood Food Program - House of Friendship,923,3240,339,326,334,321,3.3263473053892216,42.99693251533742,1,171,364,283,91,13,8285,15275,12681,17378,1245.0,830.0
2023-04-01,Christopher Champlain Resource Centre - Kinbridge Community Association,9,31,8,7,8,7,3.625,45.857142857142854,0,1,2,5,0,1,8285,15275,12681,17378,1245.0,830.0
2023-04-01,Courtland Shelley Community Centre - Neighbourhood Food Program - House of Friendship,245,598,86,86,83,83,2.4578313253012047,46.72093023255814,0,49,55,86,55,0,8285,15275,12681,17378,1245.0,830.0
2023-04-01,Emergency Food Hamper Program - House of Friendship,2634,8208,2525,2515,2490,2480,3.1160642570281123,42.4882703777336,7,590,970,857,200,10,8285,15275,12681,17378,1245.0,830.0
2023-04-01,Emmanuel United Church - Waterloo Wayside ,182,506,106,99,103,96,2.436893203883495,47.75757575757576,3,18,48,84,22,7,8285,15275,12681,17378,1245.0,830.0
2023-04-01,Erb West Community Centre - Camino Wellness + Mental Health,260,957,97,97,96,96,3.78125,41.78350515463917,2,60,67,118,13,0,8285,15275,12681,17378,1245.0,830.0
2023-04-01,Forest Heights Community Centre - Neighbourhood Food Program - House of Friendship,456,1791,174,164,170,160,3.9235294117647057,44.079268292682926,1,56,191,145,53,10,8285,15275,12681,17378,1245.0,830.0
2023-04-01,Glencairn Mennonite Brethren Church,117,343,117,117,116,116,2.9224137931034484,45.452991452991455,0,22,42,39,14,0,8285,15275,12681,17378,1245.0,830.0
2023-04-01,Kingsdale Community Centre - Neighbourhood Food Program - House of Friendship,963,2472,416,400,398,382,2.5376884422110555,42.7575,2,205,334,285,121,16,8285,15275,12681,17378,1245.0,830.0
2023-04-01,Kitchener Community Church and Family Care Centre,318,955,284,284,283,283,3.1236749116607774,45.514084507042256,1,46,112,120,39,0,8285,15275,12681,17378,1245.0,830.0
2023-04-01,Langs,45,101,39,22,39,22,2.1538461538461537,44.22727272727273,0,3,14,6,5,17,8285,15275,12681,17378,1245.0,830.0
2023-04-01,Our Lady of Lourdes Conference - Society of St. Vincent de Paul,21,66,21,21,21,21,3.142857142857143,42.857142857142854,0,6,5,8,2,0,8285,15275,12681,17378,1245.0,830.0
2023-04-01,Paulander Community Centre - Camino Wellness + Mental Health,292,940,129,122,127,120,3.204724409448819,49.721311475409834,0,24,81,147,33,7,8285,15275,12681,17378,1245.0,830.0
2023-04-01,Ray of Hope,238,565,238,238,238,238,2.3739495798319328,45.92016806722689,1,30,88,100,19,0,8285,15275,12681,17378,1245.0,830.0
2023-04-01,Salvation Army Cambridge,304,780,304,304,304,304,2.5657894736842106,49.23684210526316,1,25,99,145,34,0,8285,15275,12681,17378,1245.0,830.0
2023-04-01,Southwood Resource Centre - Kinbridge Community Association,8,36,7,6,7,6,4.857142857142857,44.333333333333336,0,0,3,4,0,1,8285,15275,12681,17378,1245.0,830.0
2023-04-01,St. Agnes Conference - Society of St. Vincent de Paul,4,6,4,4,4,4,1.5,71.0,0,0,0,1,3,0,8285,15275,12681,17378,1245.0,830.0
2023-04-01,St. Aloysius Parish Food Pantry,13,38,13,13,13,13,2.923076923076923,44.23076923076923,0,1,7,4,1,0,8285,15275,12681,17378,1245.0,830.0
2023-04-01,St. Andrew's Hespler Presbyterian Church,42,77,42,42,42,42,1.8333333333333333,42.976190476190474,0,15,7,13,7,0,8285,15275,12681,17378,1245.0,830.0
2023-04-01,St. Anthony Daniel Conference - Society of St. Vincent de Paul,42,142,34,34,34,34,2.9705882352941178,45.23529411764706,0,4,20,15,3,0,8285,15275,12681,17378,1245.0,830.0
2023-04-01,St. Columba Anglican Church,104,374,47,47,47,47,3.4468085106382977,42.93617021276596,0,12,50,38,4,0,8285,15275,12681,17378,1245.0,830.0
2023-04-01,St. John's Anglican Church,33,68,33,33,33,33,2.0606060606060606,47.72727272727273,0,7,8,12,6,0,8285,15275,12681,17378,1245.0,830.0
2023-04-01,St. Mary's Conference - Society of St. Vincent de Paul,79,179,76,76,76,76,2.289473684210526,52.23684210526316,0,6,16,41,16,0,8285,15275,12681,17378,1245.0,830.0
2023-04-01,Stanley Park Community Centre,224,669,113,113,108,108,2.9166666666666665,43.557522123893804,1,38,95,73,17,0,8285,15275,12681,17378,1245.0,830.0
2023-04-01,Sunnydale Community Centre - Neighbourhood Food Program - House of Friendship,548,2116,194,176,190,172,3.6736842105263157,44.95454545454545,1,46,221,206,56,18,8285,15275,12681,17378,1245.0,830.0
2023-04-01,Supportive Housing YWCA (Lincoln Road),8,11,7,7,7,7,1.4285714285714286,43.0,0,2,2,4,0,0,8285,15275,12681,17378,1245.0,830.0
2023-04-01,Supportive Housing of Waterloo (SHOW),53,56,24,24,24,24,1.125,53.083333333333336,0,0,14,37,2,0,8285,15275,12681,17378,1245.0,830.0
2023-04-01,Supportive Housing- Y.W.C.A. (Block Line),37,43,26,26,26,26,1.1923076923076923,44.80769230769231,0,0,17,20,0,0,8285,15275,12681,17378,1245.0,830.0
2023-04-01,THRIVE HIV,138,299,138,3,138,3,2.1666666666666665,70.33333333333333,0,0,1,0,2,135,8285,15275,12681,17378,1245.0,830.0
2023-04-01,The Food Bank of Waterloo Region - Kitchener,5,17,5,4,5,4,3.4,32.75,0,0,4,0,0,1,8285,15275,12681,17378,1245.0,830.0
2023-04-01,Traverse Independence,23,27,23,17,23,17,1.173913043478261,49.88235294117647,0,1,6,8,2,6,8285,15275,12681,17378,1245.0,830.0
2023-04-01,University of Waterloo Food Bank,75,75,75,0,75,0,1.0,,0,0,0,0,0,75,8285,15275,12681,17378,1245.0,830.0
2023-04-01,Victoria Hills - House of Friendship,666,2282,242,232,233,223,3.3090128755364807,44.86206896551724,5,86,251,252,62,10,8285,15275,12681,17378,1245.0,830.0
2023-04-01,Wellesley Food Cupboard,55,224,27,27,26,26,4.3076923076923075,36.148148148148145,0,17,26,12,0,0,8285,15275,12681,17378,1245.0,830.0
2023-04-01,Wilmot & Wellesley Resource Centre,234,670,99,88,97,86,2.8350515463917527,47.53409090909091,0,17,85,101,20,11,8285,15275,12681,17378,1245.0,830.0
2023-04-01,Woolwich Community Services,361,1042,144,137,137,130,2.7664233576642334,47.54744525547445,1,53,133,88,79,7,8285,15275,12681,17378,1245.0,830.0
2023-04-01,oneROOF Youth Services,70,81,35,35,36,36,1.1944444444444444,22.914285714285715,0,70,0,0,0,0,8285,15275,12681,17378,1245.0,830.0
2023-05-01,All Saints' Anglican Church,57,183,32,27,29,24,2.689655172413793,37.55555555555556,0,11,32,9,0,5,8374,15299,12843,17632,1276.0,835.0
2023-05-01,Anishnabeg Outreach - Spirit Bundle ,557,1933,557,0,557,0,3.4703770197486534,,0,0,0,0,0,557,8374,15299,12843,17632,1276.0,835.0
2023-05-01,Cambridge Food Bank - Cambridge,1682,3659,1629,1629,1614,1614,2.180297397769517,42.729895641497855,4,439,527,578,134,0,8374,15299,12843,17632,1276.0,835.0
2023-05-01,Centreville Chicopee Community Centre - Neighbourhood Food Program - House of Friendship,892,3109,290,269,285,264,3.2245614035087717,45.21189591078067,0,113,294,389,75,21,8374,15299,12843,17632,1276.0,835.0
2023-05-01,Chandler Mowat Community Centre - Neighbourhood Food Program - House of Friendship,947,3290,328,319,324,315,3.3209876543209877,43.38871473354232,0,162,397,287,92,9,8374,15299,12843,17632,1276.0,835.0
2023-05-01,Christopher Champlain Resource Centre - Kinbridge Community Association,18,49,12,11,12,11,3.25,46.90909090909091,0,1,4,11,1,1,8374,15299,12843,17632,1276.0,835.0
2023-05-01,Courtland Shelley Community Centre - Neighbourhood Food Program - House of Friendship,318,840,101,101,98,98,2.5,44.336633663366335,1,54,76,117,70,0,8374,15299,12843,17632,1276.0,835.0
2023-05-01,Emergency Food Hamper Program - House of Friendship,3308,9823,3126,3095,3084,3053,2.9750324254215306,41.267528271405496,6,865,1204,975,227,31,8374,15299,12843,17632,1276.0,835.0
2023-05-01,Emmanuel United Church - Waterloo Wayside ,181,465,108,105,106,103,2.547169811320755,46.25714285714286,2,36,37,74,29,3,8374,15299,12843,17632,1276.0,835.0
2023-05-01,Erb West Community Centre - Camino Wellness + Mental Health,246,941,103,103,102,102,3.696078431372549,42.37864077669903,4,47,62,116,17,0,8374,15299,12843,17632,1276.0,835.0
2023-05-01,Forest Heights Community Centre - Neighbourhood Food Program - House of Friendship,645,2624,185,184,181,180,4.016574585635359,43.59239130434783,1,97,274,202,70,1,8374,15299,12843,17632,1276.0,835.0
2023-05-01,Glencairn Mennonite Brethren Church,138,444,138,138,138,138,3.217391304347826,43.231884057971016,1,28,50,47,12,0,8374,15299,12843,17632,1276.0,835.0
2023-05-01,Kingdom Community International ,9,25,8,8,8,8,3.0,46.25,0,2,3,3,1,0,8374,15299,12843,17632,1276.0,835.0
2023-05-01,Kingsdale Community Centre - Neighbourhood Food Program - House of Friendship,1214,3147,474,464,450,440,2.351111111111111,41.92672413793103,10,227,448,366,153,10,8374,15299,12843,17632,1276.0,835.0
2023-05-01,Kitchener Community Church and Family Care Centre,354,1026,314,314,313,313,3.0543130990415337,45.595541401273884,1,47,122,144,40,0,8374,15299,12843,17632,1276.0,835.0
2023-05-01,Langs,46,89,33,15,32,14,2.03125,42.86666666666667,0,0,20,5,3,18,8374,15299,12843,17632,1276.0,835.0
2023-05-01,Our Lady of Lourdes Conference - Society of St. Vincent de Paul,31,96,29,29,28,28,3.142857142857143,47.241379310344826,0,7,5,15,4,0,8374,15299,12843,17632,1276.0,835.0
2023-05-01,Paulander Community Centre - Camino Wellness + Mental Health,375,1219,134,123,130,119,3.2384615384615385,49.983739837398375,0,17,119,183,45,11,8374,15299,12843,17632,1276.0,835.0
2023-05-01,Ray of Hope,280,641,278,278,277,277,2.2743682310469313,44.669064748201436,2,45,95,123,15,0,8374,15299,12843,17632,1276.0,835.0
2023-05-01,Salvation Army Cambridge,340,867,338,338,335,335,2.5701492537313433,48.68343195266272,0,32,113,157,38,0,8374,15299,12843,17632,1276.0,835.0
2023-05-01,Southwood Resource Centre - Kinbridge Community Association,14,28,13,5,13,5,2.076923076923077,30.4,2,1,2,1,0,8,8374,15299,12843,17632,1276.0,835.0
2023-05-01,St. Agnes Conference - Society of St. Vincent de Paul,7,12,7,7,7,7,1.7142857142857142,61.57142857142857,0,1,0,2,4,0,8374,15299,12843,17632,1276.0,835.0
2023-05-01,St. Aloysius Parish Food Pantry,9,19,9,9,9,9,2.111111111111111,34.44444444444444,0,5,1,3,0,0,8374,15299,12843,17632,1276.0,835.0
2023-05-01,St. Andrew's Hespler Presbyterian Church,45,102,45,45,45,45,2.2666666666666666,43.044444444444444,0,12,13,15,5,0,8374,15299,12843,17632,1276.0,835.0
2023-05-01,St. Anthony Daniel Conference - Society of St. Vincent de Paul,64,172,55,55,54,54,2.6481481481481484,46.36363636363637,0,12,24,20,8,0,8374,15299,12843,17632,1276.0,835.0
2023-05-01,St. Columba Anglican Church,182,678,68,68,68,68,3.6176470588235294,42.13235294117647,0,24,84,68,6,0,8374,15299,12843,17632,1276.0,835.0
2023-05-01,St. John's Anglican Church,43,72,43,43,43,43,1.6744186046511629,41.76744186046512,0,20,4,14,5,0,8374,15299,12843,17632,1276.0,835.0
2023-05-01,St. Mary's Conference - Society of St. Vincent de Paul,61,139,59,59,59,59,2.2542372881355934,51.74576271186441,0,4,13,34,10,0,8374,15299,12843,17632,1276.0,835.0
2023-05-01,Stanley Park Community Centre,282,822,123,118,119,114,2.680672268907563,44.38135593220339,1,47,116,81,32,5,8374,15299,12843,17632,1276.0,835.0
2023-05-01,Sunnydale Community Centre - Neighbourhood Food Program - House of Friendship,589,2238,224,197,218,191,3.5642201834862384,44.33502538071066,4,56,231,213,58,27,8374,15299,12843,17632,1276.0,835.0
2023-05-01,Supportive Housing YWCA (Lincoln Road),10,17,8,8,8,8,1.625,39.5,0,4,3,3,0,0,8374,15299,12843,17632,1276.0,835.0
2023-05-01,Supportive Housing of Waterloo (SHOW),64,79,27,27,27,27,1.1111111111111112,53.48148148148148,0,0,18,44,2,0,8374,15299,12843,17632,1276.0,835.0
2023-05-01,Supportive Housing- Y.W.C.A. (Block Line),25,34,25,25,25,25,1.36,47.84,0,0,9,16,0,0,8374,15299,12843,17632,1276.0,835.0
2023-05-01,THRIVE HIV,131,272,131,4,131,4,2.0763358778625953,41.75,0,0,2,2,0,127,8374,15299,12843,17632,1276.0,835.0
2023-05-01,The Food Bank of Waterloo Region - Kitchener,6,19,6,6,6,6,3.1666666666666665,30.166666666666668,0,5,0,1,0,0,8374,15299,12843,17632,1276.0,835.0
2023-05-01,Traverse Independence,24,65,23,13,23,13,2.782608695652174,53.76923076923077,0,0,3,9,2,10,8374,15299,12843,17632,1276.0,835.0
2023-05-01,University of Waterloo Food Bank,159,159,159,0,159,0,1.0,,0,0,0,0,0,159,8374,15299,12843,17632,1276.0,835.0
2023-05-01,Victoria Hills - House of Friendship,714,2442,261,239,258,236,3.1511627906976742,44.69456066945607,2,87,273,268,62,22,8374,15299,12843,17632,1276.0,835.0
2023-05-01,Wellesley Food Cupboard,46,194,24,24,24,24,4.333333333333333,36.333333333333336,0,15,22,9,0,0,8374,15299,12843,17632,1276.0,835.0
2023-05-01,Wilmot & Wellesley Resource Centre,285,812,115,106,114,105,2.7982456140350878,46.18867924528302,0,30,104,109,33,9,8374,15299,12843,17632,1276.0,835.0
2023-05-01,Woolwich Community Services,603,1864,158,154,155,151,2.8193548387096774,47.9025974025974,3,68,267,139,122,4,8374,15299,12843,17632,1276.0,835.0
2023-05-01,oneROOF Youth Services,86,94,42,42,42,42,1.1428571428571428,23.023809523809526,0,85,0,1,0,0,8374,15299,12843,17632,1276.0,835.0
2023-06-01,All Saints' Anglican Church,43,112,30,30,29,29,2.2758620689655173,30.166666666666668,2,18,16,7,0,0,8451,15475,12855,17651,1335.0,868.0
2023-06-01,Anishnabeg Outreach - Spirit Bundle ,611,2037,611,0,611,0,3.3338788870703766,,0,0,0,0,0,611,8451,15475,12855,17651,1335.0,868.0
2023-06-01,Cambridge Food Bank - Cambridge,1655,3730,1605,1605,1590,1590,2.279245283018868,43.220560747663555,6,381,537,592,139,0,8451,15475,12855,17651,1335.0,868.0
2023-06-01,Centreville Chicopee Community Centre - Neighbourhood Food Program - House of Friendship,721,2358,289,265,284,260,3.1725352112676055,44.845283018867924,5,86,244,303,59,24,8451,15475,12855,17651,1335.0,868.0
2023-06-01,Chandler Mowat Community Centre - Neighbourhood Food Program - House of Friendship,1136,3831,346,334,337,325,3.379821958456973,42.12874251497006,3,214,453,344,110,12,8451,15475,12855,17651,1335.0,868.0
2023-06-01,Christopher Champlain Resource Centre - Kinbridge Community Association,19,40,12,10,12,10,2.0833333333333335,44.6,0,3,1,11,2,2,8451,15475,12855,17651,1335.0,868.0
2023-06-01,Courtland Shelley Community Centre - Neighbourhood Food Program - House of Friendship,246,681,78,78,74,74,2.7972972972972974,51.96153846153846,0,24,62,99,61,0,8451,15475,12855,17651,1335.0,868.0
2023-06-01,Emergency Food Hamper Program - House of Friendship,3496,9815,3332,3295,3285,3248,2.7993911719939115,39.65371775417299,6,1122,1189,928,214,37,8451,15475,12855,17651,1335.0,868.0
2023-06-01,Emmanuel United Church - Waterloo Wayside ,251,676,135,135,128,128,2.3984375,45.162962962962965,1,63,50,91,46,0,8451,15475,12855,17651,1335.0,868.0
2023-06-01,Erb West Community Centre - Camino Wellness + Mental Health,253,899,99,99,97,97,3.4536082474226806,43.94949494949495,2,53,66,110,22,0,8451,15475,12855,17651,1335.0,868.0
2023-06-01,Forest Heights Community Centre - Neighbourhood Food Program - House of Friendship,487,1904,179,171,175,167,3.902857142857143,44.15204678362573,0,72,208,147,52,8,8451,15475,12855,17651,1335.0,868.0
2023-06-01,Glencairn Mennonite Brethren Church,153,424,153,153,151,151,2.774834437086093,39.967320261437905,0,52,51,40,10,0,8451,15475,12855,17651,1335.0,868.0
2023-06-01,Kingdom Community International ,142,299,79,78,77,76,1.8571428571428572,46.6025641025641,0,37,22,39,43,1,8451,15475,12855,17651,1335.0,868.0
2023-06-01,Kingsdale Community Centre - Neighbourhood Food Program - House of Friendship,955,2503,439,430,409,400,2.4987775061124693,42.67209302325581,8,162,394,277,105,9,8451,15475,12855,17651,1335.0,868.0
2023-06-01,Kitchener Community Church and Family Care Centre,394,1079,340,340,337,337,2.940652818991098,44.81470588235294,0,72,116,159,47,0,8451,15475,12855,17651,1335.0,868.0
2023-06-01,Langs,45,73,35,19,35,19,1.6857142857142857,46.63157894736842,0,0,18,6,5,16,8451,15475,12855,17651,1335.0,868.0
2023-06-01,Our Lady of Lourdes Conference - Society of St. Vincent de Paul,36,113,35,35,35,35,3.085714285714286,44.628571428571426,0,9,11,13,3,0,8451,15475,12855,17651,1335.0,868.0
2023-06-01,Paulander Community Centre - Camino Wellness + Mental Health,389,1258,142,127,141,126,3.276595744680851,49.62204724409449,0,19,123,191,41,15,8451,15475,12855,17651,1335.0,868.0
2023-06-01,Ray of Hope,292,686,290,290,289,289,2.342560553633218,44.9448275862069,1,51,99,120,21,0,8451,15475,12855,17651,1335.0,868.0
2023-06-01,Salvation Army Cambridge,366,945,366,366,364,364,2.590659340659341,47.10109289617486,0,52,124,149,41,0,8451,15475,12855,17651,1335.0,868.0
2023-06-01,Southwood Resource Centre - Kinbridge Community Association,9,24,9,5,9,5,2.6666666666666665,35.0,1,0,2,2,0,4,8451,15475,12855,17651,1335.0,868.0
2023-06-01,St. Agnes Conference - Society of St. Vincent de Paul,10,23,10,10,10,10,2.3,54.4,0,1,1,5,3,0,8451,15475,12855,17651,1335.0,868.0
2023-06-01,St. Aloysius Parish Food Pantry,13,36,13,12,13,12,2.769230769230769,37.333333333333336,0,4,5,3,0,1,8451,15475,12855,17651,1335.0,868.0
2023-06-01,St. Andrew's Hespler Presbyterian Church,40,83,40,40,40,40,2.075,44.5,0,8,13,14,5,0,8451,15475,12855,17651,1335.0,868.0
2023-06-01,St. Anthony Daniel Conference - Society of St. Vincent de Paul,23,50,22,22,21,21,2.1904761904761907,48.27272727272727,0,3,6,12,2,0,8451,15475,12855,17651,1335.0,868.0
2023-06-01,St. Columba Anglican Church,173,594,76,76,76,76,3.3552631578947367,39.89473684210526,0,39,76,53,5,0,8451,15475,12855,17651,1335.0,868.0
2023-06-01,St. John's Anglican Church,48,77,47,47,46,46,1.6304347826086956,44.851063829787236,0,16,6,20,6,0,8451,15475,12855,17651,1335.0,868.0
2023-06-01,St. Mary's Conference - Society of St. Vincent de Paul,68,187,67,67,67,67,2.7761194029850746,51.1044776119403,1,4,14,38,11,0,8451,15475,12855,17651,1335.0,868.0
2023-06-01,Stanley Park Community Centre,267,765,139,137,133,131,2.736842105263158,44.24087591240876,1,57,106,71,30,2,8451,15475,12855,17651,1335.0,868.0
2023-06-01,Sunnydale Community Centre - Neighbourhood Food Program - House of Friendship,616,2344,200,181,194,175,3.6443298969072164,44.49723756906077,4,55,239,229,70,19,8451,15475,12855,17651,1335.0,868.0
2023-06-01,Supportive Housing YWCA (Lincoln Road),18,32,13,13,13,13,1.9230769230769231,39.76923076923077,0,3,10,5,0,0,8451,15475,12855,17651,1335.0,868.0
2023-06-01,Supportive Housing of Waterloo (SHOW),60,66,27,27,27,27,1.1111111111111112,54.925925925925924,0,0,11,45,4,0,8451,15475,12855,17651,1335.0,868.0
2023-06-01,Supportive Housing- Y.W.C.A. (Block Line),23,31,23,23,23,23,1.3478260869565217,43.26086956521739,0,0,15,8,0,0,8451,15475,12855,17651,1335.0,868.0
2023-06-01,THRIVE HIV,131,333,131,0,131,0,2.5419847328244276,,0,0,0,0,0,131,8451,15475,12855,17651,1335.0,868.0
2023-06-01,The Food Bank of Waterloo Region - Kitchener,8,15,8,4,8,4,1.875,32.5,0,2,2,0,0,4,8451,15475,12855,17651,1335.0,868.0
2023-06-01,Traverse Independence,7,7,7,6,7,6,1.0,50.833333333333336,0,0,1,5,0,1,8451,15475,12855,17651,1335.0,868.0
2023-06-01,University of Waterloo Food Bank,235,235,235,0,235,0,1.0,,0,0,0,0,0,235,8451,15475,12855,17651,1335.0,868.0
2023-06-01,Victoria Hills - House of Friendship,729,2494,255,244,250,239,3.212,43.778688524590166,4,100,275,284,55,11,8451,15475,12855,17651,1335.0,868.0
2023-06-01,Wellesley Food Cupboard,56,273,27,27,26,26,4.846153846153846,36.7037037037037,0,12,33,11,0,0,8451,15475,12855,17651,1335.0,868.0
2023-06-01,Wilmot & Wellesley Resource Centre,263,735,111,96,109,94,2.6788990825688073,45.645833333333336,1,26,98,95,28,15,8451,15475,12855,17651,1335.0,868.0
2023-06-01,Woolwich Community Services,631,2084,160,159,156,155,3.0256410256410255,47.056603773584904,3,59,279,158,131,1,8451,15475,12855,17651,1335.0,868.0
2023-06-01,oneROOF Youth Services,61,69,30,30,29,29,1.1724137931034482,23.333333333333332,0,61,0,0,0,0,8451,15475,12855,17651,1335.0,868.0
2023-07-01,All Saints' Anglican Church,67,166,41,41,41,41,2.4390243902439024,31.48780487804878,3,30,23,11,0,0,8521,15568,12736,17439,1393.0,877.0
2023-07-01,Anishnabeg Outreach - Spirit Bundle ,394,1348,394,0,394,0,3.4213197969543145,,0,0,0,0,0,394,8521,15568,12736,17439,1393.0,877.0
2023-07-01,Cambridge Food Bank - Cambridge,1322,3122,1268,1268,1256,1256,2.413216560509554,44.753154574132495,1,218,480,515,108,0,8521,15568,12736,17439,1393.0,877.0
2023-07-01,Centreville Chicopee Community Centre - Neighbourhood Food Program - House of Friendship,523,1721,253,234,251,232,3.2749003984063747,44.81623931623932,3,64,166,229,42,19,8521,15568,12736,17439,1393.0,877.0
2023-07-01,Chandler Mowat Community Centre - Neighbourhood Food Program - House of Friendship,668,2248,310,301,303,294,3.283828382838284,42.348837209302324,1,124,283,186,65,9,8521,15568,12736,17439,1393.0,877.0
2023-07-01,Christopher Champlain Resource Centre - Kinbridge Community Association,11,33,10,10,11,11,3.0,45.9,0,0,5,5,1,0,8521,15568,12736,17439,1393.0,877.0
2023-07-01,Courtland Shelley Community Centre - Neighbourhood Food Program - House of Friendship,199,531,85,85,83,83,2.6867469879518073,52.54117647058823,0,17,50,81,51,0,8521,15568,12736,17439,1393.0,877.0
2023-07-01,Emergency Food Hamper Program - House of Friendship,3327,9298,3192,3172,3145,3125,2.770429252782194,39.62957124842371,7,1050,1166,883,201,20,8521,15568,12736,17439,1393.0,877.0
2023-07-01,Emmanuel United Church - Waterloo Wayside ,214,661,132,122,122,112,2.7459016393442623,39.14754098360656,5,60,62,57,20,10,8521,15568,12736,17439,1393.0,877.0
2023-07-01,Erb West Community Centre - Camino Wellness + Mental Health,254,944,95,95,93,93,3.6774193548387095,42.93684210526316,5,57,66,101,25,0,8521,15568,12736,17439,1393.0,877.0
2023-07-01,Forest Heights Community Centre - Neighbourhood Food Program - House of Friendship,358,1339,168,159,165,156,3.787878787878788,43.82389937106918,1,59,131,113,45,9,8521,15568,12736,17439,1393.0,877.0
2023-07-01,Glencairn Mennonite Brethren Church,171,506,170,170,167,167,2.9580838323353293,42.56470588235294,0,41,63,51,16,0,8521,15568,12736,17439,1393.0,877.0
2023-07-01,Kingdom Community International ,97,230,53,53,51,51,2.196078431372549,46.41509433962264,1,23,8,35,30,0,8521,15568,12736,17439,1393.0,877.0
2023-07-01,Kingsdale Community Centre - Neighbourhood Food Program - House of Friendship,654,1717,349,339,332,322,2.5240963855421685,43.92035398230089,2,120,236,205,81,10,8521,15568,12736,17439,1393.0,877.0
2023-07-01,Kitchener Community Church and Family Care Centre,327,963,286,286,284,284,3.137323943661972,44.87762237762238,0,58,99,131,39,0,8521,15568,12736,17439,1393.0,877.0
2023-07-01,Langs,36,53,28,10,28,10,1.5,43.8,0,0,14,4,0,18,8521,15568,12736,17439,1393.0,877.0
2023-07-01,Our Lady of Lourdes Conference - Society of St. Vincent de Paul,27,95,27,27,27,27,3.5185185185185186,42.074074074074076,0,8,9,8,2,0,8521,15568,12736,17439,1393.0,877.0
2023-07-01,Paulander Community Centre - Camino Wellness + Mental Health,276,881,117,111,117,111,3.299145299145299,50.24324324324324,0,13,84,142,31,6,8521,15568,12736,17439,1393.0,877.0
2023-07-01,Ray of Hope,267,609,267,267,266,266,2.2669172932330826,45.46067415730337,3,37,90,119,18,0,8521,15568,12736,17439,1393.0,877.0
2023-07-01,Salvation Army Cambridge,334,870,334,334,333,333,2.6096096096096097,47.296407185628745,0,46,108,141,39,0,8521,15568,12736,17439,1393.0,877.0
2023-07-01,Southwood Resource Centre - Kinbridge Community Association,14,38,13,7,13,7,2.769230769230769,38.285714285714285,1,0,3,4,0,6,8521,15568,12736,17439,1393.0,877.0
2023-07-01,St. Agnes Conference - Society of St. Vincent de Paul,9,16,9,9,9,9,1.7777777777777777,55.77777777777778,0,1,2,3,3,0,8521,15568,12736,17439,1393.0,877.0
2023-07-01,St. Andrew's Hespler Presbyterian Church,44,87,43,43,43,43,2.0,45.46511627906977,0,13,10,15,6,0,8521,15568,12736,17439,1393.0,877.0
2023-07-01,St. Anthony Daniel Conference - Society of St. Vincent de Paul,23,80,23,23,23,23,3.4782608695652173,49.08695652173913,0,1,9,8,5,0,8521,15568,12736,17439,1393.0,877.0
2023-07-01,St. Columba Anglican Church,159,620,74,74,73,73,3.712328767123288,41.689189189189186,0,20,72,62,5,0,8521,15568,12736,17439,1393.0,877.0
2023-07-01,St. John's Anglican Church,17,25,17,17,17,17,1.4705882352941178,56.64705882352941,0,1,1,10,5,0,8521,15568,12736,17439,1393.0,877.0
2023-07-01,St. Mary's Conference - Society of St. Vincent de Paul,75,170,72,72,72,72,2.2916666666666665,52.541666666666664,0,3,17,40,15,0,8521,15568,12736,17439,1393.0,877.0
2023-07-01,Stanley Park Community Centre,289,808,147,144,147,144,2.82312925170068,41.888888888888886,2,66,112,76,30,3,8521,15568,12736,17439,1393.0,877.0
2023-07-01,Sunnydale Community Centre - Neighbourhood Food Program - House of Friendship,360,1399,177,166,173,162,3.76878612716763,44.69879518072289,4,34,143,134,34,11,8521,15568,12736,17439,1393.0,877.0
2023-07-01,Supportive Housing YWCA (Lincoln Road),8,16,5,5,5,5,2.0,35.8,0,3,5,0,0,0,8521,15568,12736,17439,1393.0,877.0
2023-07-01,Supportive Housing of Waterloo (SHOW),53,62,23,23,23,23,1.1304347826086956,52.130434782608695,0,0,15,38,0,0,8521,15568,12736,17439,1393.0,877.0
2023-07-01,Supportive Housing- Y.W.C.A. (Block Line),48,62,29,29,29,29,1.3103448275862069,46.0,0,1,22,25,0,0,8521,15568,12736,17439,1393.0,877.0
2023-07-01,THRIVE HIV,83,171,83,0,83,0,2.0602409638554215,,0,0,0,0,0,83,8521,15568,12736,17439,1393.0,877.0
2023-07-01,The Food Bank of Waterloo Region - Kitchener,1,1,1,1,1,1,1.0,25.0,0,1,0,0,0,0,8521,15568,12736,17439,1393.0,877.0
2023-07-01,Traverse Independence,20,28,20,16,20,16,1.4,49.5,0,1,5,8,2,4,8521,15568,12736,17439,1393.0,877.0
2023-07-01,University of Waterloo Food Bank,161,161,161,0,161,0,1.0,,0,0,0,0,0,161,8521,15568,12736,17439,1393.0,877.0
2023-07-01,Victoria Hills - House of Friendship,701,2264,265,249,264,248,3.132575757575758,44.088353413654616,4,89,259,277,56,16,8521,15568,12736,17439,1393.0,877.0
2023-07-01,Wellesley Food Cupboard,37,160,21,21,21,21,4.333333333333333,37.523809523809526,0,11,17,9,0,0,8521,15568,12736,17439,1393.0,877.0
2023-07-01,Wilmot & Wellesley Resource Centre,230,648,103,90,101,88,2.623762376237624,46.977777777777774,1,21,83,88,24,13,8521,15568,12736,17439,1393.0,877.0
2023-07-01,Woolwich Community Services,754,2424,152,151,139,138,2.9280575539568345,47.99337748344371,3,63,299,204,184,1,8521,15568,12736,17439,1393.0,877.0
2023-07-01,oneROOF Youth Services,48,62,29,29,29,29,1.4482758620689655,23.551724137931036,0,47,1,0,0,0,8521,15568,12736,17439,1393.0,877.0
2023-08-01,All Saints' Anglican Church,76,166,46,46,46,46,2.3260869565217392,33.43478260869565,1,40,23,12,0,0,8512,15475,12886,17698,1463.0,896.0
2023-08-01,Anishnabeg Outreach - Spirit Bundle ,689,2338,689,0,689,0,3.393323657474601,,0,0,0,0,0,689,8512,15475,12886,17698,1463.0,896.0
2023-08-01,Cambridge Food Bank - Cambridge,1554,3645,1468,1468,1453,1453,2.4053682037164488,44.78474114441417,0,250,549,627,128,0,8512,15475,12886,17698,1463.0,896.0
2023-08-01,Centreville Chicopee Community Centre - Neighbourhood Food Program - House of Friendship,850,2882,312,289,308,285,3.1720779220779223,44.24221453287197,3,94,283,377,70,23,8512,15475,12886,17698,1463.0,896.0
2023-08-01,Chandler Mowat Community Centre - Neighbourhood Food Program - House of Friendship,1088,3792,349,336,338,325,3.3254437869822486,42.148809523809526,0,218,460,301,96,13,8512,15475,12886,17698,1463.0,896.0
2023-08-01,Christopher Champlain Resource Centre - Kinbridge Community Association,9,24,9,9,9,9,2.6666666666666665,49.333333333333336,0,0,4,4,1,0,8512,15475,12886,17698,1463.0,896.0
2023-08-01,Courtland Shelley Community Centre - Neighbourhood Food Program - House of Friendship,322,830,84,84,82,82,2.7439024390243905,52.42857142857143,0,23,76,131,92,0,8512,15475,12886,17698,1463.0,896.0
2023-08-01,Emergency Food Hamper Program - House of Friendship,3621,10488,3427,3389,3383,3345,2.8882648536801656,40.44791974033638,8,1027,1310,1014,224,38,8512,15475,12886,17698,1463.0,896.0
2023-08-01,Emmanuel United Church - Waterloo Wayside ,268,1210,122,115,121,114,6.049586776859504,44.93913043478261,0,45,94,91,31,7,8512,15475,12886,17698,1463.0,896.0
2023-08-01,Erb West Community Centre - Camino Wellness + Mental Health,332,1204,117,106,114,103,3.473684210526316,43.60377358490566,5,67,71,153,25,11,8512,15475,12886,17698,1463.0,896.0
2023-08-01,Forest Heights Community Centre - Neighbourhood Food Program - House of Friendship,577,2276,191,185,186,180,3.860215053763441,43.65945945945946,5,76,249,181,60,6,8512,15475,12886,17698,1463.0,896.0
2023-08-01,Glencairn Mennonite Brethren Church,151,509,148,148,146,146,3.3767123287671232,43.445945945945944,0,25,66,49,11,0,8512,15475,12886,17698,1463.0,896.0
2023-08-01,Kingdom Community International ,112,256,64,64,63,63,2.126984126984127,50.09375,0,26,16,38,32,0,8512,15475,12886,17698,1463.0,896.0
2023-08-01,Kingsdale Community Centre - Neighbourhood Food Program - House of Friendship,1107,2934,450,424,422,396,2.528436018957346,42.490566037735846,11,196,404,350,120,26,8512,15475,12886,17698,1463.0,896.0
2023-08-01,Kitchener Community Church and Family Care Centre,403,1199,339,339,337,337,3.142433234421365,45.6165191740413,1,59,135,162,46,0,8512,15475,12886,17698,1463.0,896.0
2023-08-01,Langs,71,126,49,28,48,27,1.9583333333333333,43.035714285714285,0,1,29,20,0,21,8512,15475,12886,17698,1463.0,896.0
2023-08-01,Our Lady of Lourdes Conference - Society of St. Vincent de Paul,48,137,42,42,42,42,3.0,44.714285714285715,0,12,15,12,9,0,8512,15475,12886,17698,1463.0,896.0
2023-08-01,Paulander Community Centre - Camino Wellness + Mental Health,354,1133,124,121,123,120,3.292682926829268,49.04132231404959,0,23,101,184,43,3,8512,15475,12886,17698,1463.0,896.0
2023-08-01,Ray of Hope,297,691,297,297,296,296,2.331081081081081,43.89562289562289,4,48,109,118,18,0,8512,15475,12886,17698,1463.0,896.0
2023-08-01,Salvation Army Cambridge,349,954,349,349,347,347,2.7435158501440924,47.12034383954155,0,46,119,146,38,0,8512,15475,12886,17698,1463.0,896.0
2023-08-01,Southwood Resource Centre - Kinbridge Community Association,14,53,14,7,14,7,3.7857142857142856,38.57142857142857,1,0,3,3,0,7,8512,15475,12886,17698,1463.0,896.0
2023-08-01,St. Agnes Conference - Society of St. Vincent de Paul,11,24,11,11,11,11,2.1818181818181817,53.90909090909091,0,1,3,4,3,0,8512,15475,12886,17698,1463.0,896.0
2023-08-01,St. Andrew's Hespler Presbyterian Church,36,92,36,36,36,36,2.5555555555555554,41.888888888888886,1,6,18,7,4,0,8512,15475,12886,17698,1463.0,896.0
2023-08-01,St. Anthony Daniel Conference - Society of St. Vincent de Paul,62,151,59,59,59,59,2.4237288135593222,47.66101694915254,1,7,21,25,8,0,8512,15475,12886,17698,1463.0,896.0
2023-08-01,St. Columba Anglican Church,217,768,87,87,86,86,3.36046511627907,40.229885057471265,1,35,92,81,8,0,8512,15475,12886,17698,1463.0,896.0
2023-08-01,St. John's Anglican Church,35,68,34,34,34,34,1.911764705882353,53.3235294117647,0,2,6,20,7,0,8512,15475,12886,17698,1463.0,896.0
2023-08-01,St. Mary's Conference - Society of St. Vincent de Paul,70,145,67,67,66,66,2.0454545454545454,50.507462686567166,0,9,11,37,13,0,8512,15475,12886,17698,1463.0,896.0
2023-08-01,Stanley Park Community Centre,315,905,149,147,141,139,2.7872340425531914,42.5578231292517,1,57,114,100,41,2,8512,15475,12886,17698,1463.0,896.0
2023-08-01,Student Union Food Bank - Wilfrid Laurier University,1,1,1,0,1,0,1.0,,0,0,0,0,0,1,8512,15475,12886,17698,1463.0,896.0
2023-08-01,Sunnydale Community Centre - Neighbourhood Food Program - House of Friendship,563,2207,210,175,204,169,3.5686274509803924,43.40571428571429,4,58,221,193,52,35,8512,15475,12886,17698,1463.0,896.0
2023-08-01,Supportive Housing YWCA (Lincoln Road),12,25,9,9,9,9,2.111111111111111,37.0,0,3,8,1,0,0,8512,15475,12886,17698,1463.0,896.0
2023-08-01,Supportive Housing of Waterloo (SHOW),68,80,25,25,25,25,1.12,52.72,0,0,19,49,0,0,8512,15475,12886,17698,1463.0,896.0
2023-08-01,Supportive Housing- Y.W.C.A. (Block Line),66,81,35,35,35,35,1.2285714285714286,45.77142857142857,0,1,27,38,0,0,8512,15475,12886,17698,1463.0,896.0
2023-08-01,THRIVE HIV,113,275,113,0,113,0,2.433628318584071,,0,0,0,0,0,113,8512,15475,12886,17698,1463.0,896.0
2023-08-01,The Food Bank of Waterloo Region - Kitchener,2,7,2,2,2,2,3.5,34.0,0,0,2,0,0,0,8512,15475,12886,17698,1463.0,896.0
2023-08-01,Traverse Independence,23,32,23,17,23,17,1.391304347826087,52.11764705882353,0,0,5,10,2,6,8512,15475,12886,17698,1463.0,896.0
2023-08-01,University of Waterloo Food Bank,67,67,67,0,67,0,1.0,,0,0,0,0,0,67,8512,15475,12886,17698,1463.0,896.0
2023-08-01,Victoria Hills - House of Friendship,524,1642,270,238,268,236,2.966417910447761,44.48739495798319,1,50,206,191,44,32,8512,15475,12886,17698,1463.0,896.0
2023-08-01,Wellesley Food Cupboard,66,292,25,25,25,25,4.6,37.88,0,23,30,13,0,0,8512,15475,12886,17698,1463.0,896.0
2023-08-01,Wilmot & Wellesley Resource Centre,270,788,105,100,103,98,2.941747572815534,46.07,2,28,101,100,34,5,8512,15475,12886,17698,1463.0,896.0
2023-08-01,Woolwich Community Services,858,2637,150,150,147,147,3.0,47.333333333333336,3,77,314,266,198,0,8512,15475,12886,17698,1463.0,896.0
2023-08-01,oneROOF Youth Services,72,88,39,39,38,38,1.3421052631578947,23.846153846153847,0,71,0,1,0,0,8512,15475,12886,17698,1463.0,896.0
2023-09-01,All Saints' Anglican Church,32,59,25,25,25,25,1.96,29.76,0,20,11,1,0,0,8577,15549,12854,17578,1530.0,921.0
2023-09-01,Anishnabeg Outreach - Spirit Bundle ,576,1920,576,0,576,0,3.3333333333333335,,0,0,0,0,0,576,8577,15549,12854,17578,1530.0,921.0
2023-09-01,Cambridge Food Bank - Cambridge,1503,3585,1446,1446,1436,1436,2.4247910863509747,44.59128630705394,2,258,545,562,136,0,8577,15549,12854,17578,1530.0,921.0
2023-09-01,Centreville Chicopee Community Centre - Neighbourhood Food Program - House of Friendship,711,2302,290,275,285,270,3.056140350877193,44.803636363636365,2,70,266,300,58,15,8577,15549,12854,17578,1530.0,921.0
2023-09-01,Chandler Mowat Community Centre - Neighbourhood Food Program - House of Friendship,917,3063,348,337,334,323,3.2634730538922154,41.98516320474778,4,171,382,260,89,11,8577,15549,12854,17578,1530.0,921.0
2023-09-01,Christopher Champlain Resource Centre - Kinbridge Community Association,7,28,7,6,7,6,4.0,44.666666666666664,0,0,4,1,1,1,8577,15549,12854,17578,1530.0,921.0
2023-09-01,Courtland Shelley Community Centre - Neighbourhood Food Program - House of Friendship,190,516,81,81,81,81,2.765432098765432,53.76543209876543,0,7,49,76,58,0,8577,15549,12854,17578,1530.0,921.0
2023-09-01,Emergency Food Hamper Program - House of Friendship,3966,10915,3792,3752,3741,3701,2.731087944399893,38.580490405117274,10,1341,1387,978,210,40,8577,15549,12854,17578,1530.0,921.0
2023-09-01,Emmanuel United Church - Waterloo Wayside ,222,686,133,126,129,122,2.798449612403101,43.82539682539682,1,29,84,75,26,7,8577,15549,12854,17578,1530.0,921.0
2023-09-01,Erb West Community Centre - Camino Wellness + Mental Health,269,1054,111,111,107,107,3.691588785046729,43.693693693693696,5,57,69,122,16,0,8577,15549,12854,17578,1530.0,921.0
2023-09-01,Forest Heights Community Centre - Neighbourhood Food Program - House of Friendship,372,1447,174,168,171,165,3.91812865497076,44.583333333333336,0,47,157,122,40,6,8577,15549,12854,17578,1530.0,921.0
2023-09-01,Glencairn Mennonite Brethren Church,160,558,158,158,158,158,3.4746835443037973,43.74683544303797,0,24,71,53,12,0,8577,15549,12854,17578,1530.0,921.0
2023-09-01,Kingdom Community International ,149,371,71,71,69,69,2.36231884057971,50.53521126760563,0,21,25,58,45,0,8577,15549,12854,17578,1530.0,921.0
2023-09-01,Kingsdale Community Centre - Neighbourhood Food Program - House of Friendship,1011,2657,466,456,438,428,2.5045662100456623,41.7390350877193,7,218,371,311,94,10,8577,15549,12854,17578,1530.0,921.0
2023-09-01,Kitchener Community Church and Family Care Centre,367,1152,318,318,317,317,3.3943217665615144,47.12264150943396,0,39,123,158,47,0,8577,15549,12854,17578,1530.0,921.0
2023-09-01,Langs,53,102,42,24,42,24,1.9047619047619047,44.666666666666664,0,2,16,15,2,18,8577,15549,12854,17578,1530.0,921.0
2023-09-01,Our Lady of Lourdes Conference - Society of St. Vincent de Paul,28,103,28,28,28,28,3.6785714285714284,43.892857142857146,0,6,11,9,2,0,8577,15549,12854,17578,1530.0,921.0
2023-09-01,Paulander Community Centre - Camino Wellness + Mental Health,301,987,131,122,128,119,3.2265625,49.99180327868852,0,23,69,163,37,9,8577,15549,12854,17578,1530.0,921.0
2023-09-01,Ray of Hope,288,678,286,286,285,285,2.3508771929824563,44.7027972027972,0,46,102,121,19,0,8577,15549,12854,17578,1530.0,921.0
2023-09-01,Salvation Army Cambridge,310,819,310,310,307,307,2.6579804560260585,47.303225806451614,0,41,105,134,30,0,8577,15549,12854,17578,1530.0,921.0
2023-09-01,Southwood Resource Centre - Kinbridge Community Association,7,24,7,7,7,7,3.4285714285714284,39.0,1,0,2,4,0,0,8577,15549,12854,17578,1530.0,921.0
2023-09-01,St. Agnes Conference - Society of St. Vincent de Paul,11,27,11,11,11,11,2.4545454545454546,54.72727272727273,0,1,2,5,3,0,8577,15549,12854,17578,1530.0,921.0
2023-09-01,St. Aloysius Parish Food Pantry,5,18,5,5,5,5,3.6,47.0,0,0,2,3,0,0,8577,15549,12854,17578,1530.0,921.0
2023-09-01,St. Andrew's Hespler Presbyterian Church,39,98,39,39,39,39,2.5128205128205128,44.53846153846154,0,4,19,12,4,0,8577,15549,12854,17578,1530.0,921.0
2023-09-01,St. Anthony Daniel Conference - Society of St. Vincent de Paul,16,52,16,16,16,16,3.25,49.75,0,1,8,3,4,0,8577,15549,12854,17578,1530.0,921.0
2023-09-01,St. Columba Anglican Church,185,698,86,85,85,84,3.7411764705882353,43.50588235294118,0,21,83,72,8,1,8577,15549,12854,17578,1530.0,921.0
2023-09-01,St. John's Anglican Church,47,91,47,47,46,46,1.9565217391304348,48.0,0,10,10,19,8,0,8577,15549,12854,17578,1530.0,921.0
2023-09-01,St. Mary's Conference - Society of St. Vincent de Paul,90,191,86,86,85,85,2.152941176470588,51.872093023255815,0,6,18,48,18,0,8577,15549,12854,17578,1530.0,921.0
2023-09-01,Stanley Park Community Centre,281,778,154,153,149,148,2.6912751677852347,41.705882352941174,2,54,103,90,31,1,8577,15549,12854,17578,1530.0,921.0
2023-09-01,Sunnydale Community Centre - Neighbourhood Food Program - House of Friendship,498,1866,197,173,195,171,3.5538461538461537,43.653179190751445,2,60,190,182,40,24,8577,15549,12854,17578,1530.0,921.0
2023-09-01,Supportive Housing YWCA (Lincoln Road),17,26,11,11,11,11,1.6363636363636365,43.18181818181818,0,1,11,5,0,0,8577,15549,12854,17578,1530.0,921.0
2023-09-01,Supportive Housing of Waterloo (SHOW),53,59,22,22,22,22,1.1363636363636365,52.72727272727273,0,0,10,43,0,0,8577,15549,12854,17578,1530.0,921.0
2023-09-01,Supportive Housing- Y.W.C.A. (Block Line),26,32,26,26,26,26,1.2307692307692308,44.61538461538461,0,1,13,12,0,0,8577,15549,12854,17578,1530.0,921.0
2023-09-01,THRIVE HIV,93,216,93,0,93,0,2.3225806451612905,,0,0,0,0,0,93,8577,15549,12854,17578,1530.0,921.0
2023-09-01,Traverse Independence,24,31,24,20,24,20,1.2916666666666667,51.45,0,1,4,13,2,4,8577,15549,12854,17578,1530.0,921.0
2023-09-01,University of Waterloo Food Bank,278,278,278,0,278,0,1.0,,0,0,0,0,0,278,8577,15549,12854,17578,1530.0,921.0
2023-09-01,Victoria Hills - House of Friendship,561,1775,250,243,245,238,3.0693877551020408,44.55144032921811,2,56,224,228,44,7,8577,15549,12854,17578,1530.0,921.0
2023-09-01,Wellesley Food Cupboard,45,192,24,24,24,24,4.041666666666667,41.458333333333336,0,13,21,10,1,0,8577,15549,12854,17578,1530.0,921.0
2023-09-01,Wilmot & Wellesley Resource Centre,291,849,116,111,115,110,2.8869565217391306,48.090090090090094,2,20,109,116,39,5,8577,15549,12854,17578,1530.0,921.0
2023-09-01,Woolwich Community Services,801,2480,157,157,152,152,2.8026315789473686,48.63694267515923,2,72,276,288,163,0,8577,15549,12854,17578,1530.0,921.0
2023-09-01,oneROOF Youth Services,27,36,18,18,18,18,1.4444444444444444,23.72222222222222,0,27,0,0,0,0,8577,15549,12854,17578,1530.0,921.0
2023-10-01,All Saints' Anglican Church,84,204,43,42,42,41,2.6666666666666665,36.523809523809526,2,30,30,21,0,1,8529,15365,12891,17621,1574.0,957.0
2023-10-01,Anishnabeg Outreach - Spirit Bundle ,505,1711,505,0,505,0,3.388118811881188,,0,0,0,0,0,505,8529,15365,12891,17621,1574.0,957.0
2023-10-01,Cambridge Food Bank - Cambridge,1469,3550,1422,1421,1409,1408,2.4648687012065293,44.39338494018297,1,270,524,539,134,1,8529,15365,12891,17621,1574.0,957.0
2023-10-01,Centreville Chicopee Community Centre - Neighbourhood Food Program - House of Friendship,714,2280,279,259,275,255,3.069090909090909,45.857142857142854,1,61,259,317,56,20,8529,15365,12891,17621,1574.0,957.0
2023-10-01,Chandler Mowat Community Centre - Neighbourhood Food Program - House of Friendship,857,2916,340,327,335,322,3.2865671641791043,42.691131498470945,1,151,372,240,80,13,8529,15365,12891,17621,1574.0,957.0
2023-10-01,Christopher Champlain Resource Centre - Kinbridge Community Association,6,18,5,5,5,5,3.2,49.4,0,0,3,3,0,0,8529,15365,12891,17621,1574.0,957.0
2023-10-01,Courtland Shelley Community Centre - Neighbourhood Food Program - House of Friendship,338,908,102,102,100,100,2.78,52.950980392156865,0,21,76,137,104,0,8529,15365,12891,17621,1574.0,957.0
2023-10-01,Emergency Food Hamper Program - House of Friendship,4205,11403,4037,4006,3980,3949,2.685427135678392,38.37743384922616,17,1458,1453,1037,209,31,8529,15365,12891,17621,1574.0,957.0
2023-10-01,Emmanuel United Church - Waterloo Wayside ,237,767,131,121,129,119,3.054263565891473,44.84297520661157,0,24,87,82,34,10,8529,15365,12891,17621,1574.0,957.0
2023-10-01,Erb West Community Centre - Camino Wellness + Mental Health,236,852,89,89,88,88,3.5454545454545454,42.7752808988764,0,55,65,105,11,0,8529,15365,12891,17621,1574.0,957.0
2023-10-01,Forest Heights Community Centre - Neighbourhood Food Program - House of Friendship,643,2575,194,185,188,179,3.7819148936170213,44.32972972972973,0,90,270,193,81,9,8529,15365,12891,17621,1574.0,957.0
2023-10-01,Glencairn Mennonite Brethren Church,170,574,169,169,167,167,3.3832335329341316,42.10059171597633,0,34,79,44,13,0,8529,15365,12891,17621,1574.0,957.0
2023-10-01,Kingdom Community International ,140,347,85,85,83,83,2.216867469879518,48.34117647058824,1,22,23,64,30,0,8529,15365,12891,17621,1574.0,957.0
2023-10-01,Kingsdale Community Centre - Neighbourhood Food Program - House of Friendship,1000,2629,474,458,450,434,2.468888888888889,41.366812227074234,7,210,379,294,94,16,8529,15365,12891,17621,1574.0,957.0
2023-10-01,Kitchener Community Church and Family Care Centre,344,1112,297,297,295,295,3.4983050847457626,47.36363636363637,1,33,119,144,47,0,8529,15365,12891,17621,1574.0,957.0
2023-10-01,Langs,52,77,39,16,39,16,1.435897435897436,48.0625,0,0,16,11,2,23,8529,15365,12891,17621,1574.0,957.0
2023-10-01,Our Lady of Lourdes Conference - Society of St. Vincent de Paul,32,119,32,32,32,32,3.71875,42.03125,0,5,17,10,0,0,8529,15365,12891,17621,1574.0,957.0
2023-10-01,Paulander Community Centre - Camino Wellness + Mental Health,390,1241,132,125,128,121,3.125,49.104,1,27,93,210,52,7,8529,15365,12891,17621,1574.0,957.0
2023-10-01,Ray of Hope,274,608,272,272,271,271,2.225092250922509,44.0,1,48,105,103,17,0,8529,15365,12891,17621,1574.0,957.0
2023-10-01,Salvation Army Cambridge,356,925,356,355,355,354,2.602816901408451,47.48169014084507,0,52,110,153,40,1,8529,15365,12891,17621,1574.0,957.0
2023-10-01,Southwood Resource Centre - Kinbridge Community Association,7,26,7,7,7,7,3.7142857142857144,40.285714285714285,1,0,2,4,0,0,8529,15365,12891,17621,1574.0,957.0
2023-10-01,St. Agnes Conference - Society of St. Vincent de Paul,13,39,13,13,13,13,3.0,50.53846153846154,0,2,3,5,3,0,8529,15365,12891,17621,1574.0,957.0
2023-10-01,St. Aloysius Parish Food Pantry,5,16,5,5,5,5,3.2,49.4,0,0,1,4,0,0,8529,15365,12891,17621,1574.0,957.0
2023-10-01,St. Andrew's Hespler Presbyterian Church,35,90,35,35,35,35,2.5714285714285716,45.6,0,4,14,12,5,0,8529,15365,12891,17621,1574.0,957.0
2023-10-01,St. Anthony Daniel Conference - Society of St. Vincent de Paul,47,144,44,44,42,42,3.0,47.40909090909091,0,8,16,17,6,0,8529,15365,12891,17621,1574.0,957.0
2023-10-01,St. Columba Anglican Church,236,899,91,91,86,86,3.755813953488372,41.79120879120879,1,25,116,85,9,0,8529,15365,12891,17621,1574.0,957.0
2023-10-01,St. John's Anglican Church,46,85,46,46,46,46,1.8478260869565217,47.65217391304348,0,11,9,19,7,0,8529,15365,12891,17621,1574.0,957.0
2023-10-01,St. Mary's Conference - Society of St. Vincent de Paul,56,127,56,56,56,56,2.267857142857143,54.0,0,2,12,30,12,0,8529,15365,12891,17621,1574.0,957.0
2023-10-01,Stanley Park Community Centre,272,800,128,127,124,123,2.8548387096774195,41.67716535433071,4,58,100,75,34,1,8529,15365,12891,17621,1574.0,957.0
2023-10-01,Student Union Food Bank - Wilfrid Laurier University,47,47,47,0,47,0,1.0,,0,0,0,0,0,47,8529,15365,12891,17621,1574.0,957.0
2023-10-01,Sunnydale Community Centre - Neighbourhood Food Program - House of Friendship,539,2040,211,183,210,182,3.6904761904761907,43.650273224043715,2,62,216,185,46,28,8529,15365,12891,17621,1574.0,957.0
2023-10-01,Supportive Housing YWCA (Lincoln Road),78,174,29,29,29,29,2.2758620689655173,47.758620689655174,0,17,27,30,4,0,8529,15365,12891,17621,1574.0,957.0
2023-10-01,Supportive Housing of Waterloo (SHOW),66,66,24,24,24,24,1.0,54.041666666666664,0,0,16,49,1,0,8529,15365,12891,17621,1574.0,957.0
2023-10-01,Supportive Housing- Y.W.C.A. (Block Line),38,44,30,30,30,30,1.1333333333333333,46.5,0,1,15,22,0,0,8529,15365,12891,17621,1574.0,957.0
2023-10-01,THRIVE HIV,143,331,143,0,143,0,2.3146853146853146,,0,0,0,0,0,143,8529,15365,12891,17621,1574.0,957.0
2023-10-01,The Food Bank of Waterloo Region - Kitchener,4,16,4,4,4,4,4.0,48.5,0,2,1,0,1,0,8529,15365,12891,17621,1574.0,957.0
2023-10-01,Traverse Independence,19,22,19,18,19,18,1.1578947368421053,48.333333333333336,0,2,5,10,1,1,8529,15365,12891,17621,1574.0,957.0
2023-10-01,University of Waterloo Food Bank,305,305,305,0,305,0,1.0,,0,0,0,0,0,305,8529,15365,12891,17621,1574.0,957.0
2023-10-01,Victoria Hills - House of Friendship,779,2473,285,269,282,266,3.078014184397163,44.8550185873606,0,73,319,304,67,16,8529,15365,12891,17621,1574.0,957.0
2023-10-01,Wellesley Food Cupboard,39,155,23,23,23,23,4.260869565217392,38.95652173913044,0,13,14,12,0,0,8529,15365,12891,17621,1574.0,957.0
2023-10-01,Wilmot & Wellesley Resource Centre,297,864,117,109,116,108,2.913793103448276,47.981651376146786,3,28,105,115,38,8,8529,15365,12891,17621,1574.0,957.0
2023-10-01,Woolwich Community Services,788,2513,148,148,146,146,2.9178082191780823,48.29054054054054,1,53,297,264,173,0,8529,15365,12891,17621,1574.0,957.0
2023-10-01,oneROOF Youth Services,53,67,30,30,30,30,1.1666666666666667,23.066666666666666,0,53,0,0,0,0,8529,15365,12891,17621,1574.0,957.0
2023-11-01,All Saints' Anglican Church,62,192,33,33,33,33,3.4242424242424243,39.696969696969695,0,14,29,19,0,0,8708,15541,12961,17704,1557.0,971.0
2023-11-01,Anishnabeg Outreach - Spirit Bundle ,651,2202,651,0,651,0,3.3824884792626726,,0,0,0,0,0,651,8708,15541,12961,17704,1557.0,971.0
2023-11-01,Cambridge Food Bank - Cambridge,1660,4014,1624,1623,1613,1612,2.4482331060136393,44.33703019100431,3,301,609,599,147,1,8708,15541,12961,17704,1557.0,971.0
2023-11-01,Centreville Chicopee Community Centre - Neighbourhood Food Program - House of Friendship,906,2972,308,277,305,274,3.1639344262295084,45.25270758122743,2,87,330,378,78,31,8708,15541,12961,17704,1557.0,971.0
2023-11-01,Chandler Mowat Community Centre - Neighbourhood Food Program - House of Friendship,1119,3812,368,334,362,328,3.281767955801105,42.56287425149701,0,191,487,307,100,34,8708,15541,12961,17704,1557.0,971.0
2023-11-01,Christopher Champlain Resource Centre - Kinbridge Community Association,7,22,5,5,5,5,3.6,46.6,0,1,4,1,1,0,8708,15541,12961,17704,1557.0,971.0
2023-11-01,Courtland Shelley Community Centre - Neighbourhood Food Program - House of Friendship,257,656,82,82,81,81,2.691358024691358,53.71951219512195,0,17,52,104,84,0,8708,15541,12961,17704,1557.0,971.0
2023-11-01,Emergency Food Hamper Program - House of Friendship,3796,11393,3631,3622,3582,3573,2.9768285873813514,40.41275538376588,9,1033,1439,1078,228,9,8708,15541,12961,17704,1557.0,971.0
2023-11-01,Emmanuel United Church - Waterloo Wayside ,346,1048,168,161,163,156,2.687116564417178,42.37888198757764,0,72,102,134,31,7,8708,15541,12961,17704,1557.0,971.0
2023-11-01,Erb West Community Centre - Camino Wellness + Mental Health,284,1062,86,86,85,85,3.7058823529411766,41.58139534883721,4,59,83,129,9,0,8708,15541,12961,17704,1557.0,971.0
2023-11-01,Forest Heights Community Centre - Neighbourhood Food Program - House of Friendship,494,1964,185,182,180,177,3.8944444444444444,44.01648351648352,3,73,201,154,60,3,8708,15541,12961,17704,1557.0,971.0
2023-11-01,Glencairn Mennonite Brethren Church,207,712,207,207,204,204,3.4558823529411766,43.666666666666664,1,35,91,62,18,0,8708,15541,12961,17704,1557.0,971.0
2023-11-01,Kingdom Community International ,157,405,87,87,83,83,2.4578313253012047,48.98850574712644,2,17,39,63,36,0,8708,15541,12961,17704,1557.0,971.0
2023-11-01,Kingsdale Community Centre - Neighbourhood Food Program - House of Friendship,1159,3004,482,467,457,442,2.4332603938730855,41.78372591006424,0,257,445,327,115,15,8708,15541,12961,17704,1557.0,971.0
2023-11-01,Kitchener Community Church and Family Care Centre,149,262,86,86,86,86,1.802325581395349,54.05813953488372,0,12,25,79,33,0,8708,15541,12961,17704,1557.0,971.0
2023-11-01,Langs,60,107,45,24,44,23,1.8409090909090908,45.791666666666664,0,1,25,10,3,21,8708,15541,12961,17704,1557.0,971.0
2023-11-01,Our Lady of Lourdes Conference - Society of St. Vincent de Paul,42,130,39,39,39,39,3.0,43.92307692307692,0,9,15,16,2,0,8708,15541,12961,17704,1557.0,971.0
2023-11-01,Paulander Community Centre - Camino Wellness + Mental Health,385,1168,153,129,150,126,2.933333333333333,49.53488372093023,1,26,81,203,50,24,8708,15541,12961,17704,1557.0,971.0
2023-11-01,Ray of Hope,278,639,278,278,277,277,2.296028880866426,45.3705035971223,0,42,99,116,21,0,8708,15541,12961,17704,1557.0,971.0
2023-11-01,Salvation Army Cambridge,435,1136,426,426,425,425,2.6164705882352943,48.328638497652584,0,58,130,193,54,0,8708,15541,12961,17704,1557.0,971.0
2023-11-01,Southwood Resource Centre - Kinbridge Community Association,4,15,4,4,4,4,3.75,35.75,1,0,1,2,0,0,8708,15541,12961,17704,1557.0,971.0
2023-11-01,St. Agnes Conference - Society of St. Vincent de Paul,13,33,13,13,13,13,2.5384615384615383,50.84615384615385,0,2,2,6,3,0,8708,15541,12961,17704,1557.0,971.0
2023-11-01,St. Aloysius Parish Food Pantry,8,23,8,8,8,8,2.875,39.5,1,2,2,2,1,0,8708,15541,12961,17704,1557.0,971.0
2023-11-01,St. Andrew's Hespler Presbyterian Church,29,82,29,29,29,29,2.8275862068965516,41.310344827586206,0,4,16,8,1,0,8708,15541,12961,17704,1557.0,971.0
2023-11-01,St. Anthony Daniel Conference - Society of St. Vincent de Paul,66,190,64,64,64,64,2.71875,45.671875,1,14,21,19,11,0,8708,15541,12961,17704,1557.0,971.0
2023-11-01,St. Columba Anglican Church,205,662,92,92,89,89,3.235955056179775,41.21739130434783,1,27,91,76,10,0,8708,15541,12961,17704,1557.0,971.0
2023-11-01,St. John's Anglican Church,47,84,47,47,47,47,1.7872340425531914,49.08510638297872,0,8,11,21,7,0,8708,15541,12961,17704,1557.0,971.0
2023-11-01,St. Mary's Conference - Society of St. Vincent de Paul,105,258,93,93,93,93,2.4623655913978495,47.763440860215056,0,13,31,49,12,0,8708,15541,12961,17704,1557.0,971.0
2023-11-01,Stanley Park Community Centre,312,963,126,125,119,118,2.907563025210084,42.496,2,47,117,104,41,1,8708,15541,12961,17704,1557.0,971.0
2023-11-01,Student Union Food Bank - Wilfrid Laurier University,51,51,51,0,51,0,1.0,,0,0,0,0,0,51,8708,15541,12961,17704,1557.0,971.0
2023-11-01,Sunnydale Community Centre - Neighbourhood Food Program - House of Friendship,686,2469,239,200,236,197,3.2838983050847457,44.25,0,79,258,256,54,39,8708,15541,12961,17704,1557.0,971.0
2023-11-01,Supportive Housing YWCA (Lincoln Road),51,91,22,22,22,22,2.1363636363636362,51.18181818181818,0,9,17,22,3,0,8708,15541,12961,17704,1557.0,971.0
2023-11-01,Supportive Housing of Waterloo (SHOW),55,57,24,24,24,24,1.0,52.166666666666664,0,0,10,45,0,0,8708,15541,12961,17704,1557.0,971.0
2023-11-01,Supportive Housing- Y.W.C.A. (Block Line),50,60,32,32,32,32,1.21875,45.375,0,2,22,26,0,0,8708,15541,12961,17704,1557.0,971.0
2023-11-01,THRIVE HIV,231,544,231,0,231,0,2.354978354978355,,0,0,0,0,0,231,8708,15541,12961,17704,1557.0,971.0
2023-11-01,The Food Bank of Waterloo Region - Kitchener,2,8,2,2,2,2,4.0,32.5,0,1,1,0,0,0,8708,15541,12961,17704,1557.0,971.0
2023-11-01,Traverse Independence,28,38,28,25,28,25,1.3571428571428572,50.12,0,2,6,15,2,3,8708,15541,12961,17704,1557.0,971.0
2023-11-01,University of Waterloo Food Bank,180,180,180,0,180,0,1.0,,0,0,0,0,0,180,8708,15541,12961,17704,1557.0,971.0
2023-11-01,Victoria Hills - House of Friendship,789,2545,289,272,284,267,3.1619718309859155,44.93382352941177,0,74,316,311,71,17,8708,15541,12961,17704,1557.0,971.0
2023-11-01,Wellesley Food Cupboard,41,151,22,22,22,22,3.8181818181818183,38.31818181818182,0,14,18,9,0,0,8708,15541,12961,17704,1557.0,971.0
2023-11-01,Wilmot & Wellesley Resource Centre,323,955,126,123,124,121,2.879032258064516,45.3739837398374,4,35,122,118,41,3,8708,15541,12961,17704,1557.0,971.0
2023-11-01,Woolwich Community Services,1076,3334,191,191,185,185,2.67027027027027,47.33507853403141,4,144,386,338,204,0,8708,15541,12961,17704,1557.0,971.0
2023-11-01,oneROOF Youth Services,69,90,35,35,35,35,1.2857142857142858,23.02857142857143,0,69,0,0,0,0,8708,15541,12961,17704,1557.0,971.0
2023-12-01,All Saints' Anglican Church,59,187,36,35,35,34,3.1714285714285713,40.457142857142856,0,13,22,23,0,1,8794,15707,12946,17647,1510.0,971.0
2023-12-01,Anishnabeg Outreach - Spirit Bundle ,503,1701,503,0,503,0,3.381709741550696,,0,0,0,0,0,503,8794,15707,12946,17647,1510.0,971.0
2023-12-01,Cambridge Food Bank - Cambridge,1756,4298,1724,1723,1714,1713,2.4731621936989496,45.5507835171213,7,276,610,689,173,1,8794,15707,12946,17647,1510.0,971.0
2023-12-01,Centreville Chicopee Community Centre - Neighbourhood Food Program - House of Friendship,547,1841,270,251,269,250,3.2713754646840147,45.39043824701195,0,50,206,225,47,19,8794,15707,12946,17647,1510.0,971.0
2023-12-01,Chandler Mowat Community Centre - Neighbourhood Food Program - House of Friendship,668,2306,320,286,316,282,3.2468354430379747,43.22727272727273,1,83,291,202,57,34,8794,15707,12946,17647,1510.0,971.0
2023-12-01,Christopher Champlain Resource Centre - Kinbridge Community Association,7,22,6,6,6,6,3.0,53.333333333333336,0,0,2,4,1,0,8794,15707,12946,17647,1510.0,971.0
2023-12-01,Courtland Shelley Community Centre - Neighbourhood Food Program - House of Friendship,189,491,79,78,79,78,2.6455696202531644,54.30769230769231,1,9,34,81,63,1,8794,15707,12946,17647,1510.0,971.0
2023-12-01,Emergency Food Hamper Program - House of Friendship,3251,10641,3073,3056,3025,3008,3.2436363636363637,41.95451570680628,8,673,1324,1008,221,17,8794,15707,12946,17647,1510.0,971.0
2023-12-01,Emmanuel United Church - Waterloo Wayside ,277,787,161,148,158,145,2.5569620253164556,41.263513513513516,0,72,90,78,24,13,8794,15707,12946,17647,1510.0,971.0
2023-12-01,Erb West Community Centre - Camino Wellness + Mental Health,191,684,86,86,85,85,3.552941176470588,43.47674418604651,3,40,45,93,10,0,8794,15707,12946,17647,1510.0,971.0
2023-12-01,Forest Heights Community Centre - Neighbourhood Food Program - House of Friendship,401,1573,189,177,187,175,3.828877005347594,44.85875706214689,1,58,159,129,42,12,8794,15707,12946,17647,1510.0,971.0
2023-12-01,Glencairn Mennonite Brethren Church,180,632,180,180,176,176,3.5511363636363638,42.13333333333333,0,34,83,53,10,0,8794,15707,12946,17647,1510.0,971.0
2023-12-01,Kingdom Community International ,191,493,108,108,105,105,2.5142857142857142,45.398148148148145,0,32,66,61,32,0,8794,15707,12946,17647,1510.0,971.0
2023-12-01,Kingsdale Community Centre - Neighbourhood Food Program - House of Friendship,669,1845,375,368,359,352,2.5933147632311977,41.61413043478261,1,145,262,188,66,7,8794,15707,12946,17647,1510.0,971.0
2023-12-01,Kitchener Community Church and Family Care Centre,120,197,76,76,76,76,1.6973684210526316,57.328947368421055,0,7,15,65,33,0,8794,15707,12946,17647,1510.0,971.0
2023-12-01,Langs,35,61,30,19,30,19,1.8666666666666667,41.8421052631579,0,2,14,8,0,11,8794,15707,12946,17647,1510.0,971.0
2023-12-01,Our Lady of Lourdes Conference - Society of St. Vincent de Paul,33,112,30,30,30,30,3.4,40.2,0,9,13,10,1,0,8794,15707,12946,17647,1510.0,971.0
2023-12-01,Paulander Community Centre - Camino Wellness + Mental Health,293,936,138,131,133,126,3.18796992481203,48.595419847328245,4,23,69,154,36,7,8794,15707,12946,17647,1510.0,971.0
2023-12-01,Ray of Hope,235,579,233,233,230,230,2.482608695652174,44.81545064377682,0,39,88,92,16,0,8794,15707,12946,17647,1510.0,971.0
2023-12-01,Salvation Army Cambridge,323,839,321,321,319,319,2.605015673981191,47.850467289719624,0,39,101,151,32,0,8794,15707,12946,17647,1510.0,971.0
2023-12-01,Southwood Resource Centre - Kinbridge Community Association,3,11,3,3,3,3,3.6666666666666665,31.333333333333332,1,0,1,1,0,0,8794,15707,12946,17647,1510.0,971.0
2023-12-01,St. Aloysius Parish Food Pantry,3,17,3,3,3,3,5.666666666666667,40.0,0,0,2,1,0,0,8794,15707,12946,17647,1510.0,971.0
2023-12-01,St. Andrew's Hespler Presbyterian Church,34,96,34,34,34,34,2.823529411764706,44.73529411764706,0,5,16,10,3,0,8794,15707,12946,17647,1510.0,971.0
2023-12-01,St. Anthony Daniel Conference - Society of St. Vincent de Paul,51,139,49,49,48,48,2.7916666666666665,46.91836734693877,0,5,21,21,4,0,8794,15707,12946,17647,1510.0,971.0
2023-12-01,St. Columba Anglican Church,143,452,71,71,71,71,3.267605633802817,42.53521126760563,0,19,64,55,5,0,8794,15707,12946,17647,1510.0,971.0
2023-12-01,St. John's Anglican Church,42,86,42,42,42,42,2.0476190476190474,52.23809523809524,0,3,9,22,8,0,8794,15707,12946,17647,1510.0,971.0
2023-12-01,St. Mary's Conference - Society of St. Vincent de Paul,130,340,117,117,117,117,2.4957264957264957,48.60683760683761,0,10,48,54,18,0,8794,15707,12946,17647,1510.0,971.0
2023-12-01,Stanley Park Community Centre,199,642,115,115,110,110,3.1454545454545455,42.03478260869565,1,28,91,54,25,0,8794,15707,12946,17647,1510.0,971.0
2023-12-01,Student Union Food Bank - Wilfrid Laurier University,60,98,60,0,60,0,1.6333333333333333,,0,0,0,0,0,60,8794,15707,12946,17647,1510.0,971.0
2023-12-01,Sunnydale Community Centre - Neighbourhood Food Program - House of Friendship,421,1577,192,176,188,172,3.702127659574468,43.40909090909091,3,48,171,154,29,16,8794,15707,12946,17647,1510.0,971.0
2023-12-01,Supportive Housing YWCA (Lincoln Road),31,46,15,15,15,15,1.2666666666666666,48.266666666666666,0,8,11,12,0,0,8794,15707,12946,17647,1510.0,971.0
2023-12-01,Supportive Housing of Waterloo (SHOW),49,50,22,22,22,22,1.0454545454545454,53.31818181818182,0,0,10,37,2,0,8794,15707,12946,17647,1510.0,971.0
2023-12-01,Supportive Housing- Y.W.C.A. (Block Line),54,67,34,34,34,34,1.2058823529411764,46.529411764705884,0,2,25,27,0,0,8794,15707,12946,17647,1510.0,971.0
2023-12-01,THRIVE HIV,101,394,101,0,101,0,3.900990099009901,,0,0,0,0,0,101,8794,15707,12946,17647,1510.0,971.0
2023-12-01,The Food Bank of Waterloo Region - Kitchener,6,9,6,4,6,4,1.5,35.75,0,2,0,2,0,2,8794,15707,12946,17647,1510.0,971.0
2023-12-01,Traverse Independence,4,4,4,4,4,4,1.0,51.25,0,0,1,3,0,0,8794,15707,12946,17647,1510.0,971.0
2023-12-01,University of Waterloo Food Bank,99,99,99,0,99,0,1.0,,0,0,0,0,0,99,8794,15707,12946,17647,1510.0,971.0
2023-12-01,Victoria Hills - House of Friendship,590,1912,277,257,276,256,3.148550724637681,44.992217898832685,0,60,233,232,45,20,8794,15707,12946,17647,1510.0,971.0
2023-12-01,Wellesley Food Cupboard,22,73,20,20,20,20,3.3,41.5,0,6,8,7,1,0,8794,15707,12946,17647,1510.0,971.0
2023-12-01,Wilmot & Wellesley Resource Centre,253,743,121,116,119,114,2.8907563025210083,46.66379310344828,3,20,99,93,33,5,8794,15707,12946,17647,1510.0,971.0
2023-12-01,Woolwich Community Services,757,2242,160,160,156,156,2.7756410256410255,46.6,1,111,298,228,119,0,8794,15707,12946,17647,1510.0,971.0
2023-12-01,oneROOF Youth Services,47,56,28,28,28,28,1.25,22.785714285714285,0,47,0,0,0,0,8794,15707,12946,17647,1510.0,971.0
2024-01-01,All Saints' Anglican Church,133,428,52,52,51,51,3.215686274509804,40.65384615384615,0,21,64,48,0,0,8940,15880,12882,17567,1483.0,977.0
2024-01-01,Anishnabeg Outreach - Spirit Bundle ,580,1971,580,0,580,0,3.3982758620689655,,0,0,0,0,0,580,8940,15880,12882,17567,1483.0,977.0
2024-01-01,Cambridge Food Bank - Cambridge,1675,4132,1639,1635,1624,1620,2.497536945812808,44.68134556574923,6,292,587,645,141,4,8940,15880,12882,17567,1483.0,977.0
2024-01-01,Centreville Chicopee Community Centre - Neighbourhood Food Program - House of Friendship,735,2424,283,262,280,259,3.2285714285714286,45.530534351145036,0,63,273,318,60,21,8940,15880,12882,17567,1483.0,977.0
2024-01-01,Chandler Mowat Community Centre - Neighbourhood Food Program - House of Friendship,646,2245,314,280,311,277,3.247588424437299,43.371428571428574,3,94,252,210,53,34,8940,15880,12882,17567,1483.0,977.0
2024-01-01,Christopher Champlain Resource Centre - Kinbridge Community Association,10,27,10,9,10,9,2.7,49.44444444444444,0,1,3,3,2,1,8940,15880,12882,17567,1483.0,977.0
2024-01-01,Courtland Shelley Community Centre - Neighbourhood Food Program - House of Friendship,260,702,82,82,82,82,2.817073170731707,53.40243902439025,4,18,55,105,78,0,8940,15880,12882,17567,1483.0,977.0
2024-01-01,Emergency Food Hamper Program - House of Friendship,3370,10878,3197,3188,3135,3126,3.2328548644338118,41.27728983688833,10,758,1378,1034,181,9,8940,15880,12882,17567,1483.0,977.0
2024-01-01,Emmanuel United Church - Waterloo Wayside ,305,776,188,150,183,145,2.4863387978142075,41.74666666666667,0,89,61,96,21,38,8940,15880,12882,17567,1483.0,977.0
2024-01-01,Erb West Community Centre - Camino Wellness + Mental Health,246,872,97,97,95,95,3.568421052631579,43.79381443298969,4,39,66,122,15,0,8940,15880,12882,17567,1483.0,977.0
2024-01-01,Forest Heights Community Centre - Neighbourhood Food Program - House of Friendship,532,2081,213,189,207,183,3.7004830917874396,44.645502645502646,0,66,204,176,62,24,8940,15880,12882,17567,1483.0,977.0
2024-01-01,Glencairn Mennonite Brethren Church,180,610,179,179,177,177,3.406779661016949,43.37988826815643,0,28,84,57,11,0,8940,15880,12882,17567,1483.0,977.0
2024-01-01,Kingdom Community International ,178,396,121,121,117,117,2.0085470085470085,41.900826446280995,1,49,68,46,14,0,8940,15880,12882,17567,1483.0,977.0
2024-01-01,Kingsdale Community Centre - Neighbourhood Food Program - House of Friendship,841,2365,379,369,360,350,2.761111111111111,43.71273712737128,3,127,360,253,88,10,8940,15880,12882,17567,1483.0,977.0
2024-01-01,Kitchener Community Church and Family Care Centre,346,1043,282,282,279,279,3.379928315412186,48.751773049645394,0,27,103,159,57,0,8940,15880,12882,17567,1483.0,977.0
2024-01-01,Langs,65,92,44,25,44,25,1.5227272727272727,43.04,0,13,19,11,3,19,8940,15880,12882,17567,1483.0,977.0
2024-01-01,Our Lady of Lourdes Conference - Society of St. Vincent de Paul,38,118,38,38,38,38,3.1052631578947367,43.921052631578945,0,7,14,14,3,0,8940,15880,12882,17567,1483.0,977.0
2024-01-01,Paulander Community Centre - Camino Wellness + Mental Health,343,1141,128,125,124,121,3.3225806451612905,50.192,2,23,84,187,44,3,8940,15880,12882,17567,1483.0,977.0
2024-01-01,Ray of Hope,285,676,284,284,283,283,2.374558303886926,45.063380281690144,0,41,111,110,23,0,8940,15880,12882,17567,1483.0,977.0
2024-01-01,Salvation Army Cambridge,411,1086,405,405,403,403,2.662531017369727,48.30864197530864,0,47,141,167,56,0,8940,15880,12882,17567,1483.0,977.0
2024-01-01,St. Agnes Conference - Society of St. Vincent de Paul,12,28,12,12,12,12,2.3333333333333335,54.583333333333336,0,1,2,6,3,0,8940,15880,12882,17567,1483.0,977.0
2024-01-01,St. Andrew's Hespler Presbyterian Church,29,89,29,29,29,29,3.0689655172413794,43.93103448275862,0,4,14,7,4,0,8940,15880,12882,17567,1483.0,977.0
2024-01-01,St. Anthony Daniel Conference - Society of St. Vincent de Paul,60,167,54,54,53,53,2.830188679245283,44.05555555555556,2,8,28,15,7,0,8940,15880,12882,17567,1483.0,977.0
2024-01-01,St. Columba Anglican Church,180,507,77,76,72,71,2.9722222222222223,41.96052631578947,0,43,67,64,5,1,8940,15880,12882,17567,1483.0,977.0
2024-01-01,St. John's Anglican Church,45,91,45,45,44,44,2.0454545454545454,49.2,0,7,11,17,10,0,8940,15880,12882,17567,1483.0,977.0
2024-01-01,St. Mary's Conference - Society of St. Vincent de Paul,111,258,104,104,104,104,2.298076923076923,48.61538461538461,0,11,35,45,20,0,8940,15880,12882,17567,1483.0,977.0
2024-01-01,Stanley Park Community Centre,334,1046,135,135,125,125,3.04,41.71851851851852,0,59,146,82,47,0,8940,15880,12882,17567,1483.0,977.0
2024-01-01,Student Union Food Bank - Wilfrid Laurier University,40,40,40,0,40,0,1.0,,0,0,0,0,0,40,8940,15880,12882,17567,1483.0,977.0
2024-01-01,Sunnydale Community Centre - Neighbourhood Food Program - House of Friendship,398,1513,194,170,190,166,3.668421052631579,43.77647058823529,4,44,153,148,25,24,8940,15880,12882,17567,1483.0,977.0
2024-01-01,Supportive Housing YWCA (Lincoln Road),55,111,26,26,26,26,2.0384615384615383,45.92307692307692,0,8,27,18,2,0,8940,15880,12882,17567,1483.0,977.0
2024-01-01,Supportive Housing of Waterloo (SHOW),63,65,24,24,24,24,1.0416666666666667,53.583333333333336,0,0,13,48,2,0,8940,15880,12882,17567,1483.0,977.0
2024-01-01,Supportive Housing- Y.W.C.A. (Block Line),72,86,35,35,34,34,1.1764705882352942,45.628571428571426,0,1,35,36,0,0,8940,15880,12882,17567,1483.0,977.0
2024-01-01,THRIVE HIV,175,513,175,0,175,0,2.9314285714285715,,0,0,0,0,0,175,8940,15880,12882,17567,1483.0,977.0
2024-01-01,The Food Bank of Waterloo Region - Kitchener,3,7,3,3,3,3,2.3333333333333335,52.0,0,2,0,0,1,0,8940,15880,12882,17567,1483.0,977.0
2024-01-01,Traverse Independence,21,24,20,19,20,19,1.15,53.89473684210526,0,0,4,14,2,1,8940,15880,12882,17567,1483.0,977.0
2024-01-01,University of Waterloo Food Bank,151,151,151,0,151,0,1.0,,0,0,0,0,0,151,8940,15880,12882,17567,1483.0,977.0
2024-01-01,Victoria Hills - House of Friendship,772,2515,289,256,288,255,3.1979166666666665,45.2578125,0,73,288,320,58,33,8940,15880,12882,17567,1483.0,977.0
2024-01-01,Wellesley Food Cupboard,40,139,21,21,21,21,3.5714285714285716,40.0,0,9,18,13,0,0,8940,15880,12882,17567,1483.0,977.0
2024-01-01,Wilmot & Wellesley Resource Centre,318,965,110,108,108,106,3.009259259259259,44.611111111111114,5,34,119,119,39,2,8940,15880,12882,17567,1483.0,977.0
2024-01-01,Woolwich Community Services,996,3173,187,187,178,178,2.769662921348315,46.24598930481283,10,99,418,320,149,0,8940,15880,12882,17567,1483.0,977.0
2024-01-01,oneROOF Youth Services,69,79,36,36,36,36,1.25,22.86111111111111,1,68,0,0,0,0,8940,15880,12882,17567,1483.0,977.0
2024-02-01,All Saints' Anglican Church,99,346,54,54,53,53,3.3207547169811322,40.851851851851855,1,16,51,31,0,0,9080,16077,13012,17774,1483.0,995.0
2024-02-01,Anishnabeg Outreach - Spirit Bundle ,604,2060,604,0,604,0,3.410596026490066,,0,0,0,0,0,604,9080,16077,13012,17774,1483.0,995.0
2024-02-01,Cambridge Food Bank - Cambridge,1723,4212,1690,1689,1677,1676,2.4710793082886107,44.651865008880996,3,296,617,654,152,1,9080,16077,13012,17774,1483.0,995.0
2024-02-01,Centreville Chicopee Community Centre - Neighbourhood Food Program - House of Friendship,755,2472,288,277,284,273,3.186619718309859,45.47653429602888,2,65,291,319,67,11,9080,16077,13012,17774,1483.0,995.0
2024-02-01,Chandler Mowat Community Centre - Neighbourhood Food Program - House of Friendship,1103,3837,373,329,369,325,3.149051490514905,43.015197568389056,0,161,443,360,95,44,9080,16077,13012,17774,1483.0,995.0
2024-02-01,Christopher Champlain Resource Centre - Kinbridge Community Association,16,42,14,12,14,12,2.857142857142857,48.5,1,1,2,8,2,2,9080,16077,13012,17774,1483.0,995.0
2024-02-01,Courtland Shelley Community Centre - Neighbourhood Food Program - House of Friendship,266,730,91,90,90,89,2.7666666666666666,52.93333333333333,4,15,57,109,80,1,9080,16077,13012,17774,1483.0,995.0
2024-02-01,Eby Village / Charles Village - Mobile Pantry,58,70,38,38,37,37,1.2162162162162162,55.421052631578945,0,0,10,41,7,0,9080,16077,13012,17774,1483.0,995.0
2024-02-01,Emergency Food Hamper Program - House of Friendship,3354,10861,3206,3197,3157,3148,3.231548938866012,41.637472630591176,9,713,1399,1025,199,9,9080,16077,13012,17774,1483.0,995.0
2024-02-01,Emmanuel United Church - Waterloo Wayside ,376,918,229,194,225,190,2.4355555555555557,39.51030927835052,0,115,109,101,16,35,9080,16077,13012,17774,1483.0,995.0
2024-02-01,Erb West Community Centre - Camino Wellness + Mental Health,192,695,82,82,80,80,3.5,42.59756097560975,6,32,51,94,9,0,9080,16077,13012,17774,1483.0,995.0
2024-02-01,Forest Heights Community Centre - Neighbourhood Food Program - House of Friendship,589,2316,216,209,209,202,3.7942583732057416,45.04306220095694,1,85,246,188,62,7,9080,16077,13012,17774,1483.0,995.0
2024-02-01,Glencairn Mennonite Brethren Church,208,731,208,208,207,207,3.5120772946859904,42.65384615384615,1,32,96,69,10,0,9080,16077,13012,17774,1483.0,995.0
2024-02-01,Indwell - 140 Weber Street E,47,47,24,22,24,22,1.0,46.13636363636363,0,6,18,21,0,2,9080,16077,13012,17774,1483.0,995.0
2024-02-01,Kingdom Community International ,233,582,145,144,141,140,2.3617021276595747,40.125,3,46,128,42,13,1,9080,16077,13012,17774,1483.0,995.0
2024-02-01,Kingsdale Community Centre - Neighbourhood Food Program - House of Friendship,948,2681,434,414,417,397,2.6235011990407675,42.42028985507246,3,162,376,280,107,20,9080,16077,13012,17774,1483.0,995.0
2024-02-01,Kitchener Community Church and Family Care Centre,407,1266,359,359,358,358,3.346368715083799,45.49860724233983,0,54,143,166,44,0,9080,16077,13012,17774,1483.0,995.0
2024-02-01,Langs,71,125,49,29,49,29,2.1020408163265305,43.55172413793103,0,4,34,12,1,20,9080,16077,13012,17774,1483.0,995.0
2024-02-01,Our Lady of Lourdes Conference - Society of St. Vincent de Paul,45,150,43,43,43,43,3.3488372093023258,44.74418604651163,0,8,16,18,3,0,9080,16077,13012,17774,1483.0,995.0
2024-02-01,Paulander Community Centre - Camino Wellness + Mental Health,287,1009,131,128,128,125,3.6171875,49.8671875,1,24,65,158,36,3,9080,16077,13012,17774,1483.0,995.0
2024-02-01,Ray of Hope,310,722,310,310,308,308,2.3214285714285716,45.438709677419354,2,38,124,120,26,0,9080,16077,13012,17774,1483.0,995.0
2024-02-01,Salvation Army Cambridge,213,487,209,208,208,207,2.2836538461538463,47.97115384615385,0,24,71,92,25,1,9080,16077,13012,17774,1483.0,995.0
2024-02-01,St. Agnes Conference - Society of St. Vincent de Paul,11,26,11,11,11,11,2.3636363636363638,54.81818181818182,0,1,2,5,3,0,9080,16077,13012,17774,1483.0,995.0
2024-02-01,St. Aloysius Parish Food Pantry,11,41,10,10,10,10,3.8,41.7,0,0,6,5,0,0,9080,16077,13012,17774,1483.0,995.0
2024-02-01,St. Andrew's Hespler Presbyterian Church,30,73,30,30,30,30,2.433333333333333,46.766666666666666,0,4,11,9,6,0,9080,16077,13012,17774,1483.0,995.0
2024-02-01,St. Anthony Daniel Conference - Society of St. Vincent de Paul,58,169,58,58,57,57,2.9298245614035086,46.37931034482759,1,4,27,17,9,0,9080,16077,13012,17774,1483.0,995.0
2024-02-01,St. Columba Anglican Church,181,563,74,73,72,71,2.9305555555555554,42.0958904109589,0,34,73,67,6,1,9080,16077,13012,17774,1483.0,995.0
2024-02-01,St. John's Anglican Church,41,84,41,41,41,41,2.048780487804878,51.73170731707317,0,5,7,21,8,0,9080,16077,13012,17774,1483.0,995.0
2024-02-01,St. Mary's Conference - Society of St. Vincent de Paul,105,235,99,99,99,99,2.2222222222222223,49.505050505050505,0,9,35,41,20,0,9080,16077,13012,17774,1483.0,995.0
2024-02-01,Stanley Park Community Centre,297,948,133,133,128,128,2.984375,43.10526315789474,1,42,133,77,44,0,9080,16077,13012,17774,1483.0,995.0
2024-02-01,Student Union Food Bank - Wilfrid Laurier University,70,70,70,0,70,0,1.0,,0,0,0,0,0,70,9080,16077,13012,17774,1483.0,995.0
2024-02-01,Sunnydale Community Centre - Neighbourhood Food Program - House of Friendship,711,2648,236,205,229,198,3.558951965065502,43.68292682926829,5,90,250,279,56,31,9080,16077,13012,17774,1483.0,995.0
2024-02-01,Supportive Housing YWCA (Lincoln Road),21,48,21,21,21,21,2.2857142857142856,48.57142857142857,0,1,9,10,1,0,9080,16077,13012,17774,1483.0,995.0
2024-02-01,Supportive Housing of Waterloo (SHOW),61,65,27,27,27,27,1.0740740740740742,53.592592592592595,0,0,13,46,2,0,9080,16077,13012,17774,1483.0,995.0
2024-02-01,Supportive Housing- Y.W.C.A. (Block Line),42,48,27,27,26,26,1.1153846153846154,47.074074074074076,0,0,17,23,2,0,9080,16077,13012,17774,1483.0,995.0
2024-02-01,THRIVE HIV,243,628,243,0,243,0,2.5843621399176953,,0,0,0,0,0,243,9080,16077,13012,17774,1483.0,995.0
2024-02-01,Traverse Independence,31,41,24,23,24,23,1.25,54.47826086956522,0,0,6,21,3,1,9080,16077,13012,17774,1483.0,995.0
2024-02-01,Victoria Hills - House of Friendship,672,2190,306,277,306,277,3.0947712418300655,44.59927797833935,0,68,273,254,48,29,9080,16077,13012,17774,1483.0,995.0
2024-02-01,Wellesley Food Cupboard,41,152,25,25,25,25,3.84,39.44,0,8,20,13,0,0,9080,16077,13012,17774,1483.0,995.0
2024-02-01,Wilmot & Wellesley Resource Centre,308,838,120,120,117,117,2.658119658119658,45.233333333333334,5,37,109,124,33,0,9080,16077,13012,17774,1483.0,995.0
2024-02-01,Woolwich Community Services,1113,3353,272,219,263,210,2.536121673003802,46.1324200913242,13,114,428,341,164,53,9080,16077,13012,17774,1483.0,995.0
2024-02-01,oneROOF Youth Services,32,33,22,22,22,22,1.0454545454545454,23.363636363636363,0,32,0,0,0,0,9080,16077,13012,17774,1483.0,995.0
2024-03-01,All Saints' Anglican Church,104,359,52,52,51,51,3.450980392156863,41.40384615384615,2,15,55,32,0,0,9084,16068,12974,17733,1481.0,983.0
2024-03-01,Anishnabeg Outreach - Spirit Bundle ,503,1709,503,0,503,0,3.3976143141153083,,0,0,0,0,0,503,9084,16068,12974,17733,1481.0,983.0
2024-03-01,Cambridge Food Bank - Cambridge,1743,4145,1687,1686,1674,1673,2.423536439665472,45.00415183867141,5,289,628,651,169,1,9084,16068,12974,17733,1481.0,983.0
2024-03-01,Centreville Chicopee Community Centre - Neighbourhood Food Program - House of Friendship,781,2520,307,289,302,284,3.1357615894039736,44.78546712802768,1,74,314,316,58,18,9084,16068,12974,17733,1481.0,983.0
2024-03-01,Chandler Mowat Community Centre - Neighbourhood Food Program - House of Friendship,913,3145,355,328,353,326,3.3059490084985836,43.301829268292686,3,131,381,280,91,27,9084,16068,12974,17733,1481.0,983.0
2024-03-01,Christopher Champlain Resource Centre - Kinbridge Community Association,18,49,13,10,13,10,3.076923076923077,48.2,3,1,1,8,2,3,9084,16068,12974,17733,1481.0,983.0
2024-03-01,Courtland Shelley Community Centre - Neighbourhood Food Program - House of Friendship,281,731,92,92,92,92,2.6847826086956523,52.96739130434783,7,20,55,122,77,0,9084,16068,12974,17733,1481.0,983.0
2024-03-01,Eby Village / Charles Village - Mobile Pantry,52,66,39,39,38,38,1.263157894736842,53.38461538461539,0,4,9,33,6,0,9084,16068,12974,17733,1481.0,983.0
2024-03-01,Emergency Food Hamper Program - House of Friendship,3261,10642,3112,3112,3078,3078,3.2680311890838207,42.515745501285345,5,622,1336,1090,208,0,9084,16068,12974,17733,1481.0,983.0
2024-03-01,Emmanuel United Church - Waterloo Wayside ,482,1106,212,211,209,208,2.1961722488038276,38.41706161137441,0,169,158,133,21,1,9084,16068,12974,17733,1481.0,983.0
2024-03-01,Erb West Community Centre - Camino Wellness + Mental Health,190,652,91,89,90,88,3.433333333333333,43.50561797752809,3,28,58,89,10,2,9084,16068,12974,17733,1481.0,983.0
2024-03-01,Forest Heights Community Centre - Neighbourhood Food Program - House of Friendship,584,2328,205,202,201,198,3.8955223880597014,43.81188118811881,1,84,248,186,62,3,9084,16068,12974,17733,1481.0,983.0
2024-03-01,Glencairn Mennonite Brethren Church,183,661,182,182,180,180,3.588888888888889,43.59340659340659,0,32,74,66,11,0,9084,16068,12974,17733,1481.0,983.0
2024-03-01,Indwell - 140 Weber Street E,24,24,22,22,22,22,1.0,46.5,0,3,9,12,0,0,9084,16068,12974,17733,1481.0,983.0
2024-03-01,Kingdom Community International ,228,486,167,166,160,159,1.9875,37.024096385542165,4,67,108,40,8,1,9084,16068,12974,17733,1481.0,983.0
2024-03-01,Kingsdale Community Centre - Neighbourhood Food Program - House of Friendship,878,2505,407,398,384,375,2.7473958333333335,43.50251256281407,1,139,340,288,101,9,9084,16068,12974,17733,1481.0,983.0
2024-03-01,Kitchener Community Church and Family Care Centre,388,1189,335,335,334,334,3.3293413173652695,46.125373134328356,0,44,130,169,45,0,9084,16068,12974,17733,1481.0,983.0
2024-03-01,Langs,54,92,39,22,39,22,1.8205128205128205,43.45454545454545,1,3,26,5,2,17,9084,16068,12974,17733,1481.0,983.0
2024-03-01,Our Lady of Lourdes Conference - Society of St. Vincent de Paul,40,127,40,40,39,39,3.051282051282051,41.8,0,6,21,11,2,0,9084,16068,12974,17733,1481.0,983.0
2024-03-01,Paulander Community Centre - Camino Wellness + Mental Health,399,1305,149,138,147,136,3.251700680272109,47.57971014492754,1,46,87,203,51,11,9084,16068,12974,17733,1481.0,983.0
2024-03-01,Ray of Hope,308,723,308,308,307,307,2.3452768729641695,44.785714285714285,1,47,120,121,19,0,9084,16068,12974,17733,1481.0,983.0
2024-03-01,Salvation Army Cambridge,403,1072,400,399,399,398,2.656641604010025,48.32080200501253,0,41,135,179,47,1,9084,16068,12974,17733,1481.0,983.0
2024-03-01,Southwood Resource Centre - Kinbridge Community Association,5,10,5,3,5,3,2.0,40.333333333333336,0,0,2,1,0,2,9084,16068,12974,17733,1481.0,983.0
2024-03-01,St. Agnes Conference - Society of St. Vincent de Paul,13,31,13,13,13,13,2.3846153846153846,53.07692307692308,0,2,2,6,3,0,9084,16068,12974,17733,1481.0,983.0
2024-03-01,St. Aloysius Parish Food Pantry,9,30,8,8,8,8,3.25,43.125,0,2,1,6,0,0,9084,16068,12974,17733,1481.0,983.0
2024-03-01,St. Andrew's Hespler Presbyterian Church,37,89,37,37,37,37,2.4054054054054053,44.2972972972973,0,6,15,9,7,0,9084,16068,12974,17733,1481.0,983.0
2024-03-01,St. Anthony Daniel Conference - Society of St. Vincent de Paul,81,206,78,78,78,78,2.4871794871794872,46.73076923076923,1,7,39,23,11,0,9084,16068,12974,17733,1481.0,983.0
2024-03-01,St. Columba Anglican Church,189,557,88,87,84,83,3.0476190476190474,41.41379310344828,0,40,72,71,5,1,9084,16068,12974,17733,1481.0,983.0
2024-03-01,St. John's Anglican Church,47,94,47,47,46,46,2.0217391304347827,53.61702127659574,0,4,6,27,10,0,9084,16068,12974,17733,1481.0,983.0
2024-03-01,St. Mary's Conference - Society of St. Vincent de Paul,121,301,113,113,113,113,2.5132743362831858,49.67256637168141,0,11,36,50,24,0,9084,16068,12974,17733,1481.0,983.0
2024-03-01,Stanley Park Community Centre,302,875,128,128,124,124,2.8225806451612905,43.328125,1,38,130,88,45,0,9084,16068,12974,17733,1481.0,983.0
2024-03-01,Student Union Food Bank - Wilfrid Laurier University,60,60,60,0,60,0,1.0,,0,0,0,0,0,60,9084,16068,12974,17733,1481.0,983.0
2024-03-01,Sunnydale Community Centre - Neighbourhood Food Program - House of Friendship,631,2316,228,199,219,190,3.493150684931507,44.14572864321608,4,77,223,254,44,29,9084,16068,12974,17733,1481.0,983.0
2024-03-01,Supportive Housing YWCA (Lincoln Road),36,68,22,18,22,18,2.1818181818181817,48.22222222222222,0,2,11,17,2,4,9084,16068,12974,17733,1481.0,983.0
2024-03-01,Supportive Housing of Waterloo (SHOW),65,69,26,26,26,26,1.0769230769230769,54.26923076923077,0,0,14,46,5,0,9084,16068,12974,17733,1481.0,983.0
2024-03-01,Supportive Housing- Y.W.C.A. (Block Line),45,54,30,30,30,30,1.2,46.3,0,1,20,22,2,0,9084,16068,12974,17733,1481.0,983.0
2024-03-01,THRIVE HIV,241,660,241,0,241,0,2.7385892116182573,,0,0,0,0,0,241,9084,16068,12974,17733,1481.0,983.0
2024-03-01,The Food Bank of Waterloo Region - Kitchener,18,21,18,0,18,0,1.1666666666666667,,0,0,0,0,0,18,9084,16068,12974,17733,1481.0,983.0
2024-03-01,Traverse Independence,30,39,26,21,26,21,1.3461538461538463,55.38095238095238,0,0,4,16,5,5,9084,16068,12974,17733,1481.0,983.0
2024-03-01,University of Waterloo Food Bank,5,5,5,0,5,0,1.0,,0,0,0,0,0,5,9084,16068,12974,17733,1481.0,983.0
2024-03-01,Victoria Hills - House of Friendship,882,2897,338,300,333,295,3.036036036036036,44.24666666666667,2,81,354,348,59,38,9084,16068,12974,17733,1481.0,983.0
2024-03-01,Wellesley Food Cupboard,38,146,22,22,22,22,3.8181818181818183,41.63636363636363,0,6,20,12,0,0,9084,16068,12974,17733,1481.0,983.0
2024-03-01,Wilmot & Wellesley Resource Centre,357,1052,137,134,135,132,2.7555555555555555,45.38059701492537,6,56,123,128,41,3,9084,16068,12974,17733,1481.0,983.0
2024-03-01,Woolwich Community Services,1032,3116,247,173,245,171,2.6163265306122447,46.75722543352601,8,124,383,308,135,74,9084,16068,12974,17733,1481.0,983.0
2024-03-01,oneROOF Youth Services,5,7,5,5,5,5,1.4,26.8,0,4,1,0,0,0,9084,16068,12974,17733,1481.0,983.0
2024-04-01,All Saints' Anglican Church,90,285,44,44,44,44,3.022727272727273,40.93181818181818,0,13,48,29,0,0,9159,16149,13002,17779,1462.0,960.0
2024-04-01,Anishnabeg Outreach - Spirit Bundle ,507,1727,507,0,507,0,3.4063116370808677,,0,0,0,0,0,507,9159,16149,13002,17779,1462.0,960.0
2024-04-01,Cambridge Food Bank - Cambridge,1758,4229,1712,1712,1699,1699,2.4479105356091817,44.26401869158879,7,306,656,636,153,0,9159,16149,13002,17779,1462.0,960.0
2024-04-01,Centreville Chicopee Community Centre - Neighbourhood Food Program - House of Friendship,789,2531,315,284,310,279,3.109677419354839,45.53169014084507,1,68,299,321,69,31,9159,16149,13002,17779,1462.0,960.0
2024-04-01,Chandler Mowat Community Centre - Neighbourhood Food Program - House of Friendship,911,3172,337,322,333,318,3.3213213213213213,44.27329192546584,1,140,378,294,83,15,9159,16149,13002,17779,1462.0,960.0
2024-04-01,Christopher Champlain Resource Centre - Kinbridge Community Association,13,27,12,11,12,11,2.1666666666666665,39.27272727272727,1,4,1,4,2,1,9159,16149,13002,17779,1462.0,960.0
2024-04-01,Courtland Shelley Community Centre - Neighbourhood Food Program - House of Friendship,343,917,89,89,87,87,2.781609195402299,51.69662921348315,7,30,69,139,98,0,9159,16149,13002,17779,1462.0,960.0
2024-04-01,Eby Village / Charles Village - Mobile Pantry,53,69,36,36,36,36,1.3611111111111112,53.333333333333336,0,1,9,36,7,0,9159,16149,13002,17779,1462.0,960.0
2024-04-01,Emergency Food Hamper Program - House of Friendship,3345,10961,3195,3190,3157,3152,3.273677541970225,42.14514106583072,5,641,1421,1069,204,5,9159,16149,13002,17779,1462.0,960.0
2024-04-01,Emmanuel United Church - Waterloo Wayside ,512,1260,233,233,224,224,2.2410714285714284,37.291845493562235,3,181,166,140,22,0,9159,16149,13002,17779,1462.0,960.0
2024-04-01,Erb West Community Centre - Camino Wellness + Mental Health,245,839,96,96,95,95,3.4210526315789473,43.364583333333336,3,39,71,116,16,0,9159,16149,13002,17779,1462.0,960.0
2024-04-01,Forest Heights Community Centre - Neighbourhood Food Program - House of Friendship,778,3027,240,224,234,218,3.713675213675214,43.589285714285715,1,99,317,269,76,16,9159,16149,13002,17779,1462.0,960.0
2024-04-01,Glencairn Mennonite Brethren Church,193,672,193,193,190,190,3.5052631578947366,42.943005181347154,0,31,84,68,10,0,9159,16149,13002,17779,1462.0,960.0
2024-04-01,Indwell - 140 Weber Street E,36,39,24,16,24,16,1.125,48.3125,0,2,7,19,0,8,9159,16149,13002,17779,1462.0,960.0
2024-04-01,Kingdom Community International ,201,417,135,135,133,133,2.18796992481203,41.733333333333334,2,41,84,52,22,0,9159,16149,13002,17779,1462.0,960.0
2024-04-01,Kingsdale Community Centre - Neighbourhood Food Program - House of Friendship,841,2406,389,378,372,361,2.7688172043010755,44.20899470899471,2,122,366,250,90,11,9159,16149,13002,17779,1462.0,960.0
2024-04-01,Kitchener Community Church and Family Care Centre,417,1280,373,373,372,372,3.263440860215054,45.498659517426276,1,47,154,170,45,0,9159,16149,13002,17779,1462.0,960.0
2024-04-01,Langs,67,90,45,23,45,23,1.488888888888889,44.26086956521739,1,5,22,14,3,22,9159,16149,13002,17779,1462.0,960.0
2024-04-01,Our Lady of Lourdes Conference - Society of St. Vincent de Paul,31,110,30,30,30,30,3.5,41.2,0,3,20,8,0,0,9159,16149,13002,17779,1462.0,960.0
2024-04-01,Paulander Community Centre - Camino Wellness + Mental Health,415,1418,127,124,125,122,3.28,48.54032258064516,1,55,108,195,53,3,9159,16149,13002,17779,1462.0,960.0
2024-04-01,Ray of Hope,329,799,328,328,327,327,2.4281345565749235,45.53963414634146,1,43,126,135,24,0,9159,16149,13002,17779,1462.0,960.0
2024-04-01,Salvation Army Cambridge,429,1141,422,422,420,420,2.6785714285714284,47.992890995260666,1,42,153,185,48,0,9159,16149,13002,17779,1462.0,960.0
2024-04-01,Southwood Resource Centre - Kinbridge Community Association,7,18,7,5,7,5,2.5714285714285716,28.8,2,0,1,2,0,2,9159,16149,13002,17779,1462.0,960.0
2024-04-01,St. Agnes Conference - Society of St. Vincent de Paul,16,42,16,16,16,16,2.625,49.0,0,3,4,6,3,0,9159,16149,13002,17779,1462.0,960.0
2024-04-01,St. Aloysius Parish Food Pantry,6,21,6,6,6,6,3.5,41.333333333333336,0,2,1,3,0,0,9159,16149,13002,17779,1462.0,960.0
2024-04-01,St. Andrew's Hespler Presbyterian Church,42,97,42,42,42,42,2.3095238095238093,41.833333333333336,1,9,17,9,6,0,9159,16149,13002,17779,1462.0,960.0
2024-04-01,St. Anthony Daniel Conference - Society of St. Vincent de Paul,85,240,84,84,84,84,2.8214285714285716,49.845238095238095,0,6,34,27,18,0,9159,16149,13002,17779,1462.0,960.0
2024-04-01,St. Columba Anglican Church,278,881,116,116,108,108,2.9814814814814814,39.71551724137931,0,52,123,95,8,0,9159,16149,13002,17779,1462.0,960.0
2024-04-01,St. John's Anglican Church,50,100,48,48,48,48,2.0208333333333335,48.9375,1,4,14,21,10,0,9159,16149,13002,17779,1462.0,960.0
2024-04-01,St. Mary's Conference - Society of St. Vincent de Paul,103,265,96,96,96,96,2.5625,49.677083333333336,0,9,33,45,16,0,9159,16149,13002,17779,1462.0,960.0
2024-04-01,Stanley Park Community Centre,302,898,137,137,133,133,3.0225563909774436,43.613138686131386,1,40,129,81,51,0,9159,16149,13002,17779,1462.0,960.0
2024-04-01,Sunnydale Community Centre - Neighbourhood Food Program - House of Friendship,596,2198,226,205,222,201,3.6621621621621623,43.75609756097561,4,70,216,243,42,21,9159,16149,13002,17779,1462.0,960.0
2024-04-01,Supportive Housing YWCA (Lincoln Road),51,113,26,26,26,26,2.269230769230769,48.80769230769231,0,2,20,26,3,0,9159,16149,13002,17779,1462.0,960.0
2024-04-01,Supportive Housing of Waterloo (SHOW),65,76,24,24,24,24,1.125,55.291666666666664,0,0,13,43,9,0,9159,16149,13002,17779,1462.0,960.0
2024-04-01,Supportive Housing- Y.W.C.A. (Block Line),66,78,32,32,32,32,1.21875,46.3125,0,1,28,34,3,0,9159,16149,13002,17779,1462.0,960.0
2024-04-01,THRIVE HIV,218,579,218,0,218,0,2.6559633027522938,,0,0,0,0,0,218,9159,16149,13002,17779,1462.0,960.0
2024-04-01,The Food Bank of Waterloo Region - Kitchener,31,43,30,4,30,4,1.3333333333333333,44.0,0,3,0,0,2,26,9159,16149,13002,17779,1462.0,960.0
2024-04-01,Traverse Independence,28,63,24,21,24,21,2.4583333333333335,51.80952380952381,0,0,6,15,4,3,9159,16149,13002,17779,1462.0,960.0
2024-04-01,Victoria Hills - House of Friendship,1037,3415,356,320,350,314,3.1857142857142855,43.740625,2,114,419,398,68,36,9159,16149,13002,17779,1462.0,960.0
2024-04-01,Wellesley Food Cupboard,39,141,22,22,22,22,3.6363636363636362,41.36363636363637,0,5,23,11,0,0,9159,16149,13002,17779,1462.0,960.0
2024-04-01,Wilmot & Wellesley Resource Centre,339,934,132,126,129,123,2.643410852713178,45.01587301587302,4,48,116,123,42,6,9159,16149,13002,17779,1462.0,960.0
2024-04-01,Woolwich Community Services,1139,3657,262,190,257,185,2.7704280155642023,46.84736842105263,3,119,484,318,143,72,9159,16149,13002,17779,1462.0,960.0
2024-04-01,oneROOF Youth Services,4,4,4,2,4,2,1.0,21.5,0,2,0,0,0,2,9159,16149,13002,17779,1462.0,960.0
2024-05-01,All Saints' Anglican Church,108,349,41,41,41,41,2.975609756097561,43.829268292682926,0,16,55,34,3,0,9283,16413,13146,18009,1437.0,989.0
2024-05-01,Anishnabeg Outreach - Spirit Bundle ,655,2213,655,0,655,0,3.378625954198473,,0,0,0,0,0,655,9283,16413,13146,18009,1437.0,989.0
2024-05-01,Cambridge Food Bank - Cambridge,1843,4326,1793,1790,1781,1778,2.3806850084222346,44.22178770949721,8,332,674,667,159,3,9283,16413,13146,18009,1437.0,989.0
2024-05-01,Centreville Chicopee Community Centre - Neighbourhood Food Program - House of Friendship,1040,3416,346,316,338,308,3.1449704142011834,46.0253164556962,1,96,382,435,96,30,9283,16413,13146,18009,1437.0,989.0
2024-05-01,Chandler Mowat Community Centre - Neighbourhood Food Program - House of Friendship,1247,4210,428,381,418,371,3.1818181818181817,43.31758530183727,1,188,518,383,110,47,9283,16413,13146,18009,1437.0,989.0
2024-05-01,Courtland Shelley Community Centre - Neighbourhood Food Program - House of Friendship,280,740,94,93,93,92,2.6774193548387095,50.39784946236559,3,28,55,115,78,1,9283,16413,13146,18009,1437.0,989.0
2024-05-01,Eby Village / Charles Village - Mobile Pantry,51,66,36,36,36,36,1.3333333333333333,54.888888888888886,0,1,9,33,8,0,9283,16413,13146,18009,1437.0,989.0
2024-05-01,Emergency Food Hamper Program - House of Friendship,3674,11918,3489,3487,3428,3426,3.2278296382730454,41.81330656724978,7,768,1523,1150,224,2,9283,16413,13146,18009,1437.0,989.0
2024-05-01,Emmanuel United Church - Waterloo Wayside ,615,1588,239,237,228,226,2.4342105263157894,39.70042194092827,0,177,206,198,32,2,9283,16413,13146,18009,1437.0,989.0
2024-05-01,Erb West Community Centre - Camino Wellness + Mental Health,292,1110,106,106,104,104,3.6634615384615383,43.45283018867924,10,39,92,131,20,0,9283,16413,13146,18009,1437.0,989.0
2024-05-01,Forest Heights Community Centre - Neighbourhood Food Program - House of Friendship,614,2395,218,210,213,205,3.755868544600939,43.695238095238096,0,69,266,208,63,8,9283,16413,13146,18009,1437.0,989.0
2024-05-01,Glencairn Mennonite Brethren Church,222,767,220,220,217,217,3.488479262672811,43.913636363636364,0,37,91,80,14,0,9283,16413,13146,18009,1437.0,989.0
2024-05-01,Indwell - 140 Weber Street E,29,81,20,16,20,16,3.6,48.3125,0,2,8,15,0,4,9283,16413,13146,18009,1437.0,989.0
2024-05-01,Kingdom Community International ,290,624,147,147,142,142,2.0492957746478875,42.435374149659864,1,49,128,72,40,0,9283,16413,13146,18009,1437.0,989.0
2024-05-01,Kingsdale Community Centre - Neighbourhood Food Program - House of Friendship,1068,2885,435,427,405,397,2.6148148148148147,43.37002341920375,2,140,482,338,98,8,9283,16413,13146,18009,1437.0,989.0
2024-05-01,Kitchener Community Church and Family Care Centre,366,1249,357,357,356,356,3.4297752808988764,44.31652661064426,0,49,154,136,27,0,9283,16413,13146,18009,1437.0,989.0
2024-05-01,Langs,90,138,48,27,47,26,1.7234042553191489,46.0,6,6,31,23,3,21,9283,16413,13146,18009,1437.0,989.0
2024-05-01,Our Lady of Lourdes Conference - Society of St. Vincent de Paul,52,158,49,49,49,49,3.0,41.204081632653065,0,6,29,15,2,0,9283,16413,13146,18009,1437.0,989.0
2024-05-01,Paulander Community Centre - Camino Wellness + Mental Health,265,920,120,116,118,114,3.3728813559322033,49.241379310344826,0,25,74,129,33,4,9283,16413,13146,18009,1437.0,989.0
2024-05-01,Ray of Hope,290,714,290,290,288,288,2.46875,45.358620689655176,0,35,111,122,22,0,9283,16413,13146,18009,1437.0,989.0
2024-05-01,Salvation Army Cambridge,447,1185,441,441,441,441,2.6666666666666665,48.321995464852606,0,40,156,205,46,0,9283,16413,13146,18009,1437.0,989.0
2024-05-01,Southwood Resource Centre - Kinbridge Community Association,7,18,6,4,6,4,2.5,39.75,0,2,0,3,0,2,9283,16413,13146,18009,1437.0,989.0
2024-05-01,St. Agnes Conference - Society of St. Vincent de Paul,13,33,13,13,13,13,2.5384615384615383,53.76923076923077,0,1,3,6,3,0,9283,16413,13146,18009,1437.0,989.0
2024-05-01,St. Andrew's Hespler Presbyterian Church,44,132,44,44,44,44,3.0,45.29545454545455,0,7,15,16,6,0,9283,16413,13146,18009,1437.0,989.0
2024-05-01,St. Anthony Daniel Conference - Society of St. Vincent de Paul,82,278,81,81,81,81,3.382716049382716,51.123456790123456,1,5,27,33,16,0,9283,16413,13146,18009,1437.0,989.0
2024-05-01,St. Columba Anglican Church,226,725,101,100,96,95,3.09375,42.13,0,35,106,74,10,1,9283,16413,13146,18009,1437.0,989.0
2024-05-01,St. John's Anglican Church,48,96,47,47,47,47,2.0,51.59574468085106,0,1,17,17,13,0,9283,16413,13146,18009,1437.0,989.0
2024-05-01,St. Mary's Conference - Society of St. Vincent de Paul,100,272,94,94,94,94,2.7127659574468086,49.765957446808514,0,9,32,43,16,0,9283,16413,13146,18009,1437.0,989.0
2024-05-01,Stanley Park Community Centre,364,1142,149,149,140,140,3.0428571428571427,45.060402684563755,2,31,160,116,55,0,9283,16413,13146,18009,1437.0,989.0
2024-05-01,Sunnydale Community Centre - Neighbourhood Food Program - House of Friendship,775,2922,240,212,236,208,3.733050847457627,43.27358490566038,9,85,297,303,53,28,9283,16413,13146,18009,1437.0,989.0
2024-05-01,Supportive Housing YWCA (Lincoln Road),42,73,26,26,26,26,1.7692307692307692,48.03846153846154,0,3,17,20,2,0,9283,16413,13146,18009,1437.0,989.0
2024-05-01,Supportive Housing of Waterloo (SHOW),67,73,25,25,25,25,1.08,56.28,0,0,18,41,8,0,9283,16413,13146,18009,1437.0,989.0
2024-05-01,Supportive Housing- Y.W.C.A. (Block Line),44,51,30,30,30,30,1.1666666666666667,46.86666666666667,0,0,22,20,2,0,9283,16413,13146,18009,1437.0,989.0
2024-05-01,THRIVE HIV,134,359,134,0,134,0,2.6791044776119404,,0,0,0,0,0,134,9283,16413,13146,18009,1437.0,989.0
2024-05-01,The Food Bank of Waterloo Region - Kitchener,132,183,90,63,90,63,1.4222222222222223,57.12698412698413,0,4,8,63,30,27,9283,16413,13146,18009,1437.0,989.0
2024-05-01,Traverse Independence,56,82,37,35,37,35,1.4594594594594594,55.114285714285714,0,0,11,33,10,2,9283,16413,13146,18009,1437.0,989.0
2024-05-01,Victoria Hills - House of Friendship,695,2266,326,308,321,303,3.208722741433022,44.66558441558441,1,70,293,270,43,18,9283,16413,13146,18009,1437.0,989.0
2024-05-01,Wellesley Food Cupboard,43,148,22,22,22,22,3.727272727272727,40.72727272727273,0,6,21,16,0,0,9283,16413,13146,18009,1437.0,989.0
2024-05-01,Wilmot & Wellesley Resource Centre,378,1027,135,126,134,125,2.529850746268657,45.38095238095238,4,47,132,137,49,9,9283,16413,13146,18009,1437.0,989.0
2024-05-01,Woolwich Community Services,1096,3461,319,196,318,195,3.1666666666666665,47.6530612244898,2,114,435,288,134,123,9283,16413,13146,18009,1437.0,989.0
2024-05-01,oneROOF Youth Services,10,12,7,6,7,6,1.1428571428571428,22.0,0,9,0,0,0,1,9283,16413,13146,18009,1437.0,989.0
2024-06-01,All Saints' Anglican Church,93,311,44,44,44,44,3.3863636363636362,39.95454545454545,0,11,51,27,4,0,9418,16655,13029,17816,1434.0,997.0
2024-06-01,Anishnabeg Outreach - Spirit Bundle ,506,1727,506,0,506,0,3.4130434782608696,,0,0,0,0,0,506,9418,16655,13029,17816,1434.0,997.0
2024-06-01,Cambridge Food Bank - Cambridge,1732,4237,1687,1687,1676,1676,2.484486873508353,44.74925903971547,6,294,624,654,154,0,9418,16655,13029,17816,1434.0,997.0
2024-06-01,Centreville Chicopee Community Centre - Neighbourhood Food Program - House of Friendship,847,2606,370,313,367,310,2.885558583106267,45.34185303514377,2,77,321,317,73,57,9418,16655,13029,17816,1434.0,997.0
2024-06-01,Chandler Mowat Community Centre - Neighbourhood Food Program - House of Friendship,934,3122,357,320,352,315,3.085227272727273,43.315625,0,161,369,283,84,37,9418,16655,13029,17816,1434.0,997.0
2024-06-01,Christopher Champlain Resource Centre - Kinbridge Community Association,1,1,1,1,1,1,1.0,71.0,0,0,0,0,1,0,9418,16655,13029,17816,1434.0,997.0
2024-06-01,Courtland Shelley Community Centre - Neighbourhood Food Program - House of Friendship,280,770,97,95,96,94,2.875,51.01052631578948,3,22,52,124,77,2,9418,16655,13029,17816,1434.0,997.0
2024-06-01,Eby Village / Charles Village - Mobile Pantry,67,87,42,42,42,42,1.2380952380952381,55.42857142857143,0,0,10,45,12,0,9418,16655,13029,17816,1434.0,997.0
2024-06-01,Emergency Food Hamper Program - House of Friendship,3409,11197,3279,3275,3241,3237,3.2863313792039492,41.74045801526717,11,689,1450,1049,206,4,9418,16655,13029,17816,1434.0,997.0
2024-06-01,Emmanuel United Church - Waterloo Wayside ,453,1230,221,214,214,207,2.574766355140187,40.92056074766355,0,100,167,154,25,7,9418,16655,13029,17816,1434.0,997.0
2024-06-01,Erb West Community Centre - Camino Wellness + Mental Health,239,888,98,98,94,94,3.5425531914893615,42.765306122448976,2,36,82,109,10,0,9418,16655,13029,17816,1434.0,997.0
2024-06-01,Forest Heights Community Centre - Neighbourhood Food Program - House of Friendship,569,2148,210,208,205,203,3.770731707317073,43.81730769230769,0,79,241,186,61,2,9418,16655,13029,17816,1434.0,997.0
2024-06-01,Glencairn Mennonite Brethren Church,177,615,177,177,176,176,3.4886363636363638,42.429378531073446,0,30,84,56,7,0,9418,16655,13029,17816,1434.0,997.0
2024-06-01,Indwell - 140 Weber Street E,35,36,20,18,20,18,1.05,48.77777777777778,0,3,6,24,0,2,9418,16655,13029,17816,1434.0,997.0
2024-06-01,Kingdom Community International ,136,333,98,98,96,96,2.4375,42.93877551020408,2,18,65,37,14,0,9418,16655,13029,17816,1434.0,997.0
2024-06-01,Kingsdale Community Centre - Neighbourhood Food Program - House of Friendship,874,2346,422,411,400,389,2.68,43.209245742092456,3,138,376,278,68,11,9418,16655,13029,17816,1434.0,997.0
2024-06-01,Kitchener Community Church and Family Care Centre,344,1195,337,337,337,337,3.4955489614243325,44.09495548961424,0,46,145,132,21,0,9418,16655,13029,17816,1434.0,997.0
2024-06-01,Langs,71,109,36,23,35,22,1.4,44.65217391304348,6,2,27,20,3,13,9418,16655,13029,17816,1434.0,997.0
2024-06-01,Our Lady of Lourdes Conference - Society of St. Vincent de Paul,42,143,42,42,42,42,3.4047619047619047,40.61904761904762,0,9,20,12,1,0,9418,16655,13029,17816,1434.0,997.0
2024-06-01,Paulander Community Centre - Camino Wellness + Mental Health,414,1451,143,127,141,125,3.297872340425532,47.67716535433071,0,44,99,211,44,16,9418,16655,13029,17816,1434.0,997.0
2024-06-01,Ray of Hope,292,731,291,291,288,288,2.513888888888889,46.422680412371136,0,30,107,131,24,0,9418,16655,13029,17816,1434.0,997.0
2024-06-01,Salvation Army Cambridge,421,1122,418,416,418,416,2.6674641148325358,48.03125,0,43,150,175,51,2,9418,16655,13029,17816,1434.0,997.0
2024-06-01,Southwood Resource Centre - Kinbridge Community Association,4,17,3,3,3,3,4.0,43.333333333333336,0,0,3,1,0,0,9418,16655,13029,17816,1434.0,997.0
2024-06-01,St. Agnes Conference - Society of St. Vincent de Paul,12,28,12,12,12,12,2.3333333333333335,53.916666666666664,0,1,3,5,3,0,9418,16655,13029,17816,1434.0,997.0
2024-06-01,St. Aloysius Parish Food Pantry,5,17,5,5,5,5,3.4,43.4,0,1,2,2,0,0,9418,16655,13029,17816,1434.0,997.0
2024-06-01,St. Andrew's Hespler Presbyterian Church,46,114,46,46,46,46,2.4782608695652173,46.08695652173913,2,4,13,21,6,0,9418,16655,13029,17816,1434.0,997.0
2024-06-01,St. Anthony Daniel Conference - Society of St. Vincent de Paul,92,270,92,92,91,91,2.9450549450549453,48.95652173913044,1,11,29,34,17,0,9418,16655,13029,17816,1434.0,997.0
2024-06-01,St. Columba Anglican Church,245,744,109,109,103,103,3.2135922330097086,40.87155963302752,2,40,110,84,9,0,9418,16655,13029,17816,1434.0,997.0
2024-06-01,St. John's Anglican Church,53,101,52,52,51,51,1.9411764705882353,51.34615384615385,0,3,18,21,11,0,9418,16655,13029,17816,1434.0,997.0
2024-06-01,St. Mary's Conference - Society of St. Vincent de Paul,128,341,117,117,116,116,2.706896551724138,48.75213675213675,0,13,40,56,19,0,9418,16655,13029,17816,1434.0,997.0
2024-06-01,Stanley Park Community Centre,282,893,124,124,120,120,3.216666666666667,45.41129032258065,0,19,130,96,37,0,9418,16655,13029,17816,1434.0,997.0
2024-06-01,Sunnydale Community Centre - Neighbourhood Food Program - House of Friendship,566,2056,214,197,211,194,3.6445497630331753,43.964467005076145,4,67,228,206,44,17,9418,16655,13029,17816,1434.0,997.0
2024-06-01,Supportive Housing YWCA (Lincoln Road),38,68,24,24,24,24,1.7083333333333333,46.791666666666664,0,3,17,16,2,0,9418,16655,13029,17816,1434.0,997.0
2024-06-01,Supportive Housing of Waterloo (SHOW),60,67,24,24,24,24,1.0833333333333333,54.791666666666664,0,0,15,39,6,0,9418,16655,13029,17816,1434.0,997.0
2024-06-01,Supportive Housing- Y.W.C.A. (Block Line),44,48,29,29,29,29,1.1379310344827587,46.51724137931034,0,1,22,19,2,0,9418,16655,13029,17816,1434.0,997.0
2024-06-01,THRIVE HIV,137,406,137,0,137,0,2.9635036496350367,,0,0,0,0,0,137,9418,16655,13029,17816,1434.0,997.0
2024-06-01,The Food Bank of Waterloo Region - Kitchener,125,151,99,71,99,71,1.2222222222222223,53.61971830985915,1,10,9,53,24,28,9418,16655,13029,17816,1434.0,997.0
2024-06-01,Traverse Independence,18,27,18,17,18,17,1.5,54.23529411764706,0,0,3,11,3,1,9418,16655,13029,17816,1434.0,997.0
2024-06-01,Victoria Hills - House of Friendship,857,2751,348,328,345,325,3.1594202898550723,44.2469512195122,0,86,373,325,53,20,9418,16655,13029,17816,1434.0,997.0
2024-06-01,Wellesley Food Cupboard,41,145,24,24,24,24,3.6666666666666665,41.708333333333336,0,4,23,14,0,0,9418,16655,13029,17816,1434.0,997.0
2024-06-01,Wilmot & Wellesley Resource Centre,309,867,127,123,126,122,2.738095238095238,45.41463414634146,1,46,109,106,43,4,9418,16655,13029,17816,1434.0,997.0
2024-06-01,Woolwich Community Services,921,3244,234,186,234,186,4.047008547008547,47.83870967741935,0,106,365,274,128,48,9418,16655,13029,17816,1434.0,997.0
2024-06-01,oneROOF Youth Services,21,26,18,16,18,16,1.2777777777777777,22.5,2,17,0,0,0,2,9418,16655,13029,17816,1434.0,997.0
2024-07-01,All Saints' Anglican Church,118,403,43,41,42,40,3.2857142857142856,41.65853658536585,0,19,50,42,5,2,9523,16822,12645,17355,1428.0,985.0
2024-07-01,Anishnabeg Outreach - Spirit Bundle ,610,1925,610,0,610,0,3.1557377049180326,,0,0,0,0,0,610,9523,16822,12645,17355,1428.0,985.0
2024-07-01,Cambridge Food Bank - Cambridge,1809,4265,1743,1740,1726,1723,2.414252607184241,44.639655172413796,6,325,650,664,161,3,9523,16822,12645,17355,1428.0,985.0
2024-07-01,Centreville Chicopee Community Centre - Neighbourhood Food Program - House of Friendship,819,2632,327,287,321,281,3.059190031152648,45.86062717770035,2,75,290,324,88,40,9523,16822,12645,17355,1428.0,985.0
2024-07-01,Chandler Mowat Community Centre - Neighbourhood Food Program - House of Friendship,696,2288,344,301,339,296,3.1386430678466075,43.03654485049834,0,104,294,199,56,43,9523,16822,12645,17355,1428.0,985.0
2024-07-01,Christopher Champlain Resource Centre - Kinbridge Community Association,4,7,4,1,4,1,1.75,49.0,0,0,0,1,0,3,9523,16822,12645,17355,1428.0,985.0
2024-07-01,Courtland Shelley Community Centre - Neighbourhood Food Program - House of Friendship,272,689,88,86,86,84,2.5,52.825581395348834,4,25,50,111,80,2,9523,16822,12645,17355,1428.0,985.0
2024-07-01,Eby Village / Charles Village - Mobile Pantry,98,120,53,53,52,52,1.1923076923076923,53.509433962264154,0,4,20,59,15,0,9523,16822,12645,17355,1428.0,985.0
2024-07-01,Emergency Food Hamper Program - House of Friendship,3537,11562,3356,3347,3298,3289,3.277440873256519,42.003585300268895,8,695,1501,1111,213,9,9523,16822,12645,17355,1428.0,985.0
2024-07-01,Emmanuel United Church - Waterloo Wayside ,485,1367,233,226,222,215,2.689189189189189,41.20796460176991,1,96,184,171,26,7,9523,16822,12645,17355,1428.0,985.0
2024-07-01,Erb West Community Centre - Camino Wellness + Mental Health,322,1223,102,102,98,98,3.9081632653061225,42.21568627450981,4,41,119,142,16,0,9523,16822,12645,17355,1428.0,985.0
2024-07-01,Forest Heights Community Centre - Neighbourhood Food Program - House of Friendship,513,1973,188,187,185,184,3.6594594594594594,45.18181818181818,4,61,193,199,55,1,9523,16822,12645,17355,1428.0,985.0
2024-07-01,Glencairn Mennonite Brethren Church,173,569,173,173,172,172,3.2848837209302326,43.69942196531792,0,29,71,62,11,0,9523,16822,12645,17355,1428.0,985.0
2024-07-01,Indwell - 140 Weber Street E,54,73,32,20,32,20,1.59375,48.05,0,6,11,25,0,12,9523,16822,12645,17355,1428.0,985.0
2024-07-01,Kingdom Community International ,226,535,124,124,122,122,2.3360655737704916,43.12096774193548,2,28,108,56,32,0,9523,16822,12645,17355,1428.0,985.0
2024-07-01,Kingsdale Community Centre - Neighbourhood Food Program - House of Friendship,781,2072,361,349,342,330,2.6432748538011697,43.73638968481375,6,101,328,268,66,12,9523,16822,12645,17355,1428.0,985.0
2024-07-01,Kitchener Community Church and Family Care Centre,311,1113,305,305,303,303,3.5841584158415842,44.544262295081964,1,35,134,120,21,0,9523,16822,12645,17355,1428.0,985.0
2024-07-01,Langs,79,121,33,23,32,22,1.25,44.69565217391305,9,1,40,13,6,10,9523,16822,12645,17355,1428.0,985.0
2024-07-01,Our Lady of Lourdes Conference - Society of St. Vincent de Paul,47,146,43,43,43,43,3.186046511627907,40.23255813953488,0,7,30,9,1,0,9523,16822,12645,17355,1428.0,985.0
2024-07-01,Paulander Community Centre - Camino Wellness + Mental Health,390,1392,121,118,121,118,3.479338842975207,47.652542372881356,1,41,109,193,43,3,9523,16822,12645,17355,1428.0,985.0
2024-07-01,Ray of Hope,313,814,308,308,306,306,2.630718954248366,45.47402597402598,0,36,128,127,22,0,9523,16822,12645,17355,1428.0,985.0
2024-07-01,Salvation Army Cambridge,427,1155,425,422,425,422,2.6988235294117646,48.39810426540284,0,40,143,189,52,3,9523,16822,12645,17355,1428.0,985.0
2024-07-01,Southwood Resource Centre - Kinbridge Community Association,3,11,3,3,3,3,3.6666666666666665,51.0,0,0,0,3,0,0,9523,16822,12645,17355,1428.0,985.0
2024-07-01,St. Agnes Conference - Society of St. Vincent de Paul,11,28,11,11,11,11,2.5454545454545454,54.36363636363637,0,1,3,4,3,0,9523,16822,12645,17355,1428.0,985.0
2024-07-01,St. Andrew's Hespler Presbyterian Church,47,115,47,47,47,47,2.4468085106382977,43.46808510638298,2,9,12,20,4,0,9523,16822,12645,17355,1428.0,985.0
2024-07-01,St. Anthony Daniel Conference - Society of St. Vincent de Paul,96,306,95,95,95,95,3.168421052631579,49.06315789473684,0,9,38,33,16,0,9523,16822,12645,17355,1428.0,985.0
2024-07-01,St. Columba Anglican Church,290,887,127,126,123,122,3.113821138211382,40.77777777777778,4,65,121,91,8,1,9523,16822,12645,17355,1428.0,985.0
2024-07-01,St. John's Anglican Church,52,102,52,52,52,52,1.9615384615384615,51.84615384615385,0,2,18,19,13,0,9523,16822,12645,17355,1428.0,985.0
2024-07-01,St. Mary's Conference - Society of St. Vincent de Paul,111,286,106,106,106,106,2.5754716981132075,49.839622641509436,0,9,36,48,18,0,9523,16822,12645,17355,1428.0,985.0
2024-07-01,Stanley Park Community Centre,354,1058,134,134,128,128,3.1015625,45.492537313432834,0,33,159,100,62,0,9523,16822,12645,17355,1428.0,985.0
2024-07-01,Sunnydale Community Centre - Neighbourhood Food Program - House of Friendship,435,1576,208,188,205,185,3.580487804878049,44.52127659574468,4,50,162,161,38,20,9523,16822,12645,17355,1428.0,985.0
2024-07-01,Supportive Housing YWCA (Lincoln Road),38,60,26,26,26,26,1.6538461538461537,46.76923076923077,0,4,15,18,1,0,9523,16822,12645,17355,1428.0,985.0
2024-07-01,Supportive Housing of Waterloo (SHOW),60,65,26,26,26,26,1.0769230769230769,54.92307692307692,0,0,20,34,6,0,9523,16822,12645,17355,1428.0,985.0
2024-07-01,Supportive Housing- Y.W.C.A. (Block Line),50,59,35,35,35,35,1.2,46.68571428571428,0,1,18,29,2,0,9523,16822,12645,17355,1428.0,985.0
2024-07-01,THRIVE HIV,136,465,136,0,136,0,3.4191176470588234,,0,0,0,0,0,136,9523,16822,12645,17355,1428.0,985.0
2024-07-01,The Food Bank of Waterloo Region - Kitchener,208,253,115,85,115,85,1.2434782608695651,51.917647058823526,2,29,19,89,39,30,9523,16822,12645,17355,1428.0,985.0
2024-07-01,Traverse Independence,27,31,19,19,19,19,1.1578947368421053,56.526315789473685,0,0,4,17,6,0,9523,16822,12645,17355,1428.0,985.0
2024-07-01,University of Waterloo Food Bank,100,100,100,0,100,0,1.0,,0,0,0,0,0,100,9523,16822,12645,17355,1428.0,985.0
2024-07-01,Victoria Hills - House of Friendship,849,2803,316,308,314,306,3.321656050955414,44.827922077922075,0,88,374,335,44,8,9523,16822,12645,17355,1428.0,985.0
2024-07-01,Wellesley Food Cupboard,36,124,24,24,24,24,3.625,43.0,0,3,20,13,0,0,9523,16822,12645,17355,1428.0,985.0
2024-07-01,Wilmot & Wellesley Resource Centre,342,974,121,117,120,116,2.816666666666667,45.8974358974359,1,46,123,126,42,4,9523,16822,12645,17355,1428.0,985.0
2024-07-01,Woolwich Community Services,714,2233,218,183,215,180,3.6744186046511627,46.90710382513661,3,73,252,234,117,35,9523,16822,12645,17355,1428.0,985.0
2024-07-01,oneROOF Youth Services,22,30,16,16,16,16,1.25,22.4375,2,20,0,0,0,0,9523,16822,12645,17355,1428.0,985.0
2024-08-01,All Saints' Anglican Church,92,311,36,36,36,36,3.138888888888889,40.638888888888886,0,18,39,32,3,0,9823,17378,13219,18109,1463.0,998.0
2024-08-01,Anishnabeg Outreach - Spirit Bundle ,748,2382,748,0,748,0,3.1844919786096257,,0,0,0,0,0,748,9823,17378,13219,18109,1463.0,998.0
2024-08-01,Base Church ,1,1,1,1,1,1,1.0,73.0,0,0,0,0,1,0,9823,17378,13219,18109,1463.0,998.0
2024-08-01,Cambridge Food Bank - Cambridge,1863,4413,1806,1802,1790,1786,2.4011173184357544,45.132075471698116,4,297,680,710,168,4,9823,17378,13219,18109,1463.0,998.0
2024-08-01,Centreville Chicopee Community Centre - Neighbourhood Food Program - House of Friendship,847,2742,338,284,333,279,2.963963963963964,45.852112676056336,1,75,301,326,90,54,9823,17378,13219,18109,1463.0,998.0
2024-08-01,Chandler Mowat Community Centre - Neighbourhood Food Program - House of Friendship,1165,3974,401,334,393,326,3.0865139949109417,43.11377245508982,2,185,475,339,97,67,9823,17378,13219,18109,1463.0,998.0
2024-08-01,Christopher Champlain Resource Centre - Kinbridge Community Association,6,16,6,2,6,2,2.6666666666666665,36.0,0,1,1,0,0,4,9823,17378,13219,18109,1463.0,998.0
2024-08-01,Courtland Shelley Community Centre - Neighbourhood Food Program - House of Friendship,277,753,86,85,84,83,2.869047619047619,52.870588235294115,4,26,48,121,77,1,9823,17378,13219,18109,1463.0,998.0
2024-08-01,Eby Village / Charles Village - Mobile Pantry,62,74,39,39,39,39,1.2564102564102564,54.717948717948715,0,1,13,36,12,0,9823,17378,13219,18109,1463.0,998.0
2024-08-01,Emergency Food Hamper Program - House of Friendship,3533,11802,3334,3328,3285,3279,3.3378995433789953,42.42848557692308,8,655,1510,1134,220,6,9823,17378,13219,18109,1463.0,998.0
2024-08-01,Emmanuel United Church - Waterloo Wayside ,595,1890,264,257,255,248,2.76078431372549,40.961089494163424,3,107,241,207,30,7,9823,17378,13219,18109,1463.0,998.0
2024-08-01,Erb West Community Centre - Camino Wellness + Mental Health,251,1002,103,103,100,100,3.88,42.271844660194176,6,33,87,116,9,0,9823,17378,13219,18109,1463.0,998.0
2024-08-01,Forest Heights Community Centre - Neighbourhood Food Program - House of Friendship,601,2310,216,212,212,208,3.7122641509433962,44.93396226415094,0,75,248,212,62,4,9823,17378,13219,18109,1463.0,998.0
2024-08-01,Glencairn Mennonite Brethren Church,164,564,164,164,162,162,3.4382716049382718,42.207317073170735,0,31,73,53,7,0,9823,17378,13219,18109,1463.0,998.0
2024-08-01,Indwell - 140 Weber Street E,34,41,23,18,23,18,1.3043478260869565,48.55555555555556,0,4,8,17,0,5,9823,17378,13219,18109,1463.0,998.0
2024-08-01,Kingdom Community International ,263,651,127,127,121,121,2.355371900826446,44.07874015748032,2,27,110,88,36,0,9823,17378,13219,18109,1463.0,998.0
2024-08-01,Kingsdale Community Centre - Neighbourhood Food Program - House of Friendship,910,2452,395,378,368,351,2.6467391304347827,43.28042328042328,14,135,382,283,79,17,9823,17378,13219,18109,1463.0,998.0
2024-08-01,Kitchener Community Church and Family Care Centre,351,1224,341,341,341,341,3.5249266862170088,43.45454545454545,0,49,147,137,18,0,9823,17378,13219,18109,1463.0,998.0
2024-08-01,Langs,96,154,47,25,47,25,1.297872340425532,42.84,7,0,50,16,1,22,9823,17378,13219,18109,1463.0,998.0
2024-08-01,Our Lady of Lourdes Conference - Society of St. Vincent de Paul,31,98,31,31,31,31,3.161290322580645,42.41935483870968,1,4,15,10,1,0,9823,17378,13219,18109,1463.0,998.0
2024-08-01,Paulander Community Centre - Camino Wellness + Mental Health,353,1330,124,124,121,121,3.5041322314049586,47.604838709677416,1,32,97,190,33,0,9823,17378,13219,18109,1463.0,998.0
2024-08-01,Ray of Hope,325,800,322,322,320,320,2.478125,45.975155279503106,0,27,140,138,20,0,9823,17378,13219,18109,1463.0,998.0
2024-08-01,Salvation Army Cambridge,405,1106,399,399,398,398,2.7185929648241207,48.87468671679198,0,34,132,190,49,0,9823,17378,13219,18109,1463.0,998.0
2024-08-01,Southwood Resource Centre - Kinbridge Community Association,1,7,1,1,1,1,7.0,44.0,0,0,1,0,0,0,9823,17378,13219,18109,1463.0,998.0
2024-08-01,St. Agnes Conference - Society of St. Vincent de Paul,11,25,11,11,11,11,2.272727272727273,56.81818181818182,0,0,3,5,3,0,9823,17378,13219,18109,1463.0,998.0
2024-08-01,St. Andrew's Hespler Presbyterian Church,42,119,42,42,42,42,2.8333333333333335,47.904761904761905,1,4,13,17,7,0,9823,17378,13219,18109,1463.0,998.0
2024-08-01,St. Anthony Daniel Conference - Society of St. Vincent de Paul,101,315,100,100,100,100,3.14,50.23,0,4,39,40,18,0,9823,17378,13219,18109,1463.0,998.0
2024-08-01,St. Columba Anglican Church,248,801,109,108,108,107,3.185185185185185,42.574074074074076,0,48,99,87,13,1,9823,17378,13219,18109,1463.0,998.0
2024-08-01,St. John's Anglican Church,37,76,37,37,37,37,2.054054054054054,52.45945945945946,0,2,11,15,9,0,9823,17378,13219,18109,1463.0,998.0
2024-08-01,St. Mary's Conference - Society of St. Vincent de Paul,127,329,119,119,119,119,2.5714285714285716,49.588235294117645,1,8,43,56,19,0,9823,17378,13219,18109,1463.0,998.0
2024-08-01,Stanley Park Community Centre,317,1022,129,129,126,126,3.1666666666666665,46.674418604651166,0,36,125,105,51,0,9823,17378,13219,18109,1463.0,998.0
2024-08-01,Sunnydale Community Centre - Neighbourhood Food Program - House of Friendship,755,2724,248,218,243,213,3.4732510288065845,43.55045871559633,5,77,293,280,70,30,9823,17378,13219,18109,1463.0,998.0
2024-08-01,Supportive Housing YWCA (Lincoln Road),35,56,22,22,22,22,1.5909090909090908,49.04545454545455,0,2,13,16,4,0,9823,17378,13219,18109,1463.0,998.0
2024-08-01,Supportive Housing of Waterloo (SHOW),68,74,23,23,23,23,1.0869565217391304,53.47826086956522,0,0,26,38,4,0,9823,17378,13219,18109,1463.0,998.0
2024-08-01,Supportive Housing- Y.W.C.A. (Block Line),30,36,23,23,23,23,1.2608695652173914,47.82608695652174,0,2,11,14,3,0,9823,17378,13219,18109,1463.0,998.0
2024-08-01,THRIVE HIV,179,403,179,0,179,0,2.2513966480446927,,0,0,0,0,0,179,9823,17378,13219,18109,1463.0,998.0
2024-08-01,The Food Bank of Waterloo Region - Kitchener,211,293,123,99,123,99,1.4796747967479675,51.474747474747474,2,22,27,95,41,24,9823,17378,13219,18109,1463.0,998.0
2024-08-01,University of Waterloo Food Bank,19,19,19,0,19,0,1.0,,0,0,0,0,0,19,9823,17378,13219,18109,1463.0,998.0
2024-08-01,Victoria Hills - House of Friendship,669,2254,303,295,299,291,3.2474916387959865,44.603389830508476,1,53,301,261,45,8,9823,17378,13219,18109,1463.0,998.0
2024-08-01,Wellesley Food Cupboard,44,178,23,23,23,23,4.260869565217392,42.95652173913044,0,4,25,15,0,0,9823,17378,13219,18109,1463.0,998.0
2024-08-01,Wilmot & Wellesley Resource Centre,318,883,128,120,127,119,2.763779527559055,44.94166666666667,1,55,114,100,40,8,9823,17378,13219,18109,1463.0,998.0
2024-08-01,Woolwich Community Services,807,2482,240,205,233,198,3.6223175965665235,47.1219512195122,8,95,273,244,152,35,9823,17378,13219,18109,1463.0,998.0
2024-08-01,oneROOF Youth Services,45,52,25,23,25,23,1.2,22.956521739130434,3,40,0,0,0,2,9823,17378,13219,18109,1463.0,998.0
2024-09-01,All Saints' Anglican Church,109,395,48,47,48,47,3.5625,41.91489361702128,0,14,54,36,4,1,9822,17310,13152,17999,1498.0,1003.0
2024-09-01,Anishnabeg Outreach - Spirit Bundle ,600,1872,600,0,600,0,3.12,,0,0,0,0,0,600,9822,17310,13152,17999,1498.0,1003.0
2024-09-01,Base Church ,43,158,43,2,43,2,3.6744186046511627,45.0,0,1,0,0,1,41,9822,17310,13152,17999,1498.0,1003.0
2024-09-01,Cambridge Food Bank - Cambridge,1866,4375,1807,1803,1793,1789,2.3909648633575014,45.52689961175818,3,289,656,734,180,4,9822,17310,13152,17999,1498.0,1003.0
2024-09-01,Centreville Chicopee Community Centre - Neighbourhood Food Program - House of Friendship,822,2533,361,279,360,278,2.7583333333333333,46.41935483870968,4,72,262,317,85,82,9822,17310,13152,17999,1498.0,1003.0
2024-09-01,Chandler Mowat Community Centre - Neighbourhood Food Program - House of Friendship,947,3137,383,329,377,323,3.1246684350132625,44.151975683890576,1,150,349,300,93,54,9822,17310,13152,17999,1498.0,1003.0
2024-09-01,Christopher Champlain Resource Centre - Kinbridge Community Association,9,43,5,5,5,5,4.6,43.4,0,2,4,3,0,0,9822,17310,13152,17999,1498.0,1003.0
2024-09-01,Courtland Shelley Community Centre - Neighbourhood Food Program - House of Friendship,214,580,87,87,86,86,2.86046511627907,52.87356321839081,3,17,38,91,65,0,9822,17310,13152,17999,1498.0,1003.0
2024-09-01,Eby Village / Charles Village - Mobile Pantry,56,73,38,38,38,38,1.263157894736842,56.0,0,0,8,36,12,0,9822,17310,13152,17999,1498.0,1003.0
2024-09-01,Emergency Food Hamper Program - House of Friendship,3292,11373,3160,3157,3129,3126,3.4592521572387342,42.42223630028508,5,591,1417,1066,210,3,9822,17310,13152,17999,1498.0,1003.0
2024-09-01,Emmanuel United Church - Waterloo Wayside ,457,1353,224,218,215,209,2.7209302325581395,42.36697247706422,1,74,188,159,29,6,9822,17310,13152,17999,1498.0,1003.0
2024-09-01,Erb West Community Centre - Camino Wellness + Mental Health,305,1183,123,123,121,121,3.8677685950413223,41.796747967479675,4,39,110,141,11,0,9822,17310,13152,17999,1498.0,1003.0
2024-09-01,Forest Heights Community Centre - Neighbourhood Food Program - House of Friendship,448,1675,209,192,207,190,3.603864734299517,44.723958333333336,0,53,189,146,43,17,9822,17310,13152,17999,1498.0,1003.0
2024-09-01,Glencairn Mennonite Brethren Church,170,583,170,170,168,168,3.4285714285714284,43.61764705882353,0,24,76,59,11,0,9822,17310,13152,17999,1498.0,1003.0
2024-09-01,Indwell - 140 Weber Street E,38,54,28,18,28,18,1.5714285714285714,48.05555555555556,0,4,7,17,0,10,9822,17310,13152,17999,1498.0,1003.0
2024-09-01,Kingdom Community International ,201,520,99,99,95,95,2.3684210526315788,44.15151515151515,0,34,69,67,31,0,9822,17310,13152,17999,1498.0,1003.0
2024-09-01,Kingsdale Community Centre - Neighbourhood Food Program - House of Friendship,953,2553,383,375,367,359,2.683923705722071,44.117333333333335,5,120,409,322,89,8,9822,17310,13152,17999,1498.0,1003.0
2024-09-01,Kitchener Community Church and Family Care Centre,326,1118,319,319,319,319,3.476489028213166,44.57993730407524,0,34,135,138,19,0,9822,17310,13152,17999,1498.0,1003.0
2024-09-01,Langs,115,172,45,28,45,28,1.4666666666666666,43.035714285714285,13,8,48,28,1,17,9822,17310,13152,17999,1498.0,1003.0
2024-09-01,Our Lady of Lourdes Conference - Society of St. Vincent de Paul,47,154,47,47,47,47,3.276595744680851,42.06382978723404,0,5,28,11,3,0,9822,17310,13152,17999,1498.0,1003.0
2024-09-01,Paulander Community Centre - Camino Wellness + Mental Health,386,1391,119,119,119,119,3.563025210084034,48.10084033613445,4,37,98,213,34,0,9822,17310,13152,17999,1498.0,1003.0
2024-09-01,Ray of Hope,318,811,317,317,315,315,2.552380952380952,44.1577287066246,0,42,134,127,15,0,9822,17310,13152,17999,1498.0,1003.0
2024-09-01,Salvation Army Cambridge,385,1021,380,380,380,380,2.6605263157894736,49.23684210526316,0,29,123,189,44,0,9822,17310,13152,17999,1498.0,1003.0
2024-09-01,Southwood Resource Centre - Kinbridge Community Association,3,17,2,2,2,2,5.0,48.0,0,0,2,1,0,0,9822,17310,13152,17999,1498.0,1003.0
2024-09-01,St. Agnes Conference - Society of St. Vincent de Paul,14,32,14,14,14,14,2.2857142857142856,54.714285714285715,0,1,3,7,3,0,9822,17310,13152,17999,1498.0,1003.0
2024-09-01,St. Aloysius Parish Food Pantry,2,7,2,2,2,2,3.5,53.5,0,0,0,2,0,0,9822,17310,13152,17999,1498.0,1003.0
2024-09-01,St. Andrew's Hespler Presbyterian Church,44,95,44,44,44,44,2.159090909090909,44.56818181818182,1,6,15,16,6,0,9822,17310,13152,17999,1498.0,1003.0
2024-09-01,St. Anthony Daniel Conference - Society of St. Vincent de Paul,103,333,103,103,103,103,3.233009708737864,51.86407766990291,0,4,39,37,23,0,9822,17310,13152,17999,1498.0,1003.0
2024-09-01,St. Columba Anglican Church,236,718,111,110,110,109,3.0727272727272728,41.88181818181818,1,34,124,65,11,1,9822,17310,13152,17999,1498.0,1003.0
2024-09-01,St. John's Anglican Church,58,115,57,57,57,57,1.9824561403508771,49.87719298245614,0,3,21,25,9,0,9822,17310,13152,17999,1498.0,1003.0
2024-09-01,St. Mary's Conference - Society of St. Vincent de Paul,105,260,101,101,101,101,2.4554455445544554,51.9009900990099,0,5,29,49,22,0,9822,17310,13152,17999,1498.0,1003.0
2024-09-01,Stanley Park Community Centre,300,929,140,140,136,136,2.9779411764705883,46.707142857142856,0,39,103,106,52,0,9822,17310,13152,17999,1498.0,1003.0
2024-09-01,Student Union Food Bank - Wilfrid Laurier University,2,2,2,0,2,0,1.0,,0,0,0,0,0,2,9822,17310,13152,17999,1498.0,1003.0
2024-09-01,Sunnydale Community Centre - Neighbourhood Food Program - House of Friendship,620,2215,230,209,227,206,3.4801762114537445,43.4688995215311,1,74,236,236,52,21,9822,17310,13152,17999,1498.0,1003.0
2024-09-01,Supportive Housing YWCA (Lincoln Road),33,58,20,20,20,20,1.9,47.1,0,2,16,12,3,0,9822,17310,13152,17999,1498.0,1003.0
2024-09-01,Supportive Housing of Waterloo (SHOW),60,66,24,24,24,24,1.0833333333333333,52.791666666666664,0,0,19,38,3,0,9822,17310,13152,17999,1498.0,1003.0
2024-09-01,Supportive Housing- Y.W.C.A. (Block Line),41,44,29,29,29,29,1.103448275862069,48.58620689655172,0,0,15,23,3,0,9822,17310,13152,17999,1498.0,1003.0
2024-09-01,THRIVE HIV,102,221,102,0,102,0,2.1666666666666665,,0,0,0,0,0,102,9822,17310,13152,17999,1498.0,1003.0
2024-09-01,The Food Bank of Waterloo Region - Kitchener,142,192,93,92,93,92,1.3870967741935485,49.891304347826086,4,20,20,69,28,1,9822,17310,13152,17999,1498.0,1003.0
2024-09-01,Traverse Independence,28,38,26,24,26,24,1.3461538461538463,53.958333333333336,0,0,8,15,3,2,9822,17310,13152,17999,1498.0,1003.0
2024-09-01,University of Waterloo Food Bank,24,191,24,0,24,0,7.958333333333333,,0,0,0,0,0,24,9822,17310,13152,17999,1498.0,1003.0
2024-09-01,Victoria Hills - House of Friendship,882,2993,334,318,330,314,3.2848484848484847,43.9811320754717,0,75,394,336,61,16,9822,17310,13152,17999,1498.0,1003.0
2024-09-01,Wellesley Food Cupboard,38,154,24,24,24,24,4.291666666666667,43.166666666666664,0,4,21,13,0,0,9822,17310,13152,17999,1498.0,1003.0
2024-09-01,Wilmot & Wellesley Resource Centre,317,894,121,116,119,114,2.7478991596638656,45.9051724137931,1,44,110,114,43,5,9822,17310,13152,17999,1498.0,1003.0
2024-09-01,Woolwich Community Services,860,2749,217,197,211,191,2.8578199052132702,46.23857868020305,10,109,354,244,123,20,9822,17310,13152,17999,1498.0,1003.0
2024-09-01,oneROOF Youth Services,5,8,4,4,4,4,1.75,23.25,0,5,0,0,0,0,9822,17310,13152,17999,1498.0,1003.0
2024-10-01,All Saints' Anglican Church,154,570,57,55,55,53,3.5090909090909093,41.72727272727273,0,18,73,59,2,2,9880,17351,13256,18161,1478.0,1024.0
2024-10-01,Anishnabeg Outreach - Spirit Bundle ,771,2423,771,0,771,0,3.1426718547341115,,0,0,0,0,0,771,9880,17351,13256,18161,1478.0,1024.0
2024-10-01,Base Church ,24,74,24,9,24,9,3.0833333333333335,46.666666666666664,0,0,5,2,2,15,9880,17351,13256,18161,1478.0,1024.0
2024-10-01,Cambridge Food Bank - Cambridge,1964,4707,1881,1878,1864,1861,2.4565450643776825,45.02289669861555,3,334,704,746,174,3,9880,17351,13256,18161,1478.0,1024.0
2024-10-01,Centreville Chicopee Community Centre - Neighbourhood Food Program - House of Friendship,1067,3367,385,292,380,287,2.778947368421053,46.23287671232877,1,92,360,409,112,93,9880,17351,13256,18161,1478.0,1024.0
2024-10-01,Chandler Mowat Community Centre - Neighbourhood Food Program - House of Friendship,1152,3836,377,340,372,335,3.0698924731182795,43.19117647058823,2,215,447,356,95,37,9880,17351,13256,18161,1478.0,1024.0
2024-10-01,Christopher Champlain Resource Centre - Kinbridge Community Association,2,8,2,2,2,2,4.0,34.0,0,1,1,0,0,0,9880,17351,13256,18161,1478.0,1024.0
2024-10-01,Courtland Shelley Community Centre - Neighbourhood Food Program - House of Friendship,340,948,87,85,85,83,2.8,53.082352941176474,5,22,61,145,105,2,9880,17351,13256,18161,1478.0,1024.0
2024-10-01,Eby Village / Charles Village - Mobile Pantry,60,72,39,39,39,39,1.2307692307692308,54.8974358974359,0,1,10,36,13,0,9880,17351,13256,18161,1478.0,1024.0
2024-10-01,Emergency Food Hamper Program - House of Friendship,3538,12173,3374,3369,3334,3329,3.435212957408518,43.097358266547936,10,569,1532,1175,247,5,9880,17351,13256,18161,1478.0,1024.0
2024-10-01,Emmanuel United Church - Waterloo Wayside ,670,1929,282,276,273,267,2.5164835164835164,41.65942028985507,0,91,316,209,48,6,9880,17351,13256,18161,1478.0,1024.0
2024-10-01,Erb West Community Centre - Camino Wellness + Mental Health,387,1576,124,124,120,120,4.075,42.524193548387096,7,50,149,166,15,0,9880,17351,13256,18161,1478.0,1024.0
2024-10-01,Forest Heights Community Centre - Neighbourhood Food Program - House of Friendship,760,2957,227,218,223,214,3.68609865470852,44.669724770642205,0,102,308,263,78,9,9880,17351,13256,18161,1478.0,1024.0
2024-10-01,Glencairn Mennonite Brethren Church,189,678,188,188,187,187,3.6042780748663104,42.829787234042556,0,28,87,64,10,0,9880,17351,13256,18161,1478.0,1024.0
2024-10-01,Indwell - 140 Weber Street E,36,51,24,19,24,19,1.5833333333333333,46.68421052631579,0,3,11,17,0,5,9880,17351,13256,18161,1478.0,1024.0
2024-10-01,Kingdom Community International ,212,580,109,109,103,103,2.466019417475728,44.77981651376147,2,22,76,78,34,0,9880,17351,13256,18161,1478.0,1024.0
2024-10-01,Kingsdale Community Centre - Neighbourhood Food Program - House of Friendship,1187,3154,434,408,412,386,2.5946601941747574,43.57843137254902,3,164,489,393,112,26,9880,17351,13256,18161,1478.0,1024.0
2024-10-01,Kitchener Community Church and Family Care Centre,352,1225,329,329,330,330,3.533333333333333,44.29483282674772,1,33,153,146,19,0,9880,17351,13256,18161,1478.0,1024.0
2024-10-01,Langs,196,308,75,51,74,50,1.7567567567567568,39.64705882352941,15,10,93,53,1,24,9880,17351,13256,18161,1478.0,1024.0
2024-10-01,Our Lady of Lourdes Conference - Society of St. Vincent de Paul,53,180,50,50,50,50,3.38,43.26,0,7,28,15,3,0,9880,17351,13256,18161,1478.0,1024.0
2024-10-01,Paulander Community Centre - Camino Wellness + Mental Health,361,1361,117,117,116,116,3.413793103448276,47.44444444444444,0,52,78,198,33,0,9880,17351,13256,18161,1478.0,1024.0
2024-10-01,Ray of Hope,363,835,357,357,356,356,2.317415730337079,44.86274509803921,0,50,141,151,21,0,9880,17351,13256,18161,1478.0,1024.0
2024-10-01,Salvation Army Cambridge,467,1279,464,463,462,461,2.738095238095238,48.78401727861771,1,42,143,228,52,1,9880,17351,13256,18161,1478.0,1024.0
2024-10-01,Southwood Resource Centre - Kinbridge Community Association,4,18,3,3,3,3,5.0,46.666666666666664,0,0,2,2,0,0,9880,17351,13256,18161,1478.0,1024.0
2024-10-01,St. Agnes Conference - Society of St. Vincent de Paul,11,25,11,11,11,11,2.272727272727273,56.63636363636363,0,1,2,5,3,0,9880,17351,13256,18161,1478.0,1024.0
2024-10-01,St. Aloysius Parish Food Pantry,8,22,8,8,8,8,2.75,40.5,0,3,1,4,0,0,9880,17351,13256,18161,1478.0,1024.0
2024-10-01,St. Andrew's Hespler Presbyterian Church,44,92,44,44,44,44,2.090909090909091,43.75,0,10,16,10,8,0,9880,17351,13256,18161,1478.0,1024.0
2024-10-01,St. Anthony Daniel Conference - Society of St. Vincent de Paul,93,278,93,93,92,92,3.0,52.064516129032256,0,4,30,38,21,0,9880,17351,13256,18161,1478.0,1024.0
2024-10-01,St. Columba Anglican Church,293,908,120,119,116,115,3.0172413793103448,42.78151260504202,0,39,144,96,13,1,9880,17351,13256,18161,1478.0,1024.0
2024-10-01,St. John's Anglican Church,57,121,57,57,57,57,2.1228070175438596,50.666666666666664,0,2,19,28,8,0,9880,17351,13256,18161,1478.0,1024.0
2024-10-01,St. Mary's Conference - Society of St. Vincent de Paul,94,256,89,89,89,89,2.696629213483146,49.38202247191011,1,5,34,38,16,0,9880,17351,13256,18161,1478.0,1024.0
2024-10-01,Stanley Park Community Centre,429,1383,168,168,157,157,3.0445859872611467,45.625,0,65,154,141,69,0,9880,17351,13256,18161,1478.0,1024.0
2024-10-01,Sunnydale Community Centre - Neighbourhood Food Program - House of Friendship,741,2702,240,204,238,202,3.5252100840336134,43.92156862745098,6,95,269,269,66,36,9880,17351,13256,18161,1478.0,1024.0
2024-10-01,Supportive Housing YWCA (Lincoln Road),37,54,24,24,24,24,1.625,48.958333333333336,0,3,15,15,4,0,9880,17351,13256,18161,1478.0,1024.0
2024-10-01,Supportive Housing of Waterloo (SHOW),53,58,25,25,25,25,1.08,53.96,0,0,10,38,5,0,9880,17351,13256,18161,1478.0,1024.0
2024-10-01,Supportive Housing- Y.W.C.A. (Block Line),77,82,34,34,34,34,1.088235294117647,48.14705882352941,0,1,30,40,6,0,9880,17351,13256,18161,1478.0,1024.0
2024-10-01,THRIVE HIV,183,459,183,0,183,0,2.5081967213114753,,0,0,0,0,0,183,9880,17351,13256,18161,1478.0,1024.0
2024-10-01,The Food Bank of Waterloo Region - Kitchener,149,215,90,88,90,88,1.5222222222222221,50.95454545454545,4,15,18,75,35,2,9880,17351,13256,18161,1478.0,1024.0
2024-10-01,Traverse Independence,24,31,18,17,18,17,1.3333333333333333,54.11764705882353,0,0,5,15,3,1,9880,17351,13256,18161,1478.0,1024.0
2024-10-01,University of Waterloo Food Bank,47,47,47,0,47,0,1.0,,0,0,0,0,0,47,9880,17351,13256,18161,1478.0,1024.0
2024-10-01,Victoria Hills - House of Friendship,725,2383,325,313,323,311,3.2136222910216716,44.14376996805112,1,66,316,275,55,12,9880,17351,13256,18161,1478.0,1024.0
2024-10-01,Wellesley Food Cupboard,47,200,28,28,28,28,4.357142857142857,42.07142857142857,0,5,25,17,0,0,9880,17351,13256,18161,1478.0,1024.0
2024-10-01,Wilmot & Wellesley Resource Centre,340,910,128,117,127,116,2.543307086614173,45.64102564102564,0,49,118,116,46,11,9880,17351,13256,18161,1478.0,1024.0
2024-10-01,Woolwich Community Services,971,3152,227,196,226,195,2.769911504424779,47.29081632653061,14,119,399,273,135,31,9880,17351,13256,18161,1478.0,1024.0
2024-10-01,oneROOF Youth Services,42,50,22,22,22,22,1.1818181818181819,24.727272727272727,1,41,0,0,0,0,9880,17351,13256,18161,1478.0,1024.0
2024-11-01,All Saints' Anglican Church,146,543,59,58,57,56,3.508771929824561,41.189655172413794,0,29,65,45,6,1,9968,17512,13248,18115,1485.0,1034.0
2024-11-01,Anishnabeg Outreach - Spirit Bundle ,605,1909,605,0,605,0,3.1553719008264465,,0,0,0,0,0,605,9968,17512,13248,18115,1485.0,1034.0
2024-11-01,Base Church ,45,135,45,29,45,29,3.0,47.13793103448276,0,5,9,11,4,16,9968,17512,13248,18115,1485.0,1034.0
2024-11-01,Cambridge Food Bank - Cambridge,2040,4785,1953,1951,1940,1938,2.4051546391752576,45.17478216299334,5,335,724,787,187,2,9968,17512,13248,18115,1485.0,1034.0
2024-11-01,Centreville Chicopee Community Centre - Neighbourhood Food Program - House of Friendship,868,2748,342,286,338,282,2.8905325443786984,46.45454545454545,0,75,305,344,88,56,9968,17512,13248,18115,1485.0,1034.0
2024-11-01,Chandler Mowat Community Centre - Neighbourhood Food Program - House of Friendship,929,3237,338,325,331,318,3.338368580060423,43.261538461538464,0,149,391,301,75,13,9968,17512,13248,18115,1485.0,1034.0
2024-11-01,Christopher Champlain Resource Centre - Kinbridge Community Association,1,3,1,1,1,1,3.0,63.0,0,0,0,1,0,0,9968,17512,13248,18115,1485.0,1034.0
2024-11-01,Courtland Shelley Community Centre - Neighbourhood Food Program - House of Friendship,282,801,87,87,84,84,2.869047619047619,52.86206896551724,3,21,53,118,87,0,9968,17512,13248,18115,1485.0,1034.0
2024-11-01,Eby Village / Charles Village - Mobile Pantry,71,78,47,45,46,44,1.108695652173913,53.13333333333333,0,3,13,40,13,2,9968,17512,13248,18115,1485.0,1034.0
2024-11-01,Emergency Food Hamper Program - House of Friendship,3591,12212,3463,3459,3428,3424,3.4156942823803966,42.701647875108414,5,627,1545,1184,226,4,9968,17512,13248,18115,1485.0,1034.0
2024-11-01,Emmanuel United Church - Waterloo Wayside ,586,1607,288,285,281,278,2.5943060498220643,41.51929824561404,1,77,273,196,36,3,9968,17512,13248,18115,1485.0,1034.0
2024-11-01,Erb West Community Centre - Camino Wellness + Mental Health,319,1327,122,122,120,120,4.016666666666667,42.82786885245902,5,29,125,147,13,0,9968,17512,13248,18115,1485.0,1034.0
2024-11-01,Forest Heights Community Centre - Neighbourhood Food Program - House of Friendship,620,2382,218,212,216,210,3.7222222222222223,44.75471698113208,0,73,259,227,55,6,9968,17512,13248,18115,1485.0,1034.0
2024-11-01,Glencairn Mennonite Brethren Church,197,700,197,197,193,193,3.5854922279792745,44.045685279187815,0,24,87,73,13,0,9968,17512,13248,18115,1485.0,1034.0
2024-11-01,Indwell - 140 Weber Street E,39,61,28,19,28,19,1.7857142857142858,47.68421052631579,0,2,9,19,0,9,9968,17512,13248,18115,1485.0,1034.0
2024-11-01,Kingdom Community International ,281,750,115,115,108,108,2.509259259259259,47.504347826086956,2,15,113,99,52,0,9968,17512,13248,18115,1485.0,1034.0
2024-11-01,Kingsdale Community Centre - Neighbourhood Food Program - House of Friendship,993,2670,403,397,387,381,2.62015503875969,44.1007556675063,1,124,458,306,98,6,9968,17512,13248,18115,1485.0,1034.0
2024-11-01,Kitchener Community Church and Family Care Centre,85,163,49,49,49,49,1.7755102040816326,56.46938775510204,0,2,14,50,19,0,9968,17512,13248,18115,1485.0,1034.0
2024-11-01,Langs,89,146,36,23,36,23,1.6388888888888888,43.43478260869565,15,2,42,16,1,13,9968,17512,13248,18115,1485.0,1034.0
2024-11-01,Lincoln Road Chapel,255,883,127,123,125,121,3.8,42.959349593495936,1,32,116,86,16,4,9968,17512,13248,18115,1485.0,1034.0
2024-11-01,Locker - Country Hills Community Centre,8,21,7,7,7,7,2.5714285714285716,26.857142857142858,1,4,3,0,0,0,9968,17512,13248,18115,1485.0,1034.0
2024-11-01,Our Lady of Lourdes Conference - Society of St. Vincent de Paul,42,147,42,42,42,42,3.5,43.404761904761905,1,5,20,13,3,0,9968,17512,13248,18115,1485.0,1034.0
2024-11-01,Paulander Community Centre - Camino Wellness + Mental Health,368,1323,127,126,125,124,3.488,47.63492063492063,1,44,89,198,35,1,9968,17512,13248,18115,1485.0,1034.0
2024-11-01,Ray of Hope,400,960,400,400,398,398,2.4020100502512562,42.61,1,63,183,131,22,0,9968,17512,13248,18115,1485.0,1034.0
2024-11-01,Salvation Army Cambridge,426,1189,418,418,417,417,2.7961630695443644,48.09569377990431,0,50,131,201,44,0,9968,17512,13248,18115,1485.0,1034.0
2024-11-01,Southwood Resource Centre - Kinbridge Community Association,13,42,11,11,11,11,3.272727272727273,39.36363636363637,1,2,4,6,0,0,9968,17512,13248,18115,1485.0,1034.0
2024-11-01,St. Agnes Conference - Society of St. Vincent de Paul,13,29,13,13,13,13,2.230769230769231,56.38461538461539,0,1,2,7,3,0,9968,17512,13248,18115,1485.0,1034.0
2024-11-01,St. Aloysius Parish Food Pantry,15,44,14,14,14,14,3.0714285714285716,43.0,0,2,6,7,0,0,9968,17512,13248,18115,1485.0,1034.0
2024-11-01,St. Andrew's Hespler Presbyterian Church,45,105,45,45,44,44,2.272727272727273,46.17777777777778,1,7,12,16,9,0,9968,17512,13248,18115,1485.0,1034.0
2024-11-01,St. Anthony Daniel Conference - Society of St. Vincent de Paul,114,369,112,112,110,110,3.2454545454545456,49.214285714285715,0,10,46,39,19,0,9968,17512,13248,18115,1485.0,1034.0
2024-11-01,St. John's Anglican Church,58,116,58,58,58,58,2.0,49.03448275862069,0,6,19,25,8,0,9968,17512,13248,18115,1485.0,1034.0
2024-11-01,St. Mary's Conference - Society of St. Vincent de Paul,129,362,127,127,127,127,2.8031496062992125,48.79527559055118,1,9,47,52,20,0,9968,17512,13248,18115,1485.0,1034.0
2024-11-01,Stanley Park Community Centre,360,1184,159,159,147,147,3.163265306122449,46.125786163522015,0,49,130,119,62,0,9968,17512,13248,18115,1485.0,1034.0
2024-11-01,Sunnydale Community Centre - Neighbourhood Food Program - House of Friendship,610,2260,238,209,236,207,3.440677966101695,43.985645933014354,4,76,224,224,53,29,9968,17512,13248,18115,1485.0,1034.0
2024-11-01,Supportive Housing YWCA (Lincoln Road),8,17,8,8,8,8,2.125,46.0,0,1,4,2,1,0,9968,17512,13248,18115,1485.0,1034.0
2024-11-01,Supportive Housing of Waterloo (SHOW),60,67,22,22,22,22,1.0909090909090908,54.40909090909091,0,0,13,41,6,0,9968,17512,13248,18115,1485.0,1034.0
2024-11-01,Supportive Housing- Y.W.C.A. (Block Line),65,74,37,37,37,37,1.162162162162162,47.45945945945946,0,2,25,34,4,0,9968,17512,13248,18115,1485.0,1034.0
2024-11-01,THRIVE HIV,188,679,188,0,188,0,3.6117021276595747,,0,0,0,0,0,188,9968,17512,13248,18115,1485.0,1034.0
2024-11-01,The Food Bank of Waterloo Region - Kitchener,130,172,97,96,97,96,1.3711340206185567,49.770833333333336,6,14,22,63,24,1,9968,17512,13248,18115,1485.0,1034.0
2024-11-01,Traverse Independence,36,41,23,22,23,22,1.2173913043478262,56.77272727272727,0,0,6,23,6,1,9968,17512,13248,18115,1485.0,1034.0
2024-11-01,University of Waterloo Food Bank,16,16,16,0,16,0,1.0,,0,0,0,0,0,16,9968,17512,13248,18115,1485.0,1034.0
2024-11-01,Victoria Hills - House of Friendship,958,3253,351,326,350,325,3.26,43.61349693251534,1,94,434,343,61,25,9968,17512,13248,18115,1485.0,1034.0
2024-11-01,Wellesley Food Cupboard,45,184,27,27,27,27,4.222222222222222,42.25925925925926,0,7,22,16,0,0,9968,17512,13248,18115,1485.0,1034.0
2024-11-01,Wilmot & Wellesley Resource Centre,282,772,130,117,129,116,2.75968992248062,45.39316239316239,0,37,97,99,36,13,9968,17512,13248,18115,1485.0,1034.0
2024-11-01,Woolwich Community Services,970,3050,241,215,240,214,2.975,46.83720930232558,17,127,377,293,130,26,9968,17512,13248,18115,1485.0,1034.0
2024-11-01,oneROOF Youth Services,64,83,29,29,28,28,1.1785714285714286,23.896551724137932,3,61,0,0,0,0,9968,17512,13248,18115,1485.0,1034.0
2024-12-01,All Saints' Anglican Church,129,473,58,57,57,56,3.5964912280701755,41.0,0,22,58,44,4,1,9926,17403,13249,18086,1478.0,1035.0
2024-12-01,Anishnabeg Outreach - Spirit Bundle ,607,1924,607,0,607,0,3.169686985172982,,0,0,0,0,0,607,9926,17403,13249,18086,1478.0,1035.0
2024-12-01,Base Church ,68,227,68,46,67,45,3.343283582089552,43.891304347826086,1,6,23,10,6,22,9926,17403,13249,18086,1478.0,1035.0
2024-12-01,Cambridge Food Bank - Cambridge,390,1077,314,311,314,311,3.1751592356687897,40.90675241157556,1,73,187,112,14,3,9926,17403,13249,18086,1478.0,1035.0
2024-12-01,Centreville Chicopee Community Centre - Neighbourhood Food Program - House of Friendship,638,1967,307,262,305,260,2.918032786885246,46.31679389312977,1,56,212,257,67,45,9926,17403,13249,18086,1478.0,1035.0
2024-12-01,Chandler Mowat Community Centre - Neighbourhood Food Program - House of Friendship,669,2391,297,290,295,288,3.542372881355932,43.741379310344826,0,104,278,221,59,7,9926,17403,13249,18086,1478.0,1035.0
2024-12-01,Christopher Champlain Resource Centre - Kinbridge Community Association,3,9,3,3,3,3,3.0,34.333333333333336,0,2,0,1,0,0,9926,17403,13249,18086,1478.0,1035.0
2024-12-01,Courtland Shelley Community Centre - Neighbourhood Food Program - House of Friendship,196,550,83,81,83,81,2.8674698795180724,54.074074074074076,1,15,35,79,64,2,9926,17403,13249,18086,1478.0,1035.0
2024-12-01,Eby Village / Charles Village - Mobile Pantry,61,67,38,38,38,38,1.0789473684210527,54.71052631578947,0,0,17,30,14,0,9926,17403,13249,18086,1478.0,1035.0
2024-12-01,Emergency Food Hamper Program - House of Friendship,3288,11863,3152,3152,3107,3107,3.6031541680077246,42.82455583756345,4,537,1443,1095,209,0,9926,17403,13249,18086,1478.0,1035.0
2024-12-01,Emmanuel United Church - Waterloo Wayside ,487,1355,257,253,251,247,2.6693227091633465,41.45454545454545,2,76,213,164,28,4,9926,17403,13249,18086,1478.0,1035.0
2024-12-01,Erb West Community Centre - Camino Wellness + Mental Health,154,655,100,100,99,99,4.303030303030303,43.35,3,13,68,65,5,0,9926,17403,13249,18086,1478.0,1035.0
2024-12-01,Forest Heights Community Centre - Neighbourhood Food Program - House of Friendship,437,1677,187,184,187,184,3.716577540106952,45.34239130434783,0,54,176,156,48,3,9926,17403,13249,18086,1478.0,1035.0
2024-12-01,Glencairn Mennonite Brethren Church,152,562,152,152,150,150,3.7333333333333334,44.49342105263158,2,17,60,64,9,0,9926,17403,13249,18086,1478.0,1035.0
2024-12-01,Indwell - 140 Weber Street E,57,101,26,17,26,17,2.6538461538461537,48.0,0,6,12,30,0,9,9926,17403,13249,18086,1478.0,1035.0
2024-12-01,Kingdom Community International ,177,487,99,99,94,94,2.6595744680851063,48.22222222222222,1,13,65,69,29,0,9926,17403,13249,18086,1478.0,1035.0
2024-12-01,Kingsdale Community Centre - Neighbourhood Food Program - House of Friendship,711,1956,361,351,349,339,2.713467048710602,44.84330484330484,0,96,294,227,84,10,9926,17403,13249,18086,1478.0,1035.0
2024-12-01,Kitchener Community Church and Family Care Centre,40,65,25,25,25,25,1.6,57.04,1,1,4,21,13,0,9926,17403,13249,18086,1478.0,1035.0
2024-12-01,Langs,42,65,22,17,22,17,1.5,45.76470588235294,0,0,29,7,1,5,9926,17403,13249,18086,1478.0,1035.0
2024-12-01,Lincoln Road Chapel,228,813,116,113,115,112,3.878260869565217,42.5929203539823,0,34,102,72,17,3,9926,17403,13249,18086,1478.0,1035.0
2024-12-01,Locker - Country Hills Community Centre,10,25,9,9,9,9,2.6666666666666665,35.888888888888886,0,3,4,3,0,0,9926,17403,13249,18086,1478.0,1035.0
2024-12-01,Our Lady of Lourdes Conference - Society of St. Vincent de Paul,37,127,37,37,37,37,3.4324324324324325,44.108108108108105,0,3,20,11,3,0,9926,17403,13249,18086,1478.0,1035.0
2024-12-01,Paulander Community Centre - Camino Wellness + Mental Health,284,1033,99,99,99,99,3.5656565656565657,47.7979797979798,3,37,62,149,33,0,9926,17403,13249,18086,1478.0,1035.0
2024-12-01,Ray of Hope,328,821,327,327,326,326,2.5122699386503067,44.68501529051988,0,39,140,129,20,0,9926,17403,13249,18086,1478.0,1035.0
2024-12-01,Salvation Army Cambridge,363,1004,362,361,362,361,2.7624309392265194,47.73684210526316,1,36,126,155,44,1,9926,17403,13249,18086,1478.0,1035.0
2024-12-01,Southwood Resource Centre - Kinbridge Community Association,5,30,5,5,5,5,6.0,43.0,0,1,1,3,0,0,9926,17403,13249,18086,1478.0,1035.0
2024-12-01,St. Aloysius Parish Food Pantry,9,26,9,9,9,9,2.888888888888889,43.77777777777778,0,2,2,5,0,0,9926,17403,13249,18086,1478.0,1035.0
2024-12-01,St. Andrew's Hespler Presbyterian Church,42,109,42,42,42,42,2.5952380952380953,47.023809523809526,1,4,15,14,8,0,9926,17403,13249,18086,1478.0,1035.0
2024-12-01,St. Anthony Daniel Conference - Society of St. Vincent de Paul,62,197,62,62,62,62,3.1774193548387095,50.25806451612903,0,5,25,18,14,0,9926,17403,13249,18086,1478.0,1035.0
2024-12-01,St. John's Anglican Church,48,111,48,48,48,48,2.3125,50.791666666666664,0,5,12,23,8,0,9926,17403,13249,18086,1478.0,1035.0
2024-12-01,St. Mary's Conference - Society of St. Vincent de Paul,104,285,101,101,101,101,2.792079207920792,49.56435643564357,0,7,40,38,19,0,9926,17403,13249,18086,1478.0,1035.0
2024-12-01,Stanley Park Community Centre,271,935,133,133,124,124,3.4919354838709675,47.338345864661655,0,29,99,101,42,0,9926,17403,13249,18086,1478.0,1035.0
2024-12-01,Sunnydale Community Centre - Neighbourhood Food Program - House of Friendship,446,1685,212,194,210,192,3.5285714285714285,44.24742268041237,3,51,175,160,39,18,9926,17403,13249,18086,1478.0,1035.0
2024-12-01,Supportive Housing YWCA (Lincoln Road),14,26,10,10,10,10,2.0,43.3,0,3,6,4,1,0,9926,17403,13249,18086,1478.0,1035.0
2024-12-01,Supportive Housing of Waterloo (SHOW),53,58,22,22,22,22,1.0909090909090908,53.13636363636363,0,0,14,33,6,0,9926,17403,13249,18086,1478.0,1035.0
2024-12-01,Supportive Housing- Y.W.C.A. (Block Line),59,69,34,34,33,33,1.1515151515151516,48.0,0,2,22,29,6,0,9926,17403,13249,18086,1478.0,1035.0
2024-12-01,THRIVE HIV,91,231,91,0,91,0,2.5384615384615383,,0,0,0,0,0,91,9926,17403,13249,18086,1478.0,1035.0
2024-12-01,The Food Bank of Waterloo Region - Kitchener,123,188,100,100,100,100,1.52,48.5,3,18,21,59,22,0,9926,17403,13249,18086,1478.0,1035.0
2024-12-01,Traverse Independence,19,31,19,19,19,19,1.631578947368421,52.78947368421053,0,0,4,12,3,0,9926,17403,13249,18086,1478.0,1035.0
2024-12-01,Victoria Hills - House of Friendship,689,2314,324,299,323,298,3.321981424148607,43.391304347826086,0,72,309,245,38,25,9926,17403,13249,18086,1478.0,1035.0
2024-12-01,Wellesley Food Cupboard,50,219,26,26,26,26,4.230769230769231,42.30769230769231,0,7,25,18,0,0,9926,17403,13249,18086,1478.0,1035.0
2024-12-01,Wilmot & Wellesley Resource Centre,172,488,94,91,93,90,2.7419354838709675,46.42857142857143,0,30,63,56,20,3,9926,17403,13249,18086,1478.0,1035.0
2024-12-01,Woolwich Community Services,755,2441,207,194,205,192,2.7804878048780486,47.128865979381445,8,89,320,220,105,13,9926,17403,13249,18086,1478.0,1035.0
2024-12-01,oneROOF Youth Services,27,36,18,18,18,18,1.1666666666666667,24.38888888888889,0,27,0,0,0,0,9926,17403,13249,18086,1478.0,1035.0
2025-01-01,All Saints' Anglican Church,127,472,49,49,48,48,3.5208333333333335,42.734693877551024,0,19,50,54,4,0,10163,17761,13293,18165,1485.0,1053.0
2025-01-01,Anishnabeg Outreach - Spirit Bundle ,838,2711,838,0,838,0,3.2350835322195706,,0,0,0,0,0,838,10163,17761,13293,18165,1485.0,1053.0
2025-01-01,Base Church ,53,166,53,32,53,32,3.1320754716981134,45.65625,0,4,14,10,4,21,10163,17761,13293,18165,1485.0,1053.0
2025-01-01,Cambridge Food Bank - Cambridge,1965,4662,1881,1880,1870,1869,2.4331550802139037,45.42127659574468,5,299,725,748,187,1,10163,17761,13293,18165,1485.0,1053.0
2025-01-01,Centreville Chicopee Community Centre - Neighbourhood Food Program - House of Friendship,770,2443,300,264,295,259,2.9694915254237286,46.22348484848485,1,77,266,310,80,36,10163,17761,13293,18165,1485.0,1053.0
2025-01-01,Chandler Mowat Community Centre - Neighbourhood Food Program - House of Friendship,831,3039,297,291,295,289,3.613559322033898,44.491408934707906,2,123,316,310,74,6,10163,17761,13293,18165,1485.0,1053.0
2025-01-01,Courtland Shelley Community Centre - Neighbourhood Food Program - House of Friendship,261,731,85,84,85,84,2.8117647058823527,54.773809523809526,3,13,45,113,86,1,10163,17761,13293,18165,1485.0,1053.0
2025-01-01,Eby Village / Charles Village - Mobile Pantry,101,126,49,44,49,44,1.2653061224489797,52.45454545454545,0,2,18,58,18,5,10163,17761,13293,18165,1485.0,1053.0
2025-01-01,Emergency Food Hamper Program - House of Friendship,3339,11910,3223,3220,3182,3179,3.5820238843494656,42.780124223602485,8,555,1473,1094,206,3,10163,17761,13293,18165,1485.0,1053.0
2025-01-01,Emmanuel United Church - Waterloo Wayside ,665,1779,288,280,282,274,2.5,40.385714285714286,2,123,287,210,35,8,10163,17761,13293,18165,1485.0,1053.0
2025-01-01,Erb West Community Centre - Camino Wellness + Mental Health,302,1350,123,120,120,117,4.35,42.21666666666667,6,21,140,115,17,3,10163,17761,13293,18165,1485.0,1053.0
2025-01-01,Forest Heights Community Centre - Neighbourhood Food Program - House of Friendship,566,2257,195,192,191,188,3.8795811518324608,45.088541666666664,0,58,253,189,63,3,10163,17761,13293,18165,1485.0,1053.0
2025-01-01,Glencairn Mennonite Brethren Church,162,596,162,162,160,160,3.6875,43.01234567901235,1,21,74,57,9,0,10163,17761,13293,18165,1485.0,1053.0
2025-01-01,Indwell - 140 Weber Street E,33,63,23,19,23,19,2.3043478260869565,48.526315789473685,0,4,6,19,0,4,10163,17761,13293,18165,1485.0,1053.0
2025-01-01,Kingdom Community International ,199,535,103,103,98,98,2.5408163265306123,47.1747572815534,2,17,75,69,36,0,10163,17761,13293,18165,1485.0,1053.0
2025-01-01,Kingsdale Community Centre - Neighbourhood Food Program - House of Friendship,761,2210,326,316,311,301,2.7942122186495175,44.07911392405063,3,104,317,240,87,10,10163,17761,13293,18165,1485.0,1053.0
2025-01-01,Kitchener Community Church and Family Care Centre,251,820,230,230,230,230,3.3956521739130436,47.18260869565217,2,23,85,110,31,0,10163,17761,13293,18165,1485.0,1053.0
2025-01-01,Langs,55,76,27,18,28,19,1.6071428571428572,46.94444444444444,0,1,34,9,2,9,10163,17761,13293,18165,1485.0,1053.0
2025-01-01,Lincoln Road Chapel,128,378,88,87,88,87,2.9545454545454546,42.28735632183908,0,17,63,41,6,1,10163,17761,13293,18165,1485.0,1053.0
2025-01-01,Locker - Country Hills Community Centre,11,22,9,9,9,9,1.8888888888888888,35.44444444444444,0,4,6,1,0,0,10163,17761,13293,18165,1485.0,1053.0
2025-01-01,Our Lady of Lourdes Conference - Society of St. Vincent de Paul,36,125,36,36,36,36,3.4722222222222223,44.388888888888886,0,5,16,12,3,0,10163,17761,13293,18165,1485.0,1053.0
2025-01-01,Paulander Community Centre - Camino Wellness + Mental Health,226,789,101,101,101,101,3.5544554455445545,48.81188118811881,0,26,53,121,26,0,10163,17761,13293,18165,1485.0,1053.0
2025-01-01,Ray of Hope,302,785,301,301,299,299,2.608695652173913,44.142857142857146,0,37,137,111,17,0,10163,17761,13293,18165,1485.0,1053.0
2025-01-01,Salvation Army Cambridge,406,1155,398,398,396,396,2.8585858585858586,48.391959798994975,0,35,135,195,41,0,10163,17761,13293,18165,1485.0,1053.0
2025-01-01,Southwood Resource Centre - Kinbridge Community Association,5,16,5,4,5,4,3.2,36.0,0,2,0,2,0,1,10163,17761,13293,18165,1485.0,1053.0
2025-01-01,St. Agnes Conference - Society of St. Vincent de Paul,17,37,17,17,17,17,2.176470588235294,55.0,0,1,3,10,3,0,10163,17761,13293,18165,1485.0,1053.0
2025-01-01,St. Aloysius Parish Food Pantry,6,14,6,6,6,6,2.3333333333333335,38.5,0,1,3,2,0,0,10163,17761,13293,18165,1485.0,1053.0
2025-01-01,St. Andrew's Hespler Presbyterian Church,41,95,41,41,41,41,2.317073170731707,49.048780487804876,0,2,16,16,7,0,10163,17761,13293,18165,1485.0,1053.0
2025-01-01,St. Anthony Daniel Conference - Society of St. Vincent de Paul,90,290,89,89,89,89,3.235955056179775,50.674157303370784,1,5,29,39,16,0,10163,17761,13293,18165,1485.0,1053.0
2025-01-01,St. John's Anglican Church,48,105,48,48,48,48,2.1875,47.770833333333336,1,2,17,22,6,0,10163,17761,13293,18165,1485.0,1053.0
2025-01-01,St. Mary's Conference - Society of St. Vincent de Paul,99,261,95,95,95,95,2.705263157894737,50.305263157894736,0,5,39,39,16,0,10163,17761,13293,18165,1485.0,1053.0
2025-01-01,Stanley Park Community Centre,351,1138,154,154,146,146,3.0821917808219177,45.91558441558441,1,42,124,132,52,0,10163,17761,13293,18165,1485.0,1053.0
2025-01-01,Sunnydale Community Centre - Neighbourhood Food Program - House of Friendship,554,2050,222,199,218,195,3.458715596330275,43.96482412060301,4,60,220,197,50,23,10163,17761,13293,18165,1485.0,1053.0
2025-01-01,Supportive Housing YWCA (Lincoln Road),15,21,11,11,11,11,1.5454545454545454,46.27272727272727,0,1,7,6,1,0,10163,17761,13293,18165,1485.0,1053.0
2025-01-01,Supportive Housing of Waterloo (SHOW),56,63,21,21,21,21,1.0952380952380953,53.857142857142854,0,0,17,33,6,0,10163,17761,13293,18165,1485.0,1053.0
2025-01-01,Supportive Housing- Y.W.C.A. (Block Line),44,50,28,28,28,28,1.1428571428571428,47.892857142857146,0,2,19,19,4,0,10163,17761,13293,18165,1485.0,1053.0
2025-01-01,THRIVE HIV,233,618,233,5,233,5,2.652360515021459,49.2,0,0,2,2,1,228,10163,17761,13293,18165,1485.0,1053.0
2025-01-01,The Food Bank of Waterloo Region - Kitchener,146,297,108,101,108,101,2.2222222222222223,49.93069306930693,4,17,15,87,16,7,10163,17761,13293,18165,1485.0,1053.0
2025-01-01,Traverse Independence,31,42,29,29,29,29,1.3448275862068966,54.96551724137931,0,1,6,20,4,0,10163,17761,13293,18165,1485.0,1053.0
2025-01-01,Victoria Hills - House of Friendship,871,2922,333,301,328,296,3.225609756097561,44.524916943521596,1,81,353,343,61,32,10163,17761,13293,18165,1485.0,1053.0
2025-01-01,Wellesley Food Cupboard,51,210,30,30,30,30,4.1,42.46666666666667,0,6,29,14,2,0,10163,17761,13293,18165,1485.0,1053.0
2025-01-01,Wilmot & Wellesley Resource Centre,321,878,121,111,120,110,2.6083333333333334,44.009009009009006,0,64,107,101,39,10,10163,17761,13293,18165,1485.0,1053.0
2025-01-01,Woolwich Community Services,1004,3275,213,195,210,192,2.842857142857143,47.93846153846154,27,90,420,292,157,18,10163,17761,13293,18165,1485.0,1053.0
2025-01-01,oneROOF Youth Services,12,27,6,6,6,6,2.1666666666666665,21.333333333333332,1,11,0,0,0,0,10163,17761,13293,18165,1485.0,1053.0
2025-02-01,All Saints' Anglican Church,141,498,49,49,49,49,3.5510204081632653,42.285714285714285,0,19,66,51,5,0,10135,17702,13258,18116,1428.0,1064.0
2025-02-01,Anishnabeg Outreach - Spirit Bundle ,673,2179,673,0,673,0,3.237741456166419,,0,0,0,0,0,673,10135,17702,13258,18116,1428.0,1064.0
2025-02-01,Base Church ,47,137,47,35,47,35,2.9148936170212765,46.25714285714286,0,4,13,12,6,12,10135,17702,13258,18116,1428.0,1064.0
2025-02-01,Cambridge Food Bank - Cambridge,1797,4348,1735,1735,1729,1729,2.4690572585309427,45.216138328530256,5,281,647,701,163,0,10135,17702,13258,18116,1428.0,1064.0
2025-02-01,Centreville Chicopee Community Centre - Neighbourhood Food Program - House of Friendship,763,2419,297,256,294,253,2.925170068027211,46.10546875,1,66,273,297,85,41,10135,17702,13258,18116,1428.0,1064.0
2025-02-01,Chandler Mowat Community Centre - Neighbourhood Food Program - House of Friendship,744,2736,293,290,290,287,3.5344827586206895,43.748275862068965,1,131,278,270,61,3,10135,17702,13258,18116,1428.0,1064.0
2025-02-01,Courtland Shelley Community Centre - Neighbourhood Food Program - House of Friendship,279,773,84,83,84,83,2.761904761904762,55.036144578313255,4,14,50,124,86,1,10135,17702,13258,18116,1428.0,1064.0
2025-02-01,Eby Village / Charles Village - Mobile Pantry,80,88,52,50,51,49,1.0980392156862746,54.38,0,4,16,40,18,2,10135,17702,13258,18116,1428.0,1064.0
2025-02-01,Emergency Food Hamper Program - House of Friendship,3088,11265,3027,3024,3006,3003,3.657684630738523,42.93320105820106,7,488,1357,1042,191,3,10135,17702,13258,18116,1428.0,1064.0
2025-02-01,Emmanuel United Church - Waterloo Wayside ,564,1459,274,265,269,260,2.5390334572490705,41.26792452830189,4,102,223,195,31,9,10135,17702,13258,18116,1428.0,1064.0
2025-02-01,Erb West Community Centre - Camino Wellness + Mental Health,351,1514,121,121,118,118,4.245762711864407,41.96694214876033,7,35,155,136,18,0,10135,17702,13258,18116,1428.0,1064.0
2025-02-01,Forest Heights Community Centre - Neighbourhood Food Program - House of Friendship,558,2138,198,192,196,190,3.6785714285714284,45.098958333333336,3,68,232,177,72,6,10135,17702,13258,18116,1428.0,1064.0
2025-02-01,Glencairn Mennonite Brethren Church,178,655,177,177,174,174,3.6954022988505746,44.56497175141243,0,21,75,68,14,0,10135,17702,13258,18116,1428.0,1064.0
2025-02-01,Indwell - 140 Weber Street E,28,54,19,14,19,14,2.3684210526315788,47.5,0,4,5,14,0,5,10135,17702,13258,18116,1428.0,1064.0
2025-02-01,Kingdom Community International ,234,651,115,115,110,110,2.6818181818181817,46.4,0,17,87,97,33,0,10135,17702,13258,18116,1428.0,1064.0
2025-02-01,Kingsdale Community Centre - Neighbourhood Food Program - House of Friendship,825,2453,335,324,321,310,2.8629283489096573,44.626543209876544,1,98,334,283,98,11,10135,17702,13258,18116,1428.0,1064.0
2025-02-01,Kitchener Community Church and Family Care Centre,288,956,273,273,273,273,3.3882783882783882,46.853479853479854,1,26,107,123,31,0,10135,17702,13258,18116,1428.0,1064.0
2025-02-01,Langs,21,40,19,14,19,14,2.0,40.92857142857143,0,2,10,4,0,5,10135,17702,13258,18116,1428.0,1064.0
2025-02-01,Lincoln Road Chapel,134,403,88,81,87,80,2.9885057471264367,42.876543209876544,1,19,49,50,8,7,10135,17702,13258,18116,1428.0,1064.0
2025-02-01,Locker - Country Hills Community Centre,10,29,8,8,8,8,2.875,36.875,0,2,7,1,0,0,10135,17702,13258,18116,1428.0,1064.0
2025-02-01,Our Lady of Lourdes Conference - Society of St. Vincent de Paul,41,139,41,41,41,41,3.3902439024390243,43.63414634146341,1,4,20,13,3,0,10135,17702,13258,18116,1428.0,1064.0
2025-02-01,Paulander Community Centre - Camino Wellness + Mental Health,260,885,116,116,116,116,3.3879310344827585,48.0948275862069,1,29,60,141,29,0,10135,17702,13258,18116,1428.0,1064.0
2025-02-01,Ray of Hope,281,721,281,281,281,281,2.565836298932384,44.44128113879004,0,35,125,101,20,0,10135,17702,13258,18116,1428.0,1064.0
2025-02-01,Salvation Army Cambridge,342,980,340,339,339,338,2.8613569321533925,47.72566371681416,0,36,114,159,32,1,10135,17702,13258,18116,1428.0,1064.0
2025-02-01,Southwood Resource Centre - Kinbridge Community Association,4,8,2,2,2,2,2.0,38.5,0,2,0,2,0,0,10135,17702,13258,18116,1428.0,1064.0
2025-02-01,St. Agnes Conference - Society of St. Vincent de Paul,15,34,15,15,15,15,2.2666666666666666,54.8,0,1,3,8,3,0,10135,17702,13258,18116,1428.0,1064.0
2025-02-01,St. Aloysius Parish Food Pantry,4,8,4,4,4,4,2.0,36.25,0,1,2,1,0,0,10135,17702,13258,18116,1428.0,1064.0
2025-02-01,St. Andrew's Hespler Presbyterian Church,28,64,28,28,28,28,2.2857142857142856,46.42857142857143,1,3,9,11,4,0,10135,17702,13258,18116,1428.0,1064.0
2025-02-01,St. Anthony Daniel Conference - Society of St. Vincent de Paul,89,304,89,89,89,89,3.4157303370786516,49.348314606741575,2,7,34,29,17,0,10135,17702,13258,18116,1428.0,1064.0
2025-02-01,St. John's Anglican Church,51,108,50,50,50,50,2.1,51.14,0,2,16,25,8,0,10135,17702,13258,18116,1428.0,1064.0
2025-02-01,St. Mary's Conference - Society of St. Vincent de Paul,95,254,94,94,94,94,2.6914893617021276,49.5531914893617,0,6,35,41,13,0,10135,17702,13258,18116,1428.0,1064.0
2025-02-01,Stanley Park Community Centre,340,1148,150,150,136,136,3.3823529411764706,46.78666666666667,0,40,133,114,53,0,10135,17702,13258,18116,1428.0,1064.0
2025-02-01,Sunnydale Community Centre - Neighbourhood Food Program - House of Friendship,508,1888,212,182,209,179,3.521531100478469,43.90659340659341,0,49,210,183,36,30,10135,17702,13258,18116,1428.0,1064.0
2025-02-01,Supportive Housing YWCA (Lincoln Road),10,19,7,7,7,7,1.7142857142857142,41.142857142857146,0,1,7,1,1,0,10135,17702,13258,18116,1428.0,1064.0
2025-02-01,Supportive Housing of Waterloo (SHOW),63,70,27,27,27,27,1.0740740740740742,55.592592592592595,0,0,16,36,11,0,10135,17702,13258,18116,1428.0,1064.0
2025-02-01,Supportive Housing- Y.W.C.A. (Block Line),36,39,22,22,22,22,1.0909090909090908,48.27272727272727,0,2,15,16,3,0,10135,17702,13258,18116,1428.0,1064.0
2025-02-01,THRIVE HIV,171,509,171,0,171,0,2.9766081871345027,,0,0,0,0,0,171,10135,17702,13258,18116,1428.0,1064.0
2025-02-01,The Food Bank of Waterloo Region - Kitchener,130,249,86,81,86,81,1.941860465116279,50.5679012345679,5,12,16,67,25,5,10135,17702,13258,18116,1428.0,1064.0
2025-02-01,Traverse Independence,29,50,25,24,25,24,1.84,54.5,0,0,7,17,4,1,10135,17702,13258,18116,1428.0,1064.0
2025-02-01,Victoria Hills - House of Friendship,686,2359,322,312,319,309,3.3636363636363638,43.67307692307692,0,74,306,251,45,10,10135,17702,13258,18116,1428.0,1064.0
2025-02-01,Wellesley Food Cupboard,50,206,29,29,29,29,4.137931034482759,42.06896551724138,0,6,28,14,2,0,10135,17702,13258,18116,1428.0,1064.0
2025-02-01,Wilmot & Wellesley Resource Centre,276,761,119,111,118,110,2.8983050847457625,43.75675675675676,0,50,97,91,30,8,10135,17702,13258,18116,1428.0,1064.0
2025-02-01,Woolwich Community Services,893,2822,198,187,196,185,2.913265306122449,48.42245989304813,18,68,394,240,162,11,10135,17702,13258,18116,1428.0,1064.0
2025-02-01,oneROOF Youth Services,3,6,2,2,2,2,2.5,22.5,0,3,0,0,0,0,10135,17702,13258,18116,1428.0,1064.0
2025-03-01,All Saints' Anglican Church,144,514,57,57,55,55,3.690909090909091,41.78947368421053,0,21,65,54,4,0,10148,17703,13361,18241,1424.0,1039.0
2025-03-01,Anishnabeg Outreach - Spirit Bundle ,538,1737,538,0,538,0,3.2286245353159853,,0,0,0,0,0,538,10148,17703,13361,18241,1424.0,1039.0
2025-03-01,Base Church ,61,164,61,35,61,35,2.6885245901639343,43.31428571428572,2,5,13,10,5,26,10148,17703,13361,18241,1424.0,1039.0
2025-03-01,Cambridge Food Bank - Cambridge,1968,4693,1921,1920,1916,1915,2.4175365344467643,45.204166666666666,3,324,686,767,187,1,10148,17703,13361,18241,1424.0,1039.0
2025-03-01,Centreville Chicopee Community Centre - Neighbourhood Food Program - House of Friendship,810,2642,316,273,310,267,2.9516129032258065,46.19047619047619,3,65,312,304,83,43,10148,17703,13361,18241,1424.0,1039.0
2025-03-01,Chandler Mowat Community Centre - Neighbourhood Food Program - House of Friendship,908,3218,412,309,408,305,3.3700980392156863,44.103559870550164,0,143,310,286,66,103,10148,17703,13361,18241,1424.0,1039.0
2025-03-01,Courtland Shelley Community Centre - Neighbourhood Food Program - House of Friendship,275,743,81,81,81,81,2.765432098765432,54.80246913580247,4,16,44,125,86,0,10148,17703,13361,18241,1424.0,1039.0
2025-03-01,Eby Village / Charles Village - Mobile Pantry,72,84,43,42,43,42,1.2093023255813953,54.80952380952381,0,2,10,44,15,1,10148,17703,13361,18241,1424.0,1039.0
2025-03-01,Emergency Food Hamper Program - House of Friendship,3202,11327,3099,3097,3062,3060,3.545068582625735,42.96319018404908,2,537,1371,1088,202,2,10148,17703,13361,18241,1424.0,1039.0
2025-03-01,Emmanuel United Church - Waterloo Wayside ,619,1614,279,270,277,268,2.545126353790614,41.07037037037037,5,125,235,211,34,9,10148,17703,13361,18241,1424.0,1039.0
2025-03-01,Erb West Community Centre - Camino Wellness + Mental Health,350,1510,131,131,125,125,4.184,41.045801526717554,6,39,144,141,20,0,10148,17703,13361,18241,1424.0,1039.0
2025-03-01,Forest Heights Community Centre - Neighbourhood Food Program - House of Friendship,574,2171,306,188,304,186,3.5723684210526314,44.265957446808514,0,59,210,136,51,118,10148,17703,13361,18241,1424.0,1039.0
2025-03-01,Glencairn Mennonite Brethren Church,160,588,160,160,158,158,3.6835443037974684,44.86875,0,19,67,64,10,0,10148,17703,13361,18241,1424.0,1039.0
2025-03-01,Indwell - 140 Weber Street E,24,44,18,15,18,15,2.111111111111111,49.0,0,4,3,14,0,3,10148,17703,13361,18241,1424.0,1039.0
2025-03-01,Kingdom Community International ,248,694,119,119,115,115,2.5391304347826087,47.72268907563025,1,22,82,115,28,0,10148,17703,13361,18241,1424.0,1039.0
2025-03-01,Kingsdale Community Centre - Neighbourhood Food Program - House of Friendship,877,2540,364,352,349,337,2.825214899713467,45.08522727272727,4,97,363,297,104,12,10148,17703,13361,18241,1424.0,1039.0
2025-03-01,Kitchener Community Church and Family Care Centre,283,923,262,262,262,262,3.3931297709923665,46.79389312977099,3,26,105,113,36,0,10148,17703,13361,18241,1424.0,1039.0
2025-03-01,Langs,28,42,25,19,25,19,1.56,48.421052631578945,0,2,8,9,3,6,10148,17703,13361,18241,1424.0,1039.0
2025-03-01,Lincoln Road Chapel,266,867,138,136,137,135,3.0583941605839415,44.85294117647059,3,34,105,103,19,2,10148,17703,13361,18241,1424.0,1039.0
2025-03-01,Locker - Country Hills Community Centre,25,74,16,16,16,16,3.1875,39.375,0,4,9,12,0,0,10148,17703,13361,18241,1424.0,1039.0
2025-03-01,Our Lady of Lourdes Conference - Society of St. Vincent de Paul,31,120,30,30,30,30,3.933333333333333,44.9,0,3,15,10,3,0,10148,17703,13361,18241,1424.0,1039.0
2025-03-01,Paulander Community Centre - Camino Wellness + Mental Health,442,1519,124,124,124,124,3.2580645161290325,48.07258064516129,1,53,105,234,49,0,10148,17703,13361,18241,1424.0,1039.0
2025-03-01,Ray of Hope,328,786,328,328,328,328,2.3963414634146343,45.875,1,32,138,131,26,0,10148,17703,13361,18241,1424.0,1039.0
2025-03-01,Salvation Army Cambridge,461,1272,454,438,453,437,2.7704194260485653,47.54337899543379,1,46,155,195,48,16,10148,17703,13361,18241,1424.0,1039.0
2025-03-01,Southwood Resource Centre - Kinbridge Community Association,7,29,4,4,4,4,3.75,43.0,0,1,0,6,0,0,10148,17703,13361,18241,1424.0,1039.0
2025-03-01,St. Agnes Conference - Society of St. Vincent de Paul,17,36,17,17,17,17,2.1176470588235294,52.411764705882355,0,2,4,8,3,0,10148,17703,13361,18241,1424.0,1039.0
2025-03-01,St. Aloysius Parish Food Pantry,4,11,4,4,4,4,2.75,41.75,0,0,2,2,0,0,10148,17703,13361,18241,1424.0,1039.0
2025-03-01,St. Andrew's Hespler Presbyterian Church,41,85,41,41,41,41,2.073170731707317,50.853658536585364,0,2,12,19,8,0,10148,17703,13361,18241,1424.0,1039.0
2025-03-01,St. Anthony Daniel Conference - Society of St. Vincent de Paul,101,317,95,95,95,95,3.1789473684210527,50.873684210526314,2,6,29,45,19,0,10148,17703,13361,18241,1424.0,1039.0
2025-03-01,St. John's Anglican Church,44,102,44,44,44,44,2.3181818181818183,50.56818181818182,0,2,13,22,7,0,10148,17703,13361,18241,1424.0,1039.0
2025-03-01,St. Mary's Conference - Society of St. Vincent de Paul,107,293,104,104,104,104,2.7884615384615383,50.04807692307692,0,7,40,40,20,0,10148,17703,13361,18241,1424.0,1039.0
2025-03-01,Stanley Park Community Centre,323,1072,145,145,133,133,3.1503759398496243,47.39310344827586,0,26,129,121,47,0,10148,17703,13361,18241,1424.0,1039.0
2025-03-01,Sunnydale Community Centre - Neighbourhood Food Program - House of Friendship,571,2108,221,199,217,195,3.6036866359447006,44.381909547738694,1,59,227,195,67,22,10148,17703,13361,18241,1424.0,1039.0
2025-03-01,Supportive Housing YWCA (Lincoln Road),16,33,11,11,11,11,2.0,41.18181818181818,0,2,11,2,1,0,10148,17703,13361,18241,1424.0,1039.0
2025-03-01,Supportive Housing of Waterloo (SHOW),73,79,27,27,27,27,1.0740740740740742,55.851851851851855,0,0,16,51,6,0,10148,17703,13361,18241,1424.0,1039.0
2025-03-01,Supportive Housing- Y.W.C.A. (Block Line),32,36,20,20,20,20,1.1,47.45,0,2,15,13,2,0,10148,17703,13361,18241,1424.0,1039.0
2025-03-01,THRIVE HIV,212,489,212,0,212,0,2.306603773584906,,0,0,0,0,0,212,10148,17703,13361,18241,1424.0,1039.0
2025-03-01,The Food Bank of Waterloo Region - Kitchener,128,226,97,83,97,83,1.8144329896907216,49.51807228915663,3,15,14,64,18,14,10148,17703,13361,18241,1424.0,1039.0
2025-03-01,Traverse Independence,30,69,30,28,30,28,2.3,53.82142857142857,0,0,7,18,3,2,10148,17703,13361,18241,1424.0,1039.0
2025-03-01,Victoria Hills - House of Friendship,1126,3885,383,364,377,358,3.2546419098143238,44.15659340659341,0,125,494,410,78,19,10148,17703,13361,18241,1424.0,1039.0
2025-03-01,Wellesley Food Cupboard,51,212,30,30,30,30,4.133333333333334,41.9,0,6,31,12,2,0,10148,17703,13361,18241,1424.0,1039.0
2025-03-01,Wilmot & Wellesley Resource Centre,300,847,121,118,119,116,2.8151260504201683,43.347457627118644,2,55,108,100,32,3,10148,17703,13361,18241,1424.0,1039.0
2025-03-01,Woolwich Community Services,1111,3307,228,206,225,203,2.6844444444444444,47.300970873786405,14,111,439,323,202,22,10148,17703,13361,18241,1424.0,1039.0
2025-03-01,oneROOF Youth Services,18,20,16,16,16,16,1.125,25.5625,0,17,0,1,0,0,10148,17703,13361,18241,1424.0,1039.0
2025-04-01,All Saints' Anglican Church,161,616,55,55,54,54,3.5925925925925926,42.872727272727275,1,20,71,61,8,0,10222,17805,13802,18853,1392.0,1039.0
2025-04-01,Anishnabeg Outreach - Spirit Bundle ,640,2258,640,0,640,0,3.528125,,0,0,0,0,0,640,10222,17805,13802,18853,1392.0,1039.0
2025-04-01,Base Church ,61,186,61,39,61,39,3.0491803278688523,42.43589743589744,0,7,18,10,4,22,10222,17805,13802,18853,1392.0,1039.0
2025-04-01,Cambridge Food Bank - Cambridge,1886,4458,1838,1837,1835,1834,2.4005449591280654,45.672291780076215,3,283,685,737,177,1,10222,17805,13802,18853,1392.0,1039.0
2025-04-01,Centreville Chicopee Community Centre - Neighbourhood Food Program - House of Friendship,945,2961,327,275,325,273,2.8246153846153845,46.04,1,80,345,362,105,52,10222,17805,13802,18853,1392.0,1039.0
2025-04-01,Chandler Mowat Community Centre - Neighbourhood Food Program - House of Friendship,902,3158,339,323,334,318,3.3892215568862274,44.021671826625386,0,153,362,297,74,16,10222,17805,13802,18853,1392.0,1039.0
2025-04-01,Christopher Champlain Resource Centre - Kinbridge Community Association,2,7,2,2,2,2,3.5,57.0,0,0,0,2,0,0,10222,17805,13802,18853,1392.0,1039.0
2025-04-01,Courtland Shelley Community Centre - Neighbourhood Food Program - House of Friendship,339,946,86,86,85,85,2.823529411764706,54.604651162790695,4,18,62,146,109,0,10222,17805,13802,18853,1392.0,1039.0
2025-04-01,Eby Village / Charles Village - Mobile Pantry,78,95,49,47,49,47,1.183673469387755,52.340425531914896,0,6,18,38,14,2,10222,17805,13802,18853,1392.0,1039.0
2025-04-01,Emergency Food Hamper Program - House of Friendship,3314,12121,3210,3207,3179,3176,3.6439131802453604,43.27377611474898,7,522,1434,1123,225,3,10222,17805,13802,18853,1392.0,1039.0
2025-04-01,Emmanuel United Church - Waterloo Wayside ,637,1677,285,276,281,272,2.5943060498220643,41.81884057971015,2,108,263,219,36,9,10222,17805,13802,18853,1392.0,1039.0
2025-04-01,Erb West Community Centre - Camino Wellness + Mental Health,332,1436,119,119,117,117,4.239316239316239,41.42016806722689,7,39,136,130,20,0,10222,17805,13802,18853,1392.0,1039.0
2025-04-01,Forest Heights Community Centre - Neighbourhood Food Program - House of Friendship,740,2848,231,223,224,216,3.59375,44.19730941704036,0,92,328,232,80,8,10222,17805,13802,18853,1392.0,1039.0
2025-04-01,Glencairn Mennonite Brethren Church,167,648,166,166,164,164,3.8719512195121952,45.87951807228916,0,15,69,71,12,0,10222,17805,13802,18853,1392.0,1039.0
2025-04-01,Indwell - 140 Weber Street E,12,26,12,8,12,8,2.1666666666666665,46.375,0,2,1,5,0,4,10222,17805,13802,18853,1392.0,1039.0
2025-04-01,Kingdom Community International ,195,551,122,122,120,120,2.8333333333333335,48.83606557377049,0,19,64,81,31,0,10222,17805,13802,18853,1392.0,1039.0
2025-04-01,Kingsdale Community Centre - Neighbourhood Food Program - House of Friendship,1156,3365,416,396,400,380,2.78,44.71212121212121,6,109,482,410,129,20,10222,17805,13802,18853,1392.0,1039.0
2025-04-01,Kitchener Community Church and Family Care Centre,307,1067,296,296,296,296,3.5,45.74324324324324,2,25,130,124,26,0,10222,17805,13802,18853,1392.0,1039.0
2025-04-01,Langs,34,54,28,22,27,21,1.5925925925925926,42.90909090909091,0,3,17,6,2,6,10222,17805,13802,18853,1392.0,1039.0
2025-04-01,Lincoln Road Chapel,327,1136,117,116,116,115,3.5517241379310347,42.6551724137931,4,39,154,110,19,1,10222,17805,13802,18853,1392.0,1039.0
2025-04-01,Locker - Country Hills Community Centre,27,60,14,14,14,14,2.5714285714285716,40.857142857142854,0,2,10,15,0,0,10222,17805,13802,18853,1392.0,1039.0
2025-04-01,Our Lady of Lourdes Conference - Society of St. Vincent de Paul,44,169,42,42,42,42,3.9047619047619047,42.80952380952381,1,6,23,11,3,0,10222,17805,13802,18853,1392.0,1039.0
2025-04-01,Paulander Community Centre - Camino Wellness + Mental Health,350,1181,121,121,120,120,3.375,49.247933884297524,0,27,86,196,41,0,10222,17805,13802,18853,1392.0,1039.0
2025-04-01,Ray of Hope,315,764,315,315,315,315,2.425396825396825,45.06984126984127,0,40,134,117,24,0,10222,17805,13802,18853,1392.0,1039.0
2025-04-01,Salvation Army Cambridge,426,1194,422,413,421,412,2.821852731591449,48.171912832929785,1,37,137,199,43,9,10222,17805,13802,18853,1392.0,1039.0
2025-04-01,Southwood Resource Centre - Kinbridge Community Association,2,7,2,2,2,2,3.5,43.5,0,0,1,1,0,0,10222,17805,13802,18853,1392.0,1039.0
2025-04-01,St. Agnes Conference - Society of St. Vincent de Paul,19,43,19,19,19,19,2.263157894736842,53.578947368421055,0,2,4,9,4,0,10222,17805,13802,18853,1392.0,1039.0
2025-04-01,St. Aloysius Parish Food Pantry,2,5,2,2,2,2,2.5,33.0,0,0,2,0,0,0,10222,17805,13802,18853,1392.0,1039.0
2025-04-01,St. Andrew's Hespler Presbyterian Church,39,92,39,39,39,39,2.358974358974359,50.51282051282051,0,3,10,19,7,0,10222,17805,13802,18853,1392.0,1039.0
2025-04-01,St. Anthony Daniel Conference - Society of St. Vincent de Paul,82,271,82,82,82,82,3.3048780487804876,51.4390243902439,0,4,31,32,15,0,10222,17805,13802,18853,1392.0,1039.0
2025-04-01,St. John's Anglican Church,49,108,49,49,49,49,2.204081632653061,51.36734693877551,0,2,14,25,8,0,10222,17805,13802,18853,1392.0,1039.0
2025-04-01,St. Mary's Conference - Society of St. Vincent de Paul,70,196,69,69,69,69,2.8260869565217392,50.11594202898551,1,5,24,24,16,0,10222,17805,13802,18853,1392.0,1039.0
2025-04-01,Stanley Park Community Centre,440,1506,157,157,146,146,3.280821917808219,45.904458598726116,1,37,178,165,59,0,10222,17805,13802,18853,1392.0,1039.0
2025-04-01,Sunnydale Community Centre - Neighbourhood Food Program - House of Friendship,602,2169,224,206,221,203,3.4705882352941178,44.22330097087379,0,66,234,217,67,18,10222,17805,13802,18853,1392.0,1039.0
2025-04-01,Supportive Housing YWCA (Lincoln Road),14,25,11,11,11,11,1.7272727272727273,45.0,0,1,5,7,1,0,10222,17805,13802,18853,1392.0,1039.0
2025-04-01,Supportive Housing of Waterloo (SHOW),74,79,27,27,27,27,1.0740740740740742,56.111111111111114,0,0,14,53,7,0,10222,17805,13802,18853,1392.0,1039.0
2025-04-01,Supportive Housing- Y.W.C.A. (Block Line),62,69,31,31,31,31,1.1935483870967742,46.83870967741935,0,1,25,30,6,0,10222,17805,13802,18853,1392.0,1039.0
2025-04-01,THRIVE HIV,197,467,197,0,197,0,2.3705583756345177,,0,0,0,0,0,197,10222,17805,13802,18853,1392.0,1039.0
2025-04-01,The Food Bank of Waterloo Region - Kitchener,140,298,81,74,81,74,2.740740740740741,51.16216216216216,3,9,22,73,26,7,10222,17805,13802,18853,1392.0,1039.0
2025-04-01,Traverse Independence,32,44,28,26,28,26,1.4285714285714286,53.19230769230769,0,0,5,23,2,2,10222,17805,13802,18853,1392.0,1039.0
2025-04-01,Victoria Hills - House of Friendship,905,2980,352,335,350,333,3.22,44.54626865671642,0,104,369,350,65,17,10222,17805,13802,18853,1392.0,1039.0
2025-04-01,Wellesley Food Cupboard,28,114,26,26,26,26,3.8461538461538463,42.76923076923077,0,3,16,8,1,0,10222,17805,13802,18853,1392.0,1039.0
2025-04-01,Wilmot & Wellesley Resource Centre,366,1025,135,130,134,129,2.7238805970149254,45.39230769230769,3,63,124,125,46,5,10222,17805,13802,18853,1392.0,1039.0
2025-04-01,Woolwich Community Services,1010,2916,204,204,202,202,2.613861386138614,48.75,18,118,375,305,194,0,10222,17805,13802,18853,1392.0,1039.0
2025-04-01,oneROOF Youth Services,24,29,17,17,17,17,1.2941176470588236,23.58823529411765,0,24,0,0,0,0,10222,17805,13802,18853,1392.0,1039.0
2025-05-01,All Saints' Anglican Church,138,544,51,51,50,50,3.86,44.03921568627451,0,16,57,57,8,0,10447,18231,13433,18399,1393.0,1049.0
2025-05-01,Anishnabeg Outreach - Spirit Bundle ,811,2650,811,0,811,0,3.2675709001233044,,0,0,0,0,0,811,10447,18231,13433,18399,1393.0,1049.0
2025-05-01,Base Church ,61,168,61,41,61,41,2.7540983606557377,43.46341463414634,1,5,18,13,4,20,10447,18231,13433,18399,1393.0,1049.0
2025-05-01,Cambridge Food Bank - Cambridge,1952,4736,1896,1894,1892,1890,2.46723044397463,46.068109820485745,4,276,679,807,184,2,10447,18231,13433,18399,1393.0,1049.0
2025-05-01,Centreville Chicopee Community Centre - Neighbourhood Food Program - House of Friendship,838,2607,301,280,299,278,2.9866220735785953,45.9,0,88,318,313,98,21,10447,18231,13433,18399,1393.0,1049.0
2025-05-01,Chandler Mowat Community Centre - Neighbourhood Food Program - House of Friendship,1161,4135,365,343,359,337,3.3871866295264623,43.84548104956268,1,171,466,405,96,22,10447,18231,13433,18399,1393.0,1049.0
2025-05-01,Christopher Champlain Resource Centre - Kinbridge Community Association,1,4,1,0,1,0,4.0,,0,0,0,0,0,1,10447,18231,13433,18399,1393.0,1049.0
2025-05-01,Courtland Shelley Community Centre - Neighbourhood Food Program - House of Friendship,267,757,81,79,81,79,2.876543209876543,55.65822784810127,4,12,42,120,87,2,10447,18231,13433,18399,1393.0,1049.0
2025-05-01,Eby Village / Charles Village - Mobile Pantry,83,96,50,50,50,50,1.18,53.1,0,3,18,47,15,0,10447,18231,13433,18399,1393.0,1049.0
2025-05-01,Emergency Food Hamper Program - House of Friendship,3293,11916,3189,3188,3159,3158,3.624564735675847,43.130489335006274,4,528,1430,1111,219,1,10447,18231,13433,18399,1393.0,1049.0
2025-05-01,Emmanuel United Church - Waterloo Wayside ,761,1918,312,304,311,303,2.395498392282958,40.57565789473684,0,124,360,243,26,8,10447,18231,13433,18399,1393.0,1049.0
2025-05-01,Erb West Community Centre - Camino Wellness + Mental Health,296,1214,123,123,121,121,4.264462809917355,42.040650406504064,3,30,120,128,15,0,10447,18231,13433,18399,1393.0,1049.0
2025-05-01,Forest Heights Community Centre - Neighbourhood Food Program - House of Friendship,608,2391,219,214,215,210,3.7674418604651163,44.82710280373832,0,70,272,192,69,5,10447,18231,13433,18399,1393.0,1049.0
2025-05-01,Glencairn Mennonite Brethren Church,167,643,167,167,164,164,3.8658536585365852,45.880239520958085,0,16,65,73,13,0,10447,18231,13433,18399,1393.0,1049.0
2025-05-01,Indwell - 140 Weber Street E,38,61,22,19,22,19,2.0454545454545454,47.473684210526315,0,4,11,20,0,3,10447,18231,13433,18399,1393.0,1049.0
2025-05-01,Kingdom Community International ,287,794,122,122,119,119,2.7394957983193278,49.14754098360656,3,21,95,97,71,0,10447,18231,13433,18399,1393.0,1049.0
2025-05-01,Kingsdale Community Centre - Neighbourhood Food Program - House of Friendship,984,2879,387,379,376,368,2.768617021276596,45.010554089709764,0,102,413,351,110,8,10447,18231,13433,18399,1393.0,1049.0
2025-05-01,Kitchener Community Church and Family Care Centre,326,1069,307,307,307,307,3.3648208469055376,45.22475570032573,0,35,137,129,25,0,10447,18231,13433,18399,1393.0,1049.0
2025-05-01,Langs,44,68,37,20,37,20,1.5675675675675675,46.45,1,0,13,8,5,17,10447,18231,13433,18399,1393.0,1049.0
2025-05-01,Lincoln Road Chapel,301,959,126,126,127,127,3.062992125984252,43.15079365079365,0,29,132,118,22,0,10447,18231,13433,18399,1393.0,1049.0
2025-05-01,Locker - Country Hills Community Centre,28,74,17,17,17,17,2.7058823529411766,40.529411764705884,0,3,13,12,0,0,10447,18231,13433,18399,1393.0,1049.0
2025-05-01,Our Lady of Lourdes Conference - Society of St. Vincent de Paul,26,102,26,26,26,26,3.923076923076923,46.65384615384615,0,4,9,10,3,0,10447,18231,13433,18399,1393.0,1049.0
2025-05-01,Paulander Community Centre - Camino Wellness + Mental Health,379,1287,132,131,132,131,3.492424242424242,48.64885496183206,0,33,95,207,43,1,10447,18231,13433,18399,1393.0,1049.0
2025-05-01,Ray of Hope,344,832,340,340,337,337,2.4391691394658754,45.188235294117646,0,41,147,133,23,0,10447,18231,13433,18399,1393.0,1049.0
2025-05-01,Salvation Army Cambridge,465,1281,459,444,458,443,2.7598253275109172,48.93468468468468,0,46,128,225,51,15,10447,18231,13433,18399,1393.0,1049.0
2025-05-01,Southwood Resource Centre - Kinbridge Community Association,5,19,5,5,5,5,3.8,46.4,0,1,0,4,0,0,10447,18231,13433,18399,1393.0,1049.0
2025-05-01,St. Agnes Conference - Society of St. Vincent de Paul,18,42,18,18,18,18,2.3333333333333335,51.333333333333336,0,2,4,9,3,0,10447,18231,13433,18399,1393.0,1049.0
2025-05-01,St. Aloysius Parish Food Pantry,5,13,5,5,5,5,2.6,43.4,0,1,1,3,0,0,10447,18231,13433,18399,1393.0,1049.0
2025-05-01,St. Andrew's Hespler Presbyterian Church,35,71,32,32,32,32,2.0,53.40625,0,5,3,16,11,0,10447,18231,13433,18399,1393.0,1049.0
2025-05-01,St. Anthony Daniel Conference - Society of St. Vincent de Paul,83,276,81,81,81,81,3.3209876543209877,49.407407407407405,0,8,25,38,12,0,10447,18231,13433,18399,1393.0,1049.0
2025-05-01,St. John's Anglican Church,37,79,37,37,36,36,2.138888888888889,53.5945945945946,0,1,9,19,8,0,10447,18231,13433,18399,1393.0,1049.0
2025-05-01,St. Mary's Conference - Society of St. Vincent de Paul,72,211,69,69,69,69,2.927536231884058,50.52173913043478,0,3,29,25,15,0,10447,18231,13433,18399,1393.0,1049.0
2025-05-01,Stanley Park Community Centre,337,1124,149,149,140,140,3.242857142857143,46.92617449664429,0,24,142,128,43,0,10447,18231,13433,18399,1393.0,1049.0
2025-05-01,Sunnydale Community Centre - Neighbourhood Food Program - House of Friendship,784,2882,232,212,229,209,3.554585152838428,44.41509433962264,5,77,320,276,86,20,10447,18231,13433,18399,1393.0,1049.0
2025-05-01,Supportive Housing YWCA (Lincoln Road),12,19,8,8,8,8,1.875,41.125,0,3,7,2,0,0,10447,18231,13433,18399,1393.0,1049.0
2025-05-01,Supportive Housing of Waterloo (SHOW),71,77,27,27,27,27,1.0740740740740742,56.333333333333336,0,0,14,47,10,0,10447,18231,13433,18399,1393.0,1049.0
2025-05-01,Supportive Housing- Y.W.C.A. (Block Line),49,58,30,30,30,30,1.2,47.166666666666664,0,1,24,21,3,0,10447,18231,13433,18399,1393.0,1049.0
2025-05-01,THRIVE HIV,203,455,203,0,203,0,2.2413793103448274,,0,0,0,0,0,203,10447,18231,13433,18399,1393.0,1049.0
2025-05-01,The Food Bank of Waterloo Region - Kitchener,147,253,89,85,89,85,1.853932584269663,49.23529411764706,5,15,27,71,25,4,10447,18231,13433,18399,1393.0,1049.0
2025-05-01,Traverse Independence,7,9,7,6,7,6,1.2857142857142858,47.666666666666664,0,0,2,4,0,1,10447,18231,13433,18399,1393.0,1049.0
2025-05-01,Victoria Hills - House of Friendship,727,2498,332,325,328,321,3.3536585365853657,43.347692307692306,0,91,317,266,46,7,10447,18231,13433,18399,1393.0,1049.0
2025-05-01,Wellesley Food Cupboard,49,204,30,30,30,30,4.166666666666667,42.4,0,6,27,14,2,0,10447,18231,13433,18399,1393.0,1049.0
2025-05-01,Wilmot & Wellesley Resource Centre,361,1101,123,120,122,119,2.9262295081967213,44.99166666666667,2,61,112,141,42,3,10447,18231,13433,18399,1393.0,1049.0
2025-05-01,Woolwich Community Services,1014,2969,218,218,212,212,2.580188679245283,47.3394495412844,10,99,414,284,207,0,10447,18231,13433,18399,1393.0,1049.0
2025-05-01,oneROOF Youth Services,15,15,12,12,12,12,1.0,24.0,1,14,0,0,0,0,10447,18231,13433,18399,1393.0,1049.0
2025-06-01,All Saints' Anglican Church,132,526,49,49,49,49,3.938775510204082,42.265306122448976,0,15,56,55,6,0,10527,18279,13303,18146,1420.0,1074.0
2025-06-01,Anishnabeg Outreach - Spirit Bundle ,1166,3714,1166,0,1166,0,3.1852487135506005,,0,0,0,0,0,1166,10527,18279,13303,18146,1420.0,1074.0
2025-06-01,Base Church ,75,219,75,46,75,46,2.92,45.17391304347826,0,5,20,17,4,29,10527,18279,13303,18146,1420.0,1074.0
2025-06-01,Cambridge Food Bank - Cambridge,1965,4728,1894,1894,1891,1891,2.459016393442623,45.601900739176344,4,279,708,806,168,0,10527,18279,13303,18146,1420.0,1074.0
2025-06-01,Centreville Chicopee Community Centre - Neighbourhood Food Program - House of Friendship,876,2735,350,337,349,336,3.0945558739255015,48.712166172106826,1,76,314,353,119,13,10527,18279,13303,18146,1420.0,1074.0
2025-06-01,Chandler Mowat Community Centre - Neighbourhood Food Program - House of Friendship,946,3423,332,325,327,320,3.46177370030581,44.13846153846154,1,137,374,340,87,7,10527,18279,13303,18146,1420.0,1074.0
2025-06-01,Christopher Champlain Resource Centre - Kinbridge Community Association,7,23,6,4,6,4,3.0,44.75,0,1,0,4,0,2,10527,18279,13303,18146,1420.0,1074.0
2025-06-01,Courtland Shelley Community Centre - Neighbourhood Food Program - House of Friendship,211,571,81,79,81,79,2.814814814814815,55.58227848101266,4,8,32,97,68,2,10527,18279,13303,18146,1420.0,1074.0
2025-06-01,Eby Village / Charles Village - Mobile Pantry,39,51,25,25,24,24,1.375,50.96,0,4,8,21,6,0,10527,18279,13303,18146,1420.0,1074.0
2025-06-01,Emergency Food Hamper Program - House of Friendship,3146,11441,3040,3039,3012,3011,3.651062416998672,43.02171767028628,7,506,1360,1059,213,1,10527,18279,13303,18146,1420.0,1074.0
2025-06-01,Emmanuel United Church - Waterloo Wayside ,583,1504,277,265,275,263,2.418181818181818,40.50188679245283,1,95,260,193,22,12,10527,18279,13303,18146,1420.0,1074.0
2025-06-01,Erb West Community Centre - Camino Wellness + Mental Health,232,1022,100,100,98,98,4.357142857142857,42.91,1,22,90,106,13,0,10527,18279,13303,18146,1420.0,1074.0
2025-06-01,Forest Heights Community Centre - Neighbourhood Food Program - House of Friendship,607,2407,233,229,226,222,3.769911504424779,44.44978165938865,0,77,256,208,62,4,10527,18279,13303,18146,1420.0,1074.0
2025-06-01,Glencairn Mennonite Brethren Church,167,652,167,167,165,165,3.909090909090909,45.18562874251497,0,19,66,71,11,0,10527,18279,13303,18146,1420.0,1074.0
2025-06-01,Indwell - 140 Weber Street E,39,41,19,17,19,17,1.105263157894737,47.529411764705884,0,4,8,25,0,2,10527,18279,13303,18146,1420.0,1074.0
2025-06-01,Kingdom Community International ,233,647,127,127,125,125,2.656,47.645669291338585,1,21,93,85,33,0,10527,18279,13303,18146,1420.0,1074.0
2025-06-01,Kingsdale Community Centre - Neighbourhood Food Program - House of Friendship,1024,2939,411,396,399,384,2.8145363408521304,44.84848484848485,0,102,437,353,117,15,10527,18279,13303,18146,1420.0,1074.0
2025-06-01,Kitchener Community Church and Family Care Centre,301,993,284,284,284,284,3.3028169014084505,43.67253521126761,3,38,125,119,16,0,10527,18279,13303,18146,1420.0,1074.0
2025-06-01,Langs,31,49,28,22,28,22,1.6428571428571428,44.5,0,1,15,8,1,6,10527,18279,13303,18146,1420.0,1074.0
2025-06-01,Lincoln Road Chapel,266,774,115,113,112,110,2.75,43.230088495575224,0,25,115,102,22,2,10527,18279,13303,18146,1420.0,1074.0
2025-06-01,Locker - Country Hills Community Centre,13,38,9,9,9,9,3.111111111111111,35.55555555555556,0,4,5,4,0,0,10527,18279,13303,18146,1420.0,1074.0
2025-06-01,Our Lady of Lourdes Conference - Society of St. Vincent de Paul,31,130,30,30,30,30,4.3,43.86666666666667,1,2,16,10,2,0,10527,18279,13303,18146,1420.0,1074.0
2025-06-01,Paulander Community Centre - Camino Wellness + Mental Health,454,1611,131,130,129,128,3.4573643410852712,49.57692307692308,0,41,108,237,67,1,10527,18279,13303,18146,1420.0,1074.0
2025-06-01,Ray of Hope,337,842,336,336,336,336,2.5029761904761907,44.482142857142854,2,31,152,135,17,0,10527,18279,13303,18146,1420.0,1074.0
2025-06-01,Salvation Army Cambridge,442,1221,442,442,441,441,2.766439909297052,49.27828054298642,1,36,130,221,54,0,10527,18279,13303,18146,1420.0,1074.0
2025-06-01,Southwood Resource Centre - Kinbridge Community Association,4,16,4,4,4,4,4.0,55.75,0,0,0,4,0,0,10527,18279,13303,18146,1420.0,1074.0
2025-06-01,St. Agnes Conference - Society of St. Vincent de Paul,18,42,18,18,18,18,2.3333333333333335,53.77777777777778,0,2,4,8,4,0,10527,18279,13303,18146,1420.0,1074.0
2025-06-01,St. Aloysius Parish Food Pantry,4,14,4,4,4,4,3.5,49.5,0,0,0,4,0,0,10527,18279,13303,18146,1420.0,1074.0
2025-06-01,St. Andrew's Hespler Presbyterian Church,43,95,41,41,41,41,2.268292682926829,52.609756097560975,0,3,11,19,10,0,10527,18279,13303,18146,1420.0,1074.0
2025-06-01,St. Anthony Daniel Conference - Society of St. Vincent de Paul,99,296,99,99,99,99,2.98989898989899,47.83838383838384,0,11,33,43,12,0,10527,18279,13303,18146,1420.0,1074.0
2025-06-01,St. John's Anglican Church,58,126,58,58,57,57,2.1578947368421053,51.51724137931034,0,4,15,29,10,0,10527,18279,13303,18146,1420.0,1074.0
2025-06-01,St. Mary's Conference - Society of St. Vincent de Paul,63,184,61,61,61,61,2.9836065573770494,49.377049180327866,1,4,22,28,8,0,10527,18279,13303,18146,1420.0,1074.0
2025-06-01,Stanley Park Community Centre,355,1212,151,151,144,144,3.4375,45.89403973509934,0,36,139,135,45,0,10527,18279,13303,18146,1420.0,1074.0
2025-06-01,Sunnydale Community Centre - Neighbourhood Food Program - House of Friendship,616,2281,211,200,209,198,3.6411483253588517,45.03,4,52,261,216,72,11,10527,18279,13303,18146,1420.0,1074.0
2025-06-01,Supportive Housing YWCA (Lincoln Road),8,17,7,7,7,7,2.2857142857142856,44.42857142857143,0,0,4,4,0,0,10527,18279,13303,18146,1420.0,1074.0
2025-06-01,Supportive Housing of Waterloo (SHOW),70,77,26,26,26,26,1.0769230769230769,56.76923076923077,0,0,13,50,7,0,10527,18279,13303,18146,1420.0,1074.0
2025-06-01,Supportive Housing- Y.W.C.A. (Block Line),48,57,29,29,29,29,1.1724137931034482,48.03448275862069,0,0,20,24,4,0,10527,18279,13303,18146,1420.0,1074.0
2025-06-01,THRIVE HIV,213,466,213,0,213,0,2.187793427230047,,0,0,0,0,0,213,10527,18279,13303,18146,1420.0,1074.0
2025-06-01,The Food Bank of Waterloo Region - Kitchener,159,310,94,85,94,85,2.148936170212766,47.15294117647059,3,16,34,69,28,9,10527,18279,13303,18146,1420.0,1074.0
2025-06-01,Traverse Independence,86,152,39,35,39,35,1.6666666666666667,51.25714285714286,0,0,16,61,5,4,10527,18279,13303,18146,1420.0,1074.0
2025-06-01,Victoria Hills - House of Friendship,1218,4107,394,384,391,381,3.2736572890025575,43.7578125,1,144,512,460,91,10,10527,18279,13303,18146,1420.0,1074.0
2025-06-01,Wellesley Food Cupboard,38,143,27,27,27,27,3.8518518518518516,44.25925925925926,0,4,18,13,3,0,10527,18279,13303,18146,1420.0,1074.0
2025-06-01,Wilmot & Wellesley Resource Centre,347,1037,129,119,128,118,2.90625,44.09243697478992,4,57,112,136,28,10,10527,18279,13303,18146,1420.0,1074.0
2025-06-01,Woolwich Community Services,986,2834,220,220,215,215,2.558139534883721,47.79545454545455,10,120,354,295,207,0,10527,18279,13303,18146,1420.0,1074.0
2025-06-01,oneROOF Youth Services,40,49,26,26,25,25,1.24,24.423076923076923,0,39,0,1,0,0,10527,18279,13303,18146,1420.0,1074.0
2025-07-01,All Saints' Anglican Church,164,614,59,57,59,57,3.6779661016949152,42.64912280701754,0,15,78,65,4,2,10690,18599,13463,18392,1316.0,1053.0
2025-07-01,Anishnabeg Outreach - Spirit Bundle ,589,1895,589,0,589,0,3.2173174872665533,,0,0,0,0,0,589,10690,18599,13463,18392,1316.0,1053.0
2025-07-01,Base Church ,74,213,74,48,74,48,2.8783783783783785,45.020833333333336,0,4,20,19,5,26,10690,18599,13463,18392,1316.0,1053.0
2025-07-01,Cambridge Food Bank - Cambridge,1922,4700,1863,1863,1860,1860,2.490322580645161,46.09125067096082,3,278,670,789,182,0,10690,18599,13463,18392,1316.0,1053.0
2025-07-01,Centreville Chicopee Community Centre - Neighbourhood Food Program - House of Friendship,997,3185,299,277,296,274,3.097972972972973,45.288808664259925,5,108,362,389,111,22,10690,18599,13463,18392,1316.0,1053.0
2025-07-01,Chandler Mowat Community Centre - Neighbourhood Food Program - House of Friendship,1131,4112,356,340,351,335,3.3874643874643873,43.65294117647059,1,173,441,401,99,16,10690,18599,13463,18392,1316.0,1053.0
2025-07-01,Christopher Champlain Resource Centre - Kinbridge Community Association,1,4,1,1,1,1,4.0,50.0,0,0,0,1,0,0,10690,18599,13463,18392,1316.0,1053.0
2025-07-01,Courtland Shelley Community Centre - Neighbourhood Food Program - House of Friendship,248,674,76,75,76,75,2.75,56.78666666666667,3,7,39,112,86,1,10690,18599,13463,18392,1316.0,1053.0
2025-07-01,Eby Village / Charles Village - Mobile Pantry,100,112,46,46,46,46,1.108695652173913,53.47826086956522,0,3,13,61,23,0,10690,18599,13463,18392,1316.0,1053.0
2025-07-01,Emergency Food Hamper Program - House of Friendship,3434,12390,3298,3297,3276,3275,3.610805860805861,43.45799211404307,6,538,1458,1195,236,1,10690,18599,13463,18392,1316.0,1053.0
2025-07-01,Emmanuel United Church - Waterloo Wayside ,741,2019,309,296,306,293,2.611111111111111,40.942567567567565,0,104,358,240,26,13,10690,18599,13463,18392,1316.0,1053.0
2025-07-01,Erb West Community Centre - Camino Wellness + Mental Health,347,1508,130,130,126,126,4.111111111111111,42.01538461538462,10,33,149,136,19,0,10690,18599,13463,18392,1316.0,1053.0
2025-07-01,Forest Heights Community Centre - Neighbourhood Food Program - House of Friendship,588,2236,223,221,219,217,3.817351598173516,45.32579185520362,0,67,239,209,71,2,10690,18599,13463,18392,1316.0,1053.0
2025-07-01,Glencairn Mennonite Brethren Church,154,581,154,154,152,152,3.763157894736842,45.298701298701296,1,19,57,64,13,0,10690,18599,13463,18392,1316.0,1053.0
2025-07-01,Indwell - 140 Weber Street E,32,78,22,16,22,16,3.090909090909091,47.6875,0,2,7,17,0,6,10690,18599,13463,18392,1316.0,1053.0
2025-07-01,Kingdom Community International ,239,702,120,120,115,115,2.634782608695652,48.05833333333333,0,26,98,70,45,0,10690,18599,13463,18392,1316.0,1053.0
2025-07-01,Kingsdale Community Centre - Neighbourhood Food Program - House of Friendship,1216,3530,428,412,414,398,2.8067632850241546,45.50970873786408,1,134,497,430,138,16,10690,18599,13463,18392,1316.0,1053.0
2025-07-01,Kitchener Community Church and Family Care Centre,283,916,275,272,275,272,3.2763636363636364,44.49632352941177,2,37,112,108,21,3,10690,18599,13463,18392,1316.0,1053.0
2025-07-01,Langs,30,54,22,17,22,17,1.9090909090909092,48.294117647058826,0,2,8,12,3,5,10690,18599,13463,18392,1316.0,1053.0
2025-07-01,Lincoln Road Chapel,298,886,132,128,129,125,3.186046511627907,42.484375,5,29,133,105,22,4,10690,18599,13463,18392,1316.0,1053.0
2025-07-01,Locker - Country Hills Community Centre,24,85,13,13,13,13,3.6153846153846154,42.30769230769231,0,0,19,5,0,0,10690,18599,13463,18392,1316.0,1053.0
2025-07-01,Our Lady of Lourdes Conference - Society of St. Vincent de Paul,38,126,36,36,36,36,3.388888888888889,48.111111111111114,0,3,14,17,4,0,10690,18599,13463,18392,1316.0,1053.0
2025-07-01,Paulander Community Centre - Camino Wellness + Mental Health,444,1559,138,138,137,137,3.408759124087591,47.51449275362319,0,54,107,216,67,0,10690,18599,13463,18392,1316.0,1053.0
2025-07-01,Ray of Hope,376,934,372,372,370,370,2.4783783783783786,45.13978494623656,2,47,152,152,23,0,10690,18599,13463,18392,1316.0,1053.0
2025-07-01,Salvation Army Cambridge,479,1336,474,471,474,471,2.7953586497890295,48.961783439490446,3,35,155,226,57,3,10690,18599,13463,18392,1316.0,1053.0
2025-07-01,St. Agnes Conference - Society of St. Vincent de Paul,12,29,12,12,12,12,2.4166666666666665,53.166666666666664,0,1,2,7,2,0,10690,18599,13463,18392,1316.0,1053.0
2025-07-01,St. Andrew's Hespler Presbyterian Church,46,103,43,43,42,42,2.357142857142857,50.72093023255814,0,5,11,20,10,0,10690,18599,13463,18392,1316.0,1053.0
2025-07-01,St. Anthony Daniel Conference - Society of St. Vincent de Paul,104,316,104,104,104,104,3.0384615384615383,49.30769230769231,0,13,33,40,18,0,10690,18599,13463,18392,1316.0,1053.0
2025-07-01,St. John's Anglican Church,42,101,42,42,42,42,2.4047619047619047,51.38095238095238,0,3,10,22,7,0,10690,18599,13463,18392,1316.0,1053.0
2025-07-01,St. Mary's Conference - Society of St. Vincent de Paul,70,189,68,68,68,68,2.75,50.0,0,6,23,29,12,0,10690,18599,13463,18392,1316.0,1053.0
2025-07-01,Stanley Park Community Centre,466,1583,163,163,156,156,3.1923076923076925,47.2760736196319,0,34,184,181,67,0,10690,18599,13463,18392,1316.0,1053.0
2025-07-01,Sunnydale Community Centre - Neighbourhood Food Program - House of Friendship,748,2769,218,197,214,193,3.6261682242990654,45.11675126903553,0,69,308,276,74,21,10690,18599,13463,18392,1316.0,1053.0
2025-07-01,Supportive Housing YWCA (Lincoln Road),18,33,14,14,14,14,2.0,45.357142857142854,0,1,8,7,2,0,10690,18599,13463,18392,1316.0,1053.0
2025-07-01,Supportive Housing of Waterloo (SHOW),79,85,28,28,28,28,1.0714285714285714,55.75,0,0,21,51,7,0,10690,18599,13463,18392,1316.0,1053.0
2025-07-01,Supportive Housing- Y.W.C.A. (Block Line),54,59,32,32,32,32,1.125,47.96875,0,0,24,27,3,0,10690,18599,13463,18392,1316.0,1053.0
2025-07-01,THRIVE HIV,227,433,227,0,227,0,1.907488986784141,,0,0,0,0,0,227,10690,18599,13463,18392,1316.0,1053.0
2025-07-01,The Food Bank of Waterloo Region - Kitchener,188,320,106,102,106,102,1.7641509433962264,49.029411764705884,3,20,31,92,38,4,10690,18599,13463,18392,1316.0,1053.0
2025-07-01,Traverse Independence,79,127,32,30,32,30,1.59375,51.7,0,2,10,57,8,2,10690,18599,13463,18392,1316.0,1053.0
2025-07-01,Victoria Hills - House of Friendship,977,3335,374,363,366,355,3.278688524590164,43.760330578512395,4,121,409,371,61,11,10690,18599,13463,18392,1316.0,1053.0
2025-07-01,Wellesley Food Cupboard,37,151,28,28,28,28,4.071428571428571,43.214285714285715,0,3,21,12,1,0,10690,18599,13463,18392,1316.0,1053.0
2025-07-01,Wilmot & Wellesley Resource Centre,378,1078,131,128,129,126,2.75968992248062,44.59375,8,58,124,153,32,3,10690,18599,13463,18392,1316.0,1053.0
2025-07-01,Woolwich Community Services,885,2195,212,207,210,205,2.480952380952381,48.27536231884058,13,86,292,294,195,5,10690,18599,13463,18392,1316.0,1053.0
2025-07-01,oneROOF Youth Services,60,87,31,30,31,30,1.4838709677419355,22.333333333333332,2,57,0,0,0,1,10690,18599,13463,18392,1316.0,1053.0
2025-08-01,All Saints' Anglican Church,112,430,51,51,50,50,3.72,41.23529411764706,1,10,58,41,2,0,10779,18631,13398,18309,1324.0,1049.0
2025-08-01,Anishnabeg Outreach - Spirit Bundle ,787,2590,787,0,787,0,3.2909783989834818,,0,0,0,0,0,787,10779,18631,13398,18309,1324.0,1049.0
2025-08-01,Base Church ,75,210,75,56,75,56,2.8,44.160714285714285,0,3,29,20,4,19,10779,18631,13398,18309,1324.0,1049.0
2025-08-01,Cambridge Food Bank - Cambridge,1924,4653,1869,1867,1868,1866,2.45610278372591,46.276379217996784,4,266,667,783,202,2,10779,18631,13398,18309,1324.0,1049.0
2025-08-01,Centreville Chicopee Community Centre - Neighbourhood Food Program - House of Friendship,792,2501,296,266,294,264,2.9659863945578233,45.31954887218045,4,99,272,295,92,30,10779,18631,13398,18309,1324.0,1049.0
2025-08-01,Chandler Mowat Community Centre - Neighbourhood Food Program - House of Friendship,893,3258,328,315,323,310,3.498452012383901,44.18730158730159,0,134,353,323,70,13,10779,18631,13398,18309,1324.0,1049.0
2025-08-01,Courtland Shelley Community Centre - Neighbourhood Food Program - House of Friendship,253,688,77,75,76,74,2.8421052631578947,56.21333333333333,4,9,37,113,88,2,10779,18631,13398,18309,1324.0,1049.0
2025-08-01,Eby Village / Charles Village - Mobile Pantry,69,77,45,45,44,44,1.1136363636363635,54.75555555555555,0,1,14,39,15,0,10779,18631,13398,18309,1324.0,1049.0
2025-08-01,Emergency Food Hamper Program - House of Friendship,3394,12275,3301,3299,3274,3272,3.620342089187538,43.275538041830856,9,554,1438,1141,250,2,10779,18631,13398,18309,1324.0,1049.0
2025-08-01,Emmanuel United Church - Waterloo Wayside ,567,1521,262,257,259,254,2.606177606177606,42.0,1,78,272,180,31,5,10779,18631,13398,18309,1324.0,1049.0
2025-08-01,Erb West Community Centre - Camino Wellness + Mental Health,337,1472,120,120,117,117,4.247863247863248,41.80833333333333,6,35,151,126,19,0,10779,18631,13398,18309,1324.0,1049.0
2025-08-01,Forest Heights Community Centre - Neighbourhood Food Program - House of Friendship,548,2059,213,211,210,208,3.723809523809524,45.052132701421804,1,84,202,198,61,2,10779,18631,13398,18309,1324.0,1049.0
2025-08-01,Glencairn Mennonite Brethren Church,174,668,174,174,173,173,3.8497109826589595,44.2816091954023,0,28,62,72,12,0,10779,18631,13398,18309,1324.0,1049.0
2025-08-01,Indwell - 140 Weber Street E,50,55,34,16,34,16,1.1470588235294117,48.75,0,0,12,20,0,18,10779,18631,13398,18309,1324.0,1049.0
2025-08-01,Kingdom Community International ,282,775,130,130,124,124,2.653225806451613,49.63846153846154,0,31,82,99,70,0,10779,18631,13398,18309,1324.0,1049.0
2025-08-01,Kingsdale Community Centre - Neighbourhood Food Program - House of Friendship,981,2844,434,423,420,409,2.857142857142857,46.81323877068558,2,106,385,331,146,11,10779,18631,13398,18309,1324.0,1049.0
2025-08-01,Kitchener Community Church and Family Care Centre,335,1152,327,327,328,328,3.4603658536585367,44.391437308868504,2,42,150,112,29,0,10779,18631,13398,18309,1324.0,1049.0
2025-08-01,Langs,35,54,27,24,27,24,1.5925925925925926,47.041666666666664,0,2,10,16,4,3,10779,18631,13398,18309,1324.0,1049.0
2025-08-01,Lincoln Road Chapel,206,585,103,103,102,102,2.784313725490196,44.63106796116505,2,20,87,82,15,0,10779,18631,13398,18309,1324.0,1049.0
2025-08-01,Locker - Country Hills Community Centre,21,52,13,13,13,13,3.0,38.53846153846154,0,5,8,8,0,0,10779,18631,13398,18309,1324.0,1049.0
2025-08-01,Our Lady of Lourdes Conference - Society of St. Vincent de Paul,33,125,33,33,33,33,3.787878787878788,45.515151515151516,0,5,12,13,3,0,10779,18631,13398,18309,1324.0,1049.0
2025-08-01,Paulander Community Centre - Camino Wellness + Mental Health,406,1425,134,131,130,127,3.4846153846153847,47.954198473282446,1,42,120,189,51,3,10779,18631,13398,18309,1324.0,1049.0
2025-08-01,Ray of Hope,353,882,350,350,349,349,2.507163323782235,45.285714285714285,0,45,146,136,26,0,10779,18631,13398,18309,1324.0,1049.0
2025-08-01,Salvation Army Cambridge,445,1260,438,436,438,436,2.824200913242009,49.043577981651374,1,39,144,206,53,2,10779,18631,13398,18309,1324.0,1049.0
2025-08-01,St. Agnes Conference - Society of St. Vincent de Paul,17,40,17,17,17,17,2.3529411764705883,55.411764705882355,0,1,4,8,4,0,10779,18631,13398,18309,1324.0,1049.0
2025-08-01,St. Andrew's Hespler Presbyterian Church,48,112,48,48,48,48,2.3333333333333335,50.208333333333336,0,5,13,21,9,0,10779,18631,13398,18309,1324.0,1049.0
2025-08-01,St. Anthony Daniel Conference - Society of St. Vincent de Paul,91,282,91,91,91,91,3.098901098901099,50.35164835164835,0,6,32,37,16,0,10779,18631,13398,18309,1324.0,1049.0
2025-08-01,St. John's Anglican Church,52,117,52,52,52,52,2.25,53.59615384615385,0,2,11,30,9,0,10779,18631,13398,18309,1324.0,1049.0
2025-08-01,St. Mary's Conference - Society of St. Vincent de Paul,77,214,76,76,76,76,2.8026315789473686,50.53947368421053,1,5,25,29,17,0,10779,18631,13398,18309,1324.0,1049.0
2025-08-01,Stanley Park Community Centre,348,1190,140,140,134,134,3.3208955223880596,47.49285714285714,1,29,138,130,50,0,10779,18631,13398,18309,1324.0,1049.0
2025-08-01,Sunnydale Community Centre - Neighbourhood Food Program - House of Friendship,614,2298,212,199,211,198,3.6018957345971563,44.57788944723618,1,59,260,230,51,13,10779,18631,13398,18309,1324.0,1049.0
2025-08-01,Supportive Housing YWCA (Lincoln Road),16,25,11,11,11,11,1.5454545454545454,43.90909090909091,0,1,8,6,1,0,10779,18631,13398,18309,1324.0,1049.0
2025-08-01,Supportive Housing of Waterloo (SHOW),60,71,24,24,24,24,1.125,54.75,0,0,17,39,4,0,10779,18631,13398,18309,1324.0,1049.0
2025-08-01,Supportive Housing- Y.W.C.A. (Block Line),42,46,32,32,32,32,1.09375,47.9375,0,0,17,23,2,0,10779,18631,13398,18309,1324.0,1049.0
2025-08-01,THRIVE HIV,217,492,217,0,217,0,2.2672811059907834,,0,0,0,0,0,217,10779,18631,13398,18309,1324.0,1049.0
2025-08-01,The Food Bank of Waterloo Region - Kitchener,179,308,109,108,109,108,1.944954128440367,51.657407407407405,4,7,38,90,39,1,10779,18631,13398,18309,1324.0,1049.0
2025-08-01,Traverse Independence,41,60,25,25,25,25,1.68,55.08,0,0,4,28,9,0,10779,18631,13398,18309,1324.0,1049.0
2025-08-01,Victoria Hills - House of Friendship,792,2645,353,346,348,341,3.293103448275862,42.64450867052023,0,121,334,295,35,7,10779,18631,13398,18309,1324.0,1049.0
2025-08-01,Wellesley Food Cupboard,46,220,28,28,28,28,4.464285714285714,44.57142857142857,0,3,26,15,2,0,10779,18631,13398,18309,1324.0,1049.0
2025-08-01,Wilmot & Wellesley Resource Centre,381,1155,139,131,139,131,2.985611510791367,44.267175572519086,8,64,122,144,35,8,10779,18631,13398,18309,1324.0,1049.0
2025-08-01,Woolwich Community Services,751,1861,214,206,211,203,2.4976303317535544,48.898058252427184,5,50,255,266,167,8,10779,18631,13398,18309,1324.0,1049.0
2025-08-01,oneROOF Youth Services,57,71,36,30,36,30,1.25,25.066666666666666,1,49,0,0,1,6,10779,18631,13398,18309,1324.0,1049.0
2025-09-01,All Saints' Anglican Church,128,516,56,54,55,53,3.8363636363636364,42.68518518518518,0,9,57,53,7,2,10702,18454,13426,18349,1388.0,1037.0
2025-09-01,Anishnabeg Outreach - Spirit Bundle ,406,1414,406,0,406,0,3.4827586206896552,,0,0,0,0,0,406,10702,18454,13426,18349,1388.0,1037.0
2025-09-01,Base Church ,84,241,84,78,84,78,2.869047619047619,42.64102564102564,1,8,41,20,8,6,10702,18454,13426,18349,1388.0,1037.0
2025-09-01,Cambridge Food Bank - Cambridge,1927,4777,1883,1881,1879,1877,2.5135710484300158,46.33120680489102,4,260,669,796,196,2,10702,18454,13426,18349,1388.0,1037.0
2025-09-01,Centreville Chicopee Community Centre - Neighbourhood Food Program - House of Friendship,813,2623,309,284,307,282,3.0586319218241043,45.147887323943664,4,100,279,316,89,25,10702,18454,13426,18349,1388.0,1037.0
2025-09-01,Chandler Mowat Community Centre - Neighbourhood Food Program - House of Friendship,904,3347,343,323,341,321,3.5249266862170088,44.306501547987615,1,125,351,328,79,20,10702,18454,13426,18349,1388.0,1037.0
2025-09-01,Christopher Champlain Resource Centre - Kinbridge Community Association,1,3,1,0,1,0,3.0,,0,0,0,0,0,1,10702,18454,13426,18349,1388.0,1037.0
2025-09-01,Courtland Shelley Community Centre - Neighbourhood Food Program - House of Friendship,246,646,76,75,76,75,2.6052631578947367,56.57333333333333,3,11,34,110,87,1,10702,18454,13426,18349,1388.0,1037.0
2025-09-01,Eby Village / Charles Village - Mobile Pantry,66,74,43,43,43,43,1.1162790697674418,52.93023255813954,0,2,15,35,14,0,10702,18454,13426,18349,1388.0,1037.0
2025-09-01,Emergency Food Hamper Program - House of Friendship,3489,12660,3378,3373,3352,3347,3.6393198090692125,43.42425140824192,5,516,1537,1175,251,5,10702,18454,13426,18349,1388.0,1037.0
2025-09-01,Emmanuel United Church - Waterloo Wayside ,502,1459,239,229,236,226,2.6991525423728815,42.76855895196506,0,71,219,173,29,10,10702,18454,13426,18349,1388.0,1037.0
2025-09-01,Erb West Community Centre - Camino Wellness + Mental Health,175,730,94,94,93,93,4.064516129032258,43.42553191489362,1,19,77,71,7,0,10702,18454,13426,18349,1388.0,1037.0
2025-09-01,Forest Heights Community Centre - Neighbourhood Food Program - House of Friendship,605,2204,231,225,226,220,3.5707964601769913,45.68,2,82,217,219,79,6,10702,18454,13426,18349,1388.0,1037.0
2025-09-01,Glencairn Mennonite Brethren Church,191,734,189,189,188,188,3.8351063829787235,44.82010582010582,0,26,71,80,14,0,10702,18454,13426,18349,1388.0,1037.0
2025-09-01,Indwell - 140 Weber Street E,28,116,20,16,20,16,5.4,48.5,0,1,8,15,0,4,10702,18454,13426,18349,1388.0,1037.0
2025-09-01,Kingdom Community International ,237,668,123,123,117,117,2.5641025641025643,48.7479674796748,3,27,61,87,59,0,10702,18454,13426,18349,1388.0,1037.0
2025-09-01,Kingsdale Community Centre - Neighbourhood Food Program - House of Friendship,948,2755,415,393,400,378,2.8525,45.69465648854962,0,101,378,323,124,22,10702,18454,13426,18349,1388.0,1037.0
2025-09-01,Kitchener Community Church and Family Care Centre,360,1199,346,346,345,345,3.36231884057971,45.23121387283237,4,38,152,136,30,0,10702,18454,13426,18349,1388.0,1037.0
2025-09-01,Langs,11,18,9,7,9,7,1.7777777777777777,47.714285714285715,0,0,4,5,0,2,10702,18454,13426,18349,1388.0,1037.0
2025-09-01,Lincoln Road Chapel,305,901,124,122,120,118,3.0833333333333335,44.450819672131146,0,31,117,126,29,2,10702,18454,13426,18349,1388.0,1037.0
2025-09-01,Locker - Country Hills Community Centre,30,80,18,18,18,18,2.5555555555555554,41.05555555555556,0,1,20,9,0,0,10702,18454,13426,18349,1388.0,1037.0
2025-09-01,Our Lady of Lourdes Conference - Society of St. Vincent de Paul,17,52,17,17,17,17,3.0588235294117645,46.64705882352941,0,3,6,5,3,0,10702,18454,13426,18349,1388.0,1037.0
2025-09-01,Paulander Community Centre - Camino Wellness + Mental Health,425,1479,145,144,142,141,3.5704225352112675,47.8125,0,54,108,209,53,1,10702,18454,13426,18349,1388.0,1037.0
2025-09-01,Ray of Hope,304,758,299,299,296,296,2.52027027027027,45.23745819397993,1,35,126,121,21,0,10702,18454,13426,18349,1388.0,1037.0
2025-09-01,Salvation Army Cambridge,440,1297,439,437,439,437,2.9521640091116175,48.32036613272311,1,42,147,198,50,2,10702,18454,13426,18349,1388.0,1037.0
2025-09-01,St. Agnes Conference - Society of St. Vincent de Paul,17,43,17,17,17,17,2.5294117647058822,52.0,0,3,4,6,4,0,10702,18454,13426,18349,1388.0,1037.0
2025-09-01,St. Aloysius Parish Food Pantry,4,9,4,4,4,4,2.25,35.75,1,0,1,2,0,0,10702,18454,13426,18349,1388.0,1037.0
2025-09-01,St. Andrew's Hespler Presbyterian Church,47,109,47,47,47,47,2.3191489361702127,50.93617021276596,0,3,14,21,9,0,10702,18454,13426,18349,1388.0,1037.0
2025-09-01,St. Anthony Daniel Conference - Society of St. Vincent de Paul,104,329,104,104,104,104,3.1634615384615383,49.99038461538461,2,7,35,40,20,0,10702,18454,13426,18349,1388.0,1037.0
2025-09-01,St. John's Anglican Church,44,100,44,44,44,44,2.272727272727273,53.95454545454545,0,3,7,25,9,0,10702,18454,13426,18349,1388.0,1037.0
2025-09-01,St. Mary's Conference - Society of St. Vincent de Paul,70,184,69,69,69,69,2.652173913043478,50.27536231884058,0,2,26,30,12,0,10702,18454,13426,18349,1388.0,1037.0
2025-09-01,Stanley Park Community Centre,367,1182,154,154,147,147,3.2993197278911564,48.24025974025974,1,31,129,141,65,0,10702,18454,13426,18349,1388.0,1037.0
2025-09-01,Sunnydale Community Centre - Neighbourhood Food Program - House of Friendship,632,2354,222,208,218,204,3.596330275229358,44.1875,0,66,264,229,59,14,10702,18454,13426,18349,1388.0,1037.0
2025-09-01,Supportive Housing YWCA (Lincoln Road),23,47,17,17,17,17,2.1176470588235294,47.35294117647059,0,1,11,10,1,0,10702,18454,13426,18349,1388.0,1037.0
2025-09-01,Supportive Housing of Waterloo (SHOW),67,77,25,25,25,25,1.12,56.2,0,0,14,43,10,0,10702,18454,13426,18349,1388.0,1037.0
2025-09-01,Supportive Housing- Y.W.C.A. (Block Line),87,102,34,34,34,34,1.1470588235294117,47.8235294117647,0,0,39,43,5,0,10702,18454,13426,18349,1388.0,1037.0
2025-09-01,THRIVE HIV,227,556,227,0,227,0,2.449339207048458,,0,0,0,0,0,227,10702,18454,13426,18349,1388.0,1037.0
2025-09-01,The Food Bank of Waterloo Region - Kitchener,169,298,100,99,99,98,1.8383838383838385,48.535353535353536,3,21,35,73,36,1,10702,18454,13426,18349,1388.0,1037.0
2025-09-01,Traverse Independence,31,46,26,26,26,26,1.5769230769230769,54.57692307692308,0,0,4,23,4,0,10702,18454,13426,18349,1388.0,1037.0
2025-09-01,Victoria Hills - House of Friendship,967,3196,362,356,356,350,3.2808988764044944,43.241573033707866,0,151,363,392,55,6,10702,18454,13426,18349,1388.0,1037.0
2025-09-01,Wellesley Food Cupboard,36,156,26,26,26,26,4.1923076923076925,44.42307692307692,0,3,20,12,1,0,10702,18454,13426,18349,1388.0,1037.0
2025-09-01,Wilmot & Wellesley Resource Centre,371,1096,124,121,123,120,2.8780487804878048,44.85123966942149,7,55,122,146,38,3,10702,18454,13426,18349,1388.0,1037.0
2025-09-01,Woolwich Community Services,993,2845,205,200,202,197,2.50990099009901,48.26,16,56,379,334,203,5,10702,18454,13426,18349,1388.0,1037.0
2025-09-01,oneROOF Youth Services,58,65,30,28,30,28,1.1333333333333333,23.142857142857142,1,55,0,0,0,2,10702,18454,13426,18349,1388.0,1037.0
2025-10-01,All Saints' Anglican Church,170,664,64,64,62,62,3.9193548387096775,43.640625,1,19,64,72,14,0,10731,18468,13503,18449,1419.0,1049.0
2025-10-01,Anishnabeg Outreach - Spirit Bundle ,708,2702,708,0,708,0,3.8163841807909606,,0,0,0,0,0,708,10731,18468,13503,18449,1419.0,1049.0
2025-10-01,Base Church ,78,214,78,73,78,73,2.7435897435897436,44.56164383561644,1,8,32,23,9,5,10731,18468,13503,18449,1419.0,1049.0
2025-10-01,Cambridge Food Bank - Cambridge,1982,4929,1935,1934,1932,1931,2.522256728778468,46.49482936918304,3,256,696,815,211,1,10731,18468,13503,18449,1419.0,1049.0
2025-10-01,Centreville Chicopee Community Centre - Neighbourhood Food Program - House of Friendship,1021,3238,323,291,318,286,2.9685534591194966,45.03092783505155,6,101,371,404,107,32,10731,18468,13503,18449,1419.0,1049.0
2025-10-01,Chandler Mowat Community Centre - Neighbourhood Food Program - House of Friendship,1173,4070,369,344,359,334,3.2924791086350975,43.950581395348834,0,162,490,398,98,25,10731,18468,13503,18449,1419.0,1049.0
2025-10-01,Christopher Champlain Resource Centre - Kinbridge Community Association,1,6,1,1,1,1,6.0,57.0,0,0,0,1,0,0,10731,18468,13503,18449,1419.0,1049.0
2025-10-01,Courtland Shelley Community Centre - Neighbourhood Food Program - House of Friendship,259,643,77,76,77,76,2.6233766233766236,57.223684210526315,3,8,37,123,87,1,10731,18468,13503,18449,1419.0,1049.0
2025-10-01,Eby Village / Charles Village - Mobile Pantry,82,91,54,54,53,53,1.0943396226415094,53.72222222222222,0,2,20,46,14,0,10731,18468,13503,18449,1419.0,1049.0
2025-10-01,Emergency Food Hamper Program - House of Friendship,3696,13583,3547,3545,3515,3513,3.687908961593172,43.65613540197461,12,519,1612,1272,279,2,10731,18468,13503,18449,1419.0,1049.0
2025-10-01,Emmanuel United Church - Waterloo Wayside ,668,1920,280,273,276,269,2.677536231884058,41.89377289377289,7,93,293,236,32,7,10731,18468,13503,18449,1419.0,1049.0
2025-10-01,Erb West Community Centre - Camino Wellness + Mental Health,324,1432,111,111,109,109,4.165137614678899,44.531531531531535,1,24,145,132,22,0,10731,18468,13503,18449,1419.0,1049.0
2025-10-01,Forest Heights Community Centre - Neighbourhood Food Program - House of Friendship,644,2268,242,221,238,217,3.369747899159664,45.95022624434389,0,78,232,234,79,21,10731,18468,13503,18449,1419.0,1049.0
2025-10-01,Glencairn Mennonite Brethren Church,171,635,171,171,168,168,3.7202380952380953,44.16374269005848,0,21,71,68,11,0,10731,18468,13503,18449,1419.0,1049.0
2025-10-01,Indwell - 140 Weber Street E,35,44,28,17,28,17,1.3214285714285714,46.88235294117647,0,2,10,12,0,11,10731,18468,13503,18449,1419.0,1049.0
2025-10-01,Islamic Centre of Waterloo ,1,1,1,1,1,1,1.0,108.0,0,0,0,0,1,0,10731,18468,13503,18449,1419.0,1049.0
2025-10-01,Kingdom Community International ,309,888,139,139,134,134,2.753731343283582,49.43884892086331,3,31,84,104,87,0,10731,18468,13503,18449,1419.0,1049.0
2025-10-01,Kingsdale Community Centre - Neighbourhood Food Program - House of Friendship,1151,3451,424,401,410,387,2.8780487804878048,45.718204488778056,2,117,462,414,133,23,10731,18468,13503,18449,1419.0,1049.0
2025-10-01,Kitchener Community Church and Family Care Centre,404,1344,375,374,374,373,3.358288770053476,45.74331550802139,5,40,168,158,32,1,10731,18468,13503,18449,1419.0,1049.0
2025-10-01,Lincoln Road Chapel,258,758,114,113,111,110,2.864864864864865,44.91150442477876,1,29,97,108,22,1,10731,18468,13503,18449,1419.0,1049.0
2025-10-01,Locker - Country Hills Community Centre,34,92,22,22,22,22,2.6363636363636362,42.5,0,3,16,15,0,0,10731,18468,13503,18449,1419.0,1049.0
2025-10-01,Our Lady of Lourdes Conference - Society of St. Vincent de Paul,56,221,51,51,51,51,3.9607843137254903,46.568627450980394,1,5,18,27,5,0,10731,18468,13503,18449,1419.0,1049.0
2025-10-01,Paulander Community Centre - Camino Wellness + Mental Health,518,1825,146,146,139,139,3.5755395683453237,48.04109589041096,0,59,146,245,68,0,10731,18468,13503,18449,1419.0,1049.0
2025-10-01,Ray of Hope,277,722,276,276,274,274,2.6204379562043796,45.731884057971016,1,33,114,104,25,0,10731,18468,13503,18449,1419.0,1049.0
2025-10-01,Salvation Army Cambridge,468,1365,462,461,462,461,2.9415584415584415,48.308026030368765,0,37,159,218,53,1,10731,18468,13503,18449,1419.0,1049.0
2025-10-01,Specialized Housing Program Pilot – Sexual Assault Support Centre,14,14,14,0,14,0,1.0,,0,0,0,0,0,14,10731,18468,13503,18449,1419.0,1049.0
2025-10-01,St. Agnes Conference - Society of St. Vincent de Paul,19,41,19,19,19,19,2.1578947368421053,51.89473684210526,0,2,6,7,4,0,10731,18468,13503,18449,1419.0,1049.0
2025-10-01,St. Aloysius Parish Food Pantry,3,8,3,3,3,3,2.6666666666666665,23.0,1,1,1,0,0,0,10731,18468,13503,18449,1419.0,1049.0
2025-10-01,St. Andrew's Hespler Presbyterian Church,34,79,33,33,33,33,2.3333333333333335,54.36363636363637,0,1,10,13,10,0,10731,18468,13503,18449,1419.0,1049.0
2025-10-01,St. Andrew's Presbyterian Church - Kitchener ,1,1,1,1,1,1,1.0,46.0,0,0,0,1,0,0,10731,18468,13503,18449,1419.0,1049.0
2025-10-01,St. Anthony Daniel Conference - Society of St. Vincent de Paul,92,253,92,92,92,92,2.75,51.98913043478261,0,7,25,39,21,0,10731,18468,13503,18449,1419.0,1049.0
2025-10-01,St. John's Anglican Church,47,103,47,47,47,47,2.1914893617021276,53.723404255319146,0,3,8,26,10,0,10731,18468,13503,18449,1419.0,1049.0
2025-10-01,St. Mary's Conference - Society of St. Vincent de Paul,50,131,50,50,50,50,2.62,52.66,0,5,12,22,11,0,10731,18468,13503,18449,1419.0,1049.0
2025-10-01,Stanley Park Community Centre,464,1597,170,170,161,161,3.2546583850931676,48.305882352941175,0,30,179,181,74,0,10731,18468,13503,18449,1419.0,1049.0
2025-10-01,Sunnydale Community Centre - Neighbourhood Food Program - House of Friendship,738,2707,234,219,230,215,3.5652173913043477,43.82648401826484,1,80,329,246,67,15,10731,18468,13503,18449,1419.0,1049.0
2025-10-01,Supportive Housing YWCA (Lincoln Road),14,27,12,12,12,12,2.0833333333333335,42.916666666666664,0,1,7,4,2,0,10731,18468,13503,18449,1419.0,1049.0
2025-10-01,Supportive Housing of Waterloo (SHOW),51,58,22,22,22,22,1.1363636363636365,54.04545454545455,0,0,11,36,4,0,10731,18468,13503,18449,1419.0,1049.0
2025-10-01,Supportive Housing- Y.W.C.A. (Block Line),60,66,33,33,32,32,1.125,46.90909090909091,0,2,26,28,4,0,10731,18468,13503,18449,1419.0,1049.0
2025-10-01,THRIVE HIV,281,712,281,0,281,0,2.5338078291814945,,0,0,0,0,0,281,10731,18468,13503,18449,1419.0,1049.0
2025-10-01,The Food Bank of Waterloo Region - Kitchener,189,333,108,105,108,105,1.7962962962962963,51.2,3,11,35,92,45,3,10731,18468,13503,18449,1419.0,1049.0
2025-10-01,Traverse Independence,34,67,29,28,29,28,1.7586206896551724,54.92857142857143,0,0,3,27,3,1,10731,18468,13503,18449,1419.0,1049.0
2025-10-01,Victoria Hills - House of Friendship,767,2539,341,338,339,336,3.2389380530973453,43.760355029585796,1,112,295,316,40,3,10731,18468,13503,18449,1419.0,1049.0
2025-10-01,Wellesley Food Cupboard,39,166,26,26,26,26,4.269230769230769,45.88461538461539,0,4,19,13,3,0,10731,18468,13503,18449,1419.0,1049.0
2025-10-01,Wilmot & Wellesley Resource Centre,427,1255,141,141,138,138,2.8550724637681157,45.56737588652482,4,60,149,168,46,0,10731,18468,13503,18449,1419.0,1049.0
2025-10-01,Woolwich Community Services,1098,3148,231,221,227,217,2.537444933920705,47.51131221719457,15,85,408,369,211,10,10731,18468,13503,18449,1419.0,1049.0
2025-10-01,oneROOF Youth Services,48,62,27,24,27,24,1.2222222222222223,22.208333333333332,3,42,0,0,0,3,10731,18468,13503,18449,1419.0,1049.0
2025-11-01,All Saints' Anglican Church,136,516,51,49,51,49,3.5294117647058822,44.97959183673469,0,18,48,59,9,2,10737,18412,13347,18144,1434.0,1000.0
2025-11-01,Anishnabeg Outreach - Spirit Bundle ,412,1507,412,0,412,0,3.657766990291262,,0,0,0,0,0,412,10737,18412,13347,18144,1434.0,1000.0
2025-11-01,Base Church ,83,265,82,74,82,74,3.207317073170732,43.74324324324324,0,9,35,23,8,8,10737,18412,13347,18144,1434.0,1000.0
2025-11-01,Cambridge Food Bank - Cambridge,1911,4766,1871,1871,1868,1868,2.524625267665953,46.42490646712988,4,248,682,773,204,0,10737,18412,13347,18144,1434.0,1000.0
2025-11-01,Centreville Chicopee Community Centre - Neighbourhood Food Program - House of Friendship,868,2776,317,299,316,298,3.0632911392405062,45.33444816053512,3,89,304,353,101,18,10737,18412,13347,18144,1434.0,1000.0
2025-11-01,Chandler Mowat Community Centre - Neighbourhood Food Program - House of Friendship,972,3475,328,321,324,317,3.5308641975308643,44.09657320872274,0,118,430,336,81,7,10737,18412,13347,18144,1434.0,1000.0
2025-11-01,Courtland Shelley Community Centre - Neighbourhood Food Program - House of Friendship,225,565,73,71,73,71,2.767123287671233,56.38028169014085,3,8,26,111,75,2,10737,18412,13347,18144,1434.0,1000.0
2025-11-01,Eby Village / Charles Village - Mobile Pantry,76,83,52,52,51,51,1.0784313725490196,52.78846153846154,0,2,16,46,12,0,10737,18412,13347,18144,1434.0,1000.0
2025-11-01,Emergency Food Hamper Program - House of Friendship,3627,13375,3516,3511,3492,3487,3.6901489117983965,43.574765024209626,2,536,1549,1268,267,5,10737,18412,13347,18144,1434.0,1000.0
2025-11-01,Emmanuel United Church - Waterloo Wayside ,608,1794,274,270,270,266,2.748148148148148,41.42962962962963,7,107,268,202,20,4,10737,18412,13347,18144,1434.0,1000.0
2025-11-01,Erb West Community Centre - Camino Wellness + Mental Health,254,1153,107,106,106,105,4.377358490566038,44.60377358490566,2,14,104,113,20,1,10737,18412,13347,18144,1434.0,1000.0
2025-11-01,Forest Heights Community Centre - Neighbourhood Food Program - House of Friendship,674,2328,264,246,261,243,3.3908045977011496,47.146341463414636,0,84,220,258,94,18,10737,18412,13347,18144,1434.0,1000.0
2025-11-01,Glencairn Mennonite Brethren Church,188,701,187,187,187,187,3.7433155080213902,44.73262032085562,1,27,71,74,15,0,10737,18412,13347,18144,1434.0,1000.0
2025-11-01,Indwell - 140 Weber Street E,34,47,25,17,25,17,1.52,47.94117647058823,0,2,11,10,3,8,10737,18412,13347,18144,1434.0,1000.0
2025-11-01,Islamic Centre of Waterloo ,82,443,82,82,82,82,5.402439024390244,40.792682926829265,1,15,37,24,5,0,10737,18412,13347,18144,1434.0,1000.0
2025-11-01,Kingdom Community International ,226,637,105,105,102,102,2.7254901960784315,51.08571428571429,2,22,58,78,66,0,10737,18412,13347,18144,1434.0,1000.0
2025-11-01,Kingsdale Community Centre - Neighbourhood Food Program - House of Friendship,846,2540,369,358,354,343,2.889830508474576,46.50558659217877,1,95,310,316,113,11,10737,18412,13347,18144,1434.0,1000.0
2025-11-01,Kitchener Community Church and Family Care Centre,237,723,212,212,212,212,3.1320754716981134,48.04716981132076,3,17,86,101,30,0,10737,18412,13347,18144,1434.0,1000.0
2025-11-01,Lincoln Road Chapel,268,860,105,104,102,101,3.235294117647059,44.83653846153846,0,27,107,113,20,1,10737,18412,13347,18144,1434.0,1000.0
2025-11-01,Locker - Country Hills Community Centre,29,83,19,19,19,19,2.8947368421052633,43.0,0,1,19,9,0,0,10737,18412,13347,18144,1434.0,1000.0
2025-11-01,Our Lady of Lourdes Conference - Society of St. Vincent de Paul,53,188,53,53,53,53,3.547169811320755,45.339622641509436,0,7,22,19,5,0,10737,18412,13347,18144,1434.0,1000.0
2025-11-01,Paulander Community Centre - Camino Wellness + Mental Health,464,1638,130,130,129,129,3.643410852713178,47.97692307692308,0,73,126,206,59,0,10737,18412,13347,18144,1434.0,1000.0
2025-11-01,Ray of Hope,273,702,271,271,270,270,2.585185185185185,44.81180811808118,0,33,122,96,22,0,10737,18412,13347,18144,1434.0,1000.0
2025-11-01,Salvation Army Cambridge,454,1321,449,449,448,448,2.921875,48.641425389755014,1,36,145,225,47,0,10737,18412,13347,18144,1434.0,1000.0
2025-11-01,Specialized Housing Program Pilot – Sexual Assault Support Centre,18,18,18,0,18,0,1.0,,0,0,0,0,0,18,10737,18412,13347,18144,1434.0,1000.0
2025-11-01,St. Agnes Conference - Society of St. Vincent de Paul,15,32,15,15,15,15,2.1333333333333333,52.4,0,2,4,6,3,0,10737,18412,13347,18144,1434.0,1000.0
2025-11-01,St. Aloysius Parish Food Pantry,8,31,8,8,8,8,3.875,44.875,0,2,2,4,0,0,10737,18412,13347,18144,1434.0,1000.0
2025-11-01,St. Andrew's Hespler Presbyterian Church,36,73,36,36,36,36,2.0277777777777777,50.69444444444444,1,2,10,17,6,0,10737,18412,13347,18144,1434.0,1000.0
2025-11-01,St. Andrew's Presbyterian Church - Kitchener ,34,90,27,26,27,26,2.925925925925926,46.65384615384615,0,2,13,18,0,1,10737,18412,13347,18144,1434.0,1000.0
2025-11-01,St. Anthony Daniel Conference - Society of St. Vincent de Paul,102,312,101,101,101,101,3.0792079207920793,49.89108910891089,0,7,36,43,16,0,10737,18412,13347,18144,1434.0,1000.0
2025-11-01,St. John's Anglican Church,57,123,57,57,57,57,2.1578947368421053,54.578947368421055,0,2,10,32,13,0,10737,18412,13347,18144,1434.0,1000.0
2025-11-01,St. Mary's Conference - Society of St. Vincent de Paul,60,153,59,59,59,59,2.4915254237288136,52.898305084745765,0,3,19,20,18,0,10737,18412,13347,18144,1434.0,1000.0
2025-11-01,Stanley Park Community Centre,362,1232,157,157,156,156,3.2756410256410255,48.48407643312102,0,23,141,140,58,0,10737,18412,13347,18144,1434.0,1000.0
2025-11-01,Sunnydale Community Centre - Neighbourhood Food Program - House of Friendship,537,1948,186,171,181,166,3.5303867403314917,44.55555555555556,1,41,235,195,50,15,10737,18412,13347,18144,1434.0,1000.0
2025-11-01,Supportive Housing YWCA (Lincoln Road),11,17,10,10,10,10,1.6,48.9,0,0,5,5,1,0,10737,18412,13347,18144,1434.0,1000.0
2025-11-01,Supportive Housing of Waterloo (SHOW),42,48,23,23,23,23,1.1304347826086956,54.869565217391305,0,0,6,32,4,0,10737,18412,13347,18144,1434.0,1000.0
2025-11-01,Supportive Housing- Y.W.C.A. (Block Line),71,83,37,37,37,37,1.162162162162162,47.432432432432435,0,2,34,31,4,0,10737,18412,13347,18144,1434.0,1000.0
2025-11-01,THRIVE HIV,259,595,259,0,259,0,2.2972972972972974,,0,0,0,0,0,259,10737,18412,13347,18144,1434.0,1000.0
2025-11-01,The Food Bank of Waterloo Region - Kitchener,181,317,123,115,123,115,1.8943089430894309,49.869565217391305,1,14,42,78,38,8,10737,18412,13347,18144,1434.0,1000.0
2025-11-01,Traverse Independence,55,74,22,21,22,21,1.5454545454545454,52.95238095238095,0,0,10,35,9,1,10737,18412,13347,18144,1434.0,1000.0
2025-11-01,Victoria Hills - House of Friendship,1019,3393,375,365,371,361,3.3773584905660377,43.78356164383562,0,143,420,387,59,10,10737,18412,13347,18144,1434.0,1000.0
2025-11-01,Wellesley Food Cupboard,35,163,24,24,24,24,4.75,43.416666666666664,0,5,16,12,2,0,10737,18412,13347,18144,1434.0,1000.0
2025-11-01,Wilmot & Wellesley Resource Centre,401,1158,146,141,144,139,2.7708333333333335,46.99290780141844,4,55,127,156,54,5,10737,18412,13347,18144,1434.0,1000.0
2025-11-01,Woolwich Community Services,978,2871,217,207,215,205,2.5488372093023255,49.1207729468599,5,69,394,319,181,10,10737,18412,13347,18144,1434.0,1000.0
2025-11-01,oneROOF Youth Services,79,79,26,26,26,26,1.0,23.153846153846153,11,68,0,0,0,0,10737,18412,13347,18144,1434.0,1000.0
2025-12-01,All Saints' Anglican Church,129,499,52,51,51,50,3.5686274509803924,44.372549019607845,0,20,43,59,6,1,10665,18375,13481,18387,1408.0,1012.0
2025-12-01,Anishnabeg Outreach - Spirit Bundle ,556,2114,556,0,556,0,3.802158273381295,,0,0,0,0,0,556,10665,18375,13481,18387,1408.0,1012.0
2025-12-01,Base Church ,88,247,88,83,88,83,2.8068181818181817,45.975903614457835,0,6,41,25,11,5,10665,18375,13481,18387,1408.0,1012.0
2025-12-01,Cambridge Food Bank - Cambridge,1996,5119,1969,1969,1964,1964,2.5829938900203664,46.65566277298121,5,245,712,814,220,0,10665,18375,13481,18387,1408.0,1012.0
2025-12-01,Centreville Chicopee Community Centre - Neighbourhood Food Program - House of Friendship,665,2075,313,294,313,294,3.038338658146965,46.506802721088434,3,52,232,278,81,19,10665,18375,13481,18387,1408.0,1012.0
2025-12-01,Chandler Mowat Community Centre - Neighbourhood Food Program - House of Friendship,697,2456,311,301,309,299,3.4627831715210355,44.32890365448505,0,87,299,237,64,10,10665,18375,13481,18387,1408.0,1012.0
2025-12-01,Christopher Champlain Resource Centre - Kinbridge Community Association,1,6,1,1,1,1,6.0,57.0,0,0,0,1,0,0,10665,18375,13481,18387,1408.0,1012.0
2025-12-01,Courtland Shelley Community Centre - Neighbourhood Food Program - House of Friendship,183,447,93,72,89,68,2.404494382022472,55.291666666666664,1,8,26,78,49,21,10665,18375,13481,18387,1408.0,1012.0
2025-12-01,Eby Village / Charles Village - Mobile Pantry,114,138,56,53,55,52,1.309090909090909,52.64150943396226,0,1,30,66,14,3,10665,18375,13481,18387,1408.0,1012.0
2025-12-01,Emergency Food Hamper Program - House of Friendship,4712,16308,4552,4542,4513,4503,3.4347440726789276,43.54733597534126,8,711,2014,1621,348,10,10665,18375,13481,18387,1408.0,1012.0
2025-12-01,Emmanuel United Church - Waterloo Wayside ,667,1966,288,270,283,265,2.745583038869258,41.89259259259259,6,87,281,242,33,18,10665,18375,13481,18387,1408.0,1012.0
2025-12-01,Erb West Community Centre - Camino Wellness + Mental Health,301,1362,129,126,115,112,4.2,43.13492063492063,2,31,111,137,17,3,10665,18375,13481,18387,1408.0,1012.0
2025-12-01,Forest Heights Community Centre - Neighbourhood Food Program - House of Friendship,495,1738,229,225,226,222,3.5442477876106193,46.23111111111111,1,60,184,183,63,4,10665,18375,13481,18387,1408.0,1012.0
2025-12-01,Glencairn Mennonite Brethren Church,142,535,142,142,142,142,3.767605633802817,44.87323943661972,0,19,57,56,10,0,10665,18375,13481,18387,1408.0,1012.0
2025-12-01,Indwell - 140 Weber Street E,35,40,26,21,26,21,1.1923076923076923,46.95238095238095,0,1,13,15,1,5,10665,18375,13481,18387,1408.0,1012.0
2025-12-01,Islamic Centre of Waterloo ,86,433,86,86,86,86,5.034883720930233,40.395348837209305,1,20,34,28,3,0,10665,18375,13481,18387,1408.0,1012.0
2025-12-01,Kingdom Community International ,183,526,105,105,95,95,2.694736842105263,50.58095238095238,0,14,52,71,46,0,10665,18375,13481,18387,1408.0,1012.0
2025-12-01,Kingsdale Community Centre - Neighbourhood Food Program - House of Friendship,681,1985,363,359,351,347,2.9145299145299144,46.1142061281337,1,78,264,247,87,4,10665,18375,13481,18387,1408.0,1012.0
2025-12-01,Kitchener Community Church and Family Care Centre,62,108,42,42,42,42,1.5952380952380953,52.38095238095238,3,2,14,30,13,0,10665,18375,13481,18387,1408.0,1012.0
2025-12-01,Lincoln Road Chapel,238,839,114,110,111,107,3.6666666666666665,43.38181818181818,0,46,76,99,13,4,10665,18375,13481,18387,1408.0,1012.0
2025-12-01,Locker - Country Hills Community Centre,23,75,16,16,16,16,3.25,41.25,0,2,11,10,0,0,10665,18375,13481,18387,1408.0,1012.0
2025-12-01,Our Lady of Lourdes Conference - Society of St. Vincent de Paul,28,114,27,27,27,27,4.074074074074074,47.51851851851852,0,5,8,10,5,0,10665,18375,13481,18387,1408.0,1012.0
2025-12-01,Paulander Community Centre - Camino Wellness + Mental Health,532,1856,165,165,159,159,3.5157232704402515,47.71515151515152,3,57,152,246,74,0,10665,18375,13481,18387,1408.0,1012.0
2025-12-01,Ray of Hope,232,582,231,231,231,231,2.515151515151515,45.696969696969695,0,26,96,91,19,0,10665,18375,13481,18387,1408.0,1012.0
2025-12-01,Salvation Army Cambridge,459,1311,456,456,455,455,2.854945054945055,49.06578947368421,0,31,149,229,50,0,10665,18375,13481,18387,1408.0,1012.0
2025-12-01,Southwood Resource Centre - Kinbridge Community Association,1,6,1,1,1,1,6.0,46.0,0,0,0,1,0,0,10665,18375,13481,18387,1408.0,1012.0
2025-12-01,Specialized Housing Program Pilot – Sexual Assault Support Centre,13,13,13,0,13,0,1.0,,0,0,0,0,0,13,10665,18375,13481,18387,1408.0,1012.0
2025-12-01,St. Aloysius Parish Food Pantry,4,17,4,4,4,4,4.25,44.5,0,0,2,2,0,0,10665,18375,13481,18387,1408.0,1012.0
2025-12-01,St. Andrew's Hespler Presbyterian Church,44,91,44,44,43,43,2.0697674418604652,52.27272727272727,0,2,12,23,7,0,10665,18375,13481,18387,1408.0,1012.0
2025-12-01,St. Andrew's Presbyterian Church - Kitchener ,84,257,53,53,51,51,2.9607843137254903,43.77358490566038,1,8,40,27,8,0,10665,18375,13481,18387,1408.0,1012.0
2025-12-01,St. Anthony Daniel Conference - Society of St. Vincent de Paul,125,394,120,120,120,120,3.091666666666667,49.90833333333333,0,7,50,48,20,0,10665,18375,13481,18387,1408.0,1012.0
2025-12-01,St. John's Anglican Church,62,143,62,62,62,62,2.306451612903226,54.20967741935484,0,2,11,37,12,0,10665,18375,13481,18387,1408.0,1012.0
2025-12-01,St. Mary's Conference - Society of St. Vincent de Paul,65,167,65,65,65,65,2.5692307692307694,52.44615384615385,0,3,22,21,19,0,10665,18375,13481,18387,1408.0,1012.0
2025-12-01,Stanley Park Community Centre,282,945,146,146,142,142,3.2464788732394365,47.773972602739725,0,13,118,107,44,0,10665,18375,13481,18387,1408.0,1012.0
2025-12-01,Sunnydale Community Centre - Neighbourhood Food Program - House of Friendship,451,1738,201,192,197,188,3.796954314720812,44.5,0,45,191,158,48,9,10665,18375,13481,18387,1408.0,1012.0
2025-12-01,Supportive Housing YWCA (Lincoln Road),13,31,10,10,10,10,2.4,46.1,0,1,6,5,1,0,10665,18375,13481,18387,1408.0,1012.0
2025-12-01,Supportive Housing of Waterloo (SHOW),47,48,21,21,21,21,1.0476190476190477,54.57142857142857,0,0,8,34,5,0,10665,18375,13481,18387,1408.0,1012.0
2025-12-01,Supportive Housing- Y.W.C.A. (Block Line),55,60,35,35,35,35,1.1428571428571428,47.8,0,1,21,30,3,0,10665,18375,13481,18387,1408.0,1012.0
2025-12-01,THRIVE HIV,208,513,208,0,208,0,2.4663461538461537,,0,0,0,0,0,208,10665,18375,13481,18387,1408.0,1012.0
2025-12-01,The Food Bank of Waterloo Region - Kitchener,173,304,136,133,136,133,1.8014705882352942,52.714285714285715,1,9,39,81,40,3,10665,18375,13481,18387,1408.0,1012.0
2025-12-01,The Healing of the Seven Generations,1,2,1,1,1,1,2.0,41.0,0,0,1,0,0,0,10665,18375,13481,18387,1408.0,1012.0
2025-12-01,Traverse Independence,89,154,39,36,39,36,1.8205128205128205,53.94444444444444,0,0,13,59,14,3,10665,18375,13481,18387,1408.0,1012.0
2025-12-01,Victoria Hills - House of Friendship,790,2706,372,367,366,361,3.4153005464480874,43.335149863760215,1,107,321,312,44,5,10665,18375,13481,18387,1408.0,1012.0
2025-12-01,Wellesley Food Cupboard,25,117,24,24,24,24,4.791666666666667,44.0,0,3,12,9,1,0,10665,18375,13481,18387,1408.0,1012.0
2025-12-01,Wilmot & Wellesley Resource Centre,329,944,133,124,133,124,2.917293233082707,46.74193548387097,4,33,106,133,44,9,10665,18375,13481,18387,1408.0,1012.0
2025-12-01,Woolwich Community Services,763,2342,196,193,193,190,2.6528497409326426,48.73575129533679,5,61,294,264,136,3,10665,18375,13481,18387,1408.0,1012.0
2025-12-01,oneROOF Youth Services,53,53,22,20,22,20,1.0,23.35,4,47,0,0,0,2,10665,18375,13481,18387,1408.0,1012.0
2026-01-01,All Saints' Anglican Church,162,635,63,62,62,61,3.8870967741935485,45.193548387096776,1,13,65,75,7,1,10884,18742,13410,18236,1448.0,1031.0
2026-01-01,Anishnabeg Outreach - Spirit Bundle ,172,635,172,0,172,0,3.691860465116279,,0,0,0,0,0,172,10884,18742,13410,18236,1448.0,1031.0
2026-01-01,Base Church ,64,175,64,62,64,62,2.734375,46.12903225806452,0,9,26,17,10,2,10884,18742,13410,18236,1448.0,1031.0
2026-01-01,Cambridge Food Bank - Cambridge,1861,4746,1831,1831,1829,1829,2.570256971022417,46.1605679956308,4,240,674,761,182,0,10884,18742,13410,18236,1448.0,1031.0
2026-01-01,Centreville Chicopee Community Centre - Neighbourhood Food Program - House of Friendship,803,2450,317,288,315,286,2.9365079365079363,46.052083333333336,1,65,277,334,97,29,10884,18742,13410,18236,1448.0,1031.0
2026-01-01,Chandler Mowat Community Centre - Neighbourhood Food Program - House of Friendship,641,2326,285,281,282,278,3.5319148936170213,44.08896797153025,0,80,280,224,53,4,10884,18742,13410,18236,1448.0,1031.0
2026-01-01,Christopher Champlain Resource Centre - Kinbridge Community Association,1,4,1,1,1,1,4.0,60.0,0,0,0,1,0,0,10884,18742,13410,18236,1448.0,1031.0
2026-01-01,Courtland Shelley Community Centre - Neighbourhood Food Program - House of Friendship,216,504,75,72,74,71,2.391891891891892,54.013888888888886,3,10,30,100,70,3,10884,18742,13410,18236,1448.0,1031.0
2026-01-01,Eby Village / Charles Village - Mobile Pantry,63,74,44,44,44,44,1.1818181818181819,52.93181818181818,0,1,17,36,9,0,10884,18742,13410,18236,1448.0,1031.0
2026-01-01,Emergency Food Hamper Program - House of Friendship,3577,13145,3462,3457,3445,3440,3.677213352685051,43.474689036737054,3,531,1537,1250,251,5,10884,18742,13410,18236,1448.0,1031.0
2026-01-01,Emmanuel United Church - Waterloo Wayside ,480,1475,248,238,244,234,2.8401639344262297,42.38655462184874,4,86,174,180,26,10,10884,18742,13410,18236,1448.0,1031.0
2026-01-01,Erb West Community Centre - Camino Wellness + Mental Health,304,1362,128,123,123,118,4.333333333333333,44.22764227642276,8,19,102,151,19,5,10884,18742,13410,18236,1448.0,1031.0
2026-01-01,Forest Heights Community Centre - Neighbourhood Food Program - House of Friendship,591,2135,228,206,225,203,3.542222222222222,46.820388349514566,0,58,213,210,88,22,10884,18742,13410,18236,1448.0,1031.0
2026-01-01,Glencairn Mennonite Brethren Church,185,661,185,185,185,185,3.572972972972973,45.18378378378378,0,20,79,70,16,0,10884,18742,13410,18236,1448.0,1031.0
2026-01-01,Indwell - 140 Weber Street E,29,33,20,16,20,16,1.2,48.75,0,0,8,15,2,4,10884,18742,13410,18236,1448.0,1031.0
2026-01-01,Islamic Centre of Waterloo ,85,452,85,85,85,85,5.317647058823529,42.55294117647059,2,13,33,34,3,0,10884,18742,13410,18236,1448.0,1031.0
2026-01-01,Kingdom Community International ,203,584,97,97,96,96,2.9270833333333335,51.30927835051546,0,13,48,81,61,0,10884,18742,13410,18236,1448.0,1031.0
2026-01-01,Kingsdale Community Centre - Neighbourhood Food Program - House of Friendship,772,2221,328,311,322,305,2.8260869565217392,46.659163987138264,0,73,302,283,97,17,10884,18742,13410,18236,1448.0,1031.0
2026-01-01,Kitchener Community Church and Family Care Centre,315,948,281,281,280,280,3.1,47.345195729537366,4,22,125,121,43,0,10884,18742,13410,18236,1448.0,1031.0
2026-01-01,Lincoln Road Chapel,219,676,118,115,115,112,3.0521739130434784,42.6,0,41,76,90,9,3,10884,18742,13410,18236,1448.0,1031.0
2026-01-01,Locker - Country Hills Community Centre,32,115,18,18,18,18,3.388888888888889,39.44444444444444,0,3,14,15,0,0,10884,18742,13410,18236,1448.0,1031.0
2026-01-01,Our Lady of Lourdes Conference - Society of St. Vincent de Paul,30,120,30,30,30,30,4.0,45.86666666666667,0,4,10,13,3,0,10884,18742,13410,18236,1448.0,1031.0
2026-01-01,Paulander Community Centre - Camino Wellness + Mental Health,389,1343,129,128,127,126,3.4330708661417324,49.28125,1,42,90,197,58,1,10884,18742,13410,18236,1448.0,1031.0
2026-01-01,Ray of Hope,251,659,251,251,251,251,2.6254980079681274,45.418326693227094,0,27,108,94,22,0,10884,18742,13410,18236,1448.0,1031.0
2026-01-01,Salvation Army Cambridge,404,1210,402,401,401,400,2.9875311720698257,48.56857855361596,0,32,131,199,41,1,10884,18742,13410,18236,1448.0,1031.0
2026-01-01,Southwood Resource Centre - Kinbridge Community Association,3,10,3,3,3,3,3.3333333333333335,41.666666666666664,0,1,0,2,0,0,10884,18742,13410,18236,1448.0,1031.0
2026-01-01,Specialized Housing Program Pilot – Sexual Assault Support Centre,20,20,20,0,20,0,1.0,,0,0,0,0,0,20,10884,18742,13410,18236,1448.0,1031.0
2026-01-01,St. Agnes Conference - Society of St. Vincent de Paul,17,39,17,17,17,17,2.2941176470588234,54.470588235294116,0,1,5,7,4,0,10884,18742,13410,18236,1448.0,1031.0
2026-01-01,St. Aloysius Parish Food Pantry,6,17,5,5,5,5,3.0,45.0,0,0,3,3,0,0,10884,18742,13410,18236,1448.0,1031.0
2026-01-01,St. Andrew's Hespler Presbyterian Church,26,55,26,26,26,26,2.1153846153846154,54.61538461538461,0,0,8,12,6,0,10884,18742,13410,18236,1448.0,1031.0
2026-01-01,St. Andrew's Presbyterian Church - Kitchener ,89,324,40,40,39,39,3.4358974358974357,46.0,1,11,38,21,18,0,10884,18742,13410,18236,1448.0,1031.0
2026-01-01,St. Anthony Daniel Conference - Society of St. Vincent de Paul,97,274,96,96,96,96,2.84375,50.229166666666664,0,7,30,42,18,0,10884,18742,13410,18236,1448.0,1031.0
2026-01-01,St. John's Anglican Church,34,74,34,34,34,34,2.176470588235294,54.35294117647059,0,1,6,20,7,0,10884,18742,13410,18236,1448.0,1031.0
2026-01-01,St. Mary's Conference - Society of St. Vincent de Paul,96,243,94,94,94,94,2.5531914893617023,52.212765957446805,0,3,31,41,21,0,10884,18742,13410,18236,1448.0,1031.0
2026-01-01,Stanley Park Community Centre,366,1222,172,172,162,162,3.345679012345679,47.674418604651166,0,32,127,144,63,0,10884,18742,13410,18236,1448.0,1031.0
2026-01-01,Student Union Food Bank - Wilfrid Laurier University,47,61,47,0,47,0,1.297872340425532,,0,0,0,0,0,47,10884,18742,13410,18236,1448.0,1031.0
2026-01-01,Sunnydale Community Centre - Neighbourhood Food Program - House of Friendship,411,1568,183,176,181,174,3.7624309392265194,45.26704545454545,0,38,174,144,48,7,10884,18742,13410,18236,1448.0,1031.0
2026-01-01,Supportive Housing YWCA (Lincoln Road),15,36,12,12,12,12,2.1666666666666665,51.25,0,0,5,7,3,0,10884,18742,13410,18236,1448.0,1031.0
2026-01-01,Supportive Housing of Waterloo (SHOW),60,62,21,21,21,21,1.0476190476190477,55.38095238095238,0,0,9,46,5,0,10884,18742,13410,18236,1448.0,1031.0
2026-01-01,Supportive Housing- Y.W.C.A. (Block Line),55,62,33,33,33,33,1.121212121212121,48.484848484848484,0,2,19,32,2,0,10884,18742,13410,18236,1448.0,1031.0
2026-01-01,THRIVE HIV,229,501,229,0,229,0,2.1877729257641922,,0,0,0,0,0,229,10884,18742,13410,18236,1448.0,1031.0
2026-01-01,The Food Bank of Waterloo Region - Kitchener,156,244,107,107,107,107,1.6635514018691588,50.76635514018692,1,9,34,86,26,0,10884,18742,13410,18236,1448.0,1031.0
2026-01-01,The Healing of the Seven Generations,1,6,1,1,1,1,6.0,38.0,0,0,1,0,0,0,10884,18742,13410,18236,1448.0,1031.0
2026-01-01,Traverse Independence,83,124,34,33,34,33,1.6176470588235294,55.18181818181818,0,0,13,49,20,1,10884,18742,13410,18236,1448.0,1031.0
2026-01-01,Victoria Hills - House of Friendship,996,3646,378,370,371,363,3.5741239892183287,43.443243243243245,1,132,409,392,54,8,10884,18742,13410,18236,1448.0,1031.0
2026-01-01,Wellesley Food Cupboard,33,164,22,22,22,22,5.0,42.95454545454545,0,5,15,11,2,0,10884,18742,13410,18236,1448.0,1031.0
2026-01-01,Wilmot & Wellesley Resource Centre,383,1141,139,127,136,124,2.713235294117647,47.31496062992126,1,41,124,140,65,12,10884,18742,13410,18236,1448.0,1031.0
2026-01-01,Woolwich Community Services,855,2608,207,207,204,204,2.622549019607843,48.19806763285024,12,82,325,289,147,0,10884,18742,13410,18236,1448.0,1031.0
2026-01-01,oneROOF Youth Services,39,42,20,20,20,20,1.15,23.25,4,35,0,0,0,0,10884,18742,13410,18236,1448.0,1031.0
2026-02-01,All Saints' Anglican Church,175,676,67,66,65,64,3.830769230769231,44.39393939393939,0,18,72,77,7,1,10805,18604,13473,18295,1431.0,1014.0
2026-02-01,Anishnabeg Outreach - Spirit Bundle ,204,780,204,0,204,0,3.823529411764706,,0,0,0,0,0,204,10805,18604,13473,18295,1431.0,1014.0
2026-02-01,Base Church ,138,408,107,100,107,100,2.850467289719626,44.67,0,17,56,44,14,7,10805,18604,13473,18295,1431.0,1014.0
2026-02-01,Cambridge Food Bank - Cambridge,1920,4949,1889,1889,1885,1885,2.6047745358090184,46.03176283748015,1,248,703,770,198,0,10805,18604,13473,18295,1431.0,1014.0
2026-02-01,Centreville Chicopee Community Centre - Neighbourhood Food Program - House of Friendship,849,2572,324,291,319,286,2.8808777429467085,46.62199312714777,2,73,274,370,97,33,10805,18604,13473,18295,1431.0,1014.0
2026-02-01,Chandler Mowat Community Centre - Neighbourhood Food Program - House of Friendship,929,3362,324,318,319,313,3.501567398119122,44.12264150943396,2,111,418,315,77,6,10805,18604,13473,18295,1431.0,1014.0
2026-02-01,Christopher Champlain Resource Centre - Kinbridge Community Association,1,4,1,1,1,1,4.0,60.0,0,0,0,1,0,0,10805,18604,13473,18295,1431.0,1014.0
2026-02-01,Courtland Shelley Community Centre - Neighbourhood Food Program - House of Friendship,238,590,70,70,70,70,2.5428571428571427,55.042857142857144,4,9,45,107,73,0,10805,18604,13473,18295,1431.0,1014.0
2026-02-01,Eby Village / Charles Village - Mobile Pantry,63,75,45,45,44,44,1.2045454545454546,52.62222222222222,0,1,16,35,11,0,10805,18604,13473,18295,1431.0,1014.0
2026-02-01,Emergency Food Hamper Program - House of Friendship,3607,13357,3507,3504,3487,3484,3.692572411815314,43.34018264840183,5,552,1527,1276,244,3,10805,18604,13473,18295,1431.0,1014.0
2026-02-01,Emmanuel United Church - Waterloo Wayside ,531,1599,256,249,250,243,2.8,42.81927710843374,2,100,191,194,37,7,10805,18604,13473,18295,1431.0,1014.0
2026-02-01,Erb West Community Centre - Camino Wellness + Mental Health,275,1210,112,110,111,109,4.225225225225225,44.57272727272727,7,11,106,128,21,2,10805,18604,13473,18295,1431.0,1014.0
2026-02-01,Forest Heights Community Centre - Neighbourhood Food Program - House of Friendship,585,2058,241,213,237,209,3.451476793248945,46.89671361502347,0,60,205,210,82,28,10805,18604,13473,18295,1431.0,1014.0
2026-02-01,Glencairn Mennonite Brethren Church,190,703,190,190,190,190,3.7,43.463157894736845,0,30,80,68,12,0,10805,18604,13473,18295,1431.0,1014.0
2026-02-01,Indwell - 140 Weber Street E,27,31,19,15,19,15,1.2105263157894737,48.333333333333336,0,0,8,15,0,4,10805,18604,13473,18295,1431.0,1014.0
2026-02-01,Islamic Centre of Waterloo ,83,442,83,83,83,83,5.325301204819277,42.71084337349398,0,11,36,34,2,0,10805,18604,13473,18295,1431.0,1014.0
2026-02-01,Kingdom Community International ,206,574,101,101,98,98,2.673469387755102,51.445544554455445,0,14,60,62,70,0,10805,18604,13473,18295,1431.0,1014.0
2026-02-01,Kingsdale Community Centre - Neighbourhood Food Program - House of Friendship,876,2603,364,355,356,347,2.9101123595505616,45.628169014084506,1,89,368,306,103,9,10805,18604,13473,18295,1431.0,1014.0
2026-02-01,Kitchener Community Church and Family Care Centre,362,1099,316,315,316,315,3.1930379746835444,46.96825396825397,4,26,144,145,42,1,10805,18604,13473,18295,1431.0,1014.0
2026-02-01,Lincoln Road Chapel,248,873,119,116,115,112,3.5217391304347827,43.10344827586207,0,46,82,106,11,3,10805,18604,13473,18295,1431.0,1014.0
2026-02-01,Locker - Country Hills Community Centre,31,115,17,17,17,17,3.5294117647058822,41.05882352941177,0,1,15,15,0,0,10805,18604,13473,18295,1431.0,1014.0
2026-02-01,Our Lady of Lourdes Conference - Society of St. Vincent de Paul,35,127,35,35,35,35,3.6285714285714286,46.142857142857146,0,4,15,11,5,0,10805,18604,13473,18295,1431.0,1014.0
2026-02-01,Paulander Community Centre - Camino Wellness + Mental Health,347,1187,137,136,135,134,3.5407407407407407,48.411764705882355,1,40,87,168,50,1,10805,18604,13473,18295,1431.0,1014.0
2026-02-01,Ray of Hope,256,669,256,256,256,256,2.61328125,45.16796875,0,27,109,104,16,0,10805,18604,13473,18295,1431.0,1014.0
2026-02-01,Salvation Army Cambridge,395,1136,391,391,391,391,2.8721227621483374,49.70843989769821,0,25,126,189,55,0,10805,18604,13473,18295,1431.0,1014.0
2026-02-01,Specialized Housing Program Pilot – Sexual Assault Support Centre,10,10,10,0,10,0,1.0,,0,0,0,0,0,10,10805,18604,13473,18295,1431.0,1014.0
2026-02-01,St. Agnes Conference - Society of St. Vincent de Paul,15,33,15,15,15,15,2.2,55.06666666666667,0,1,4,5,5,0,10805,18604,13473,18295,1431.0,1014.0
2026-02-01,St. Aloysius Parish Food Pantry,6,9,6,6,6,6,1.5,42.0,0,2,1,3,0,0,10805,18604,13473,18295,1431.0,1014.0
2026-02-01,St. Andrew's Hespler Presbyterian Church,33,60,33,33,33,33,1.8181818181818181,52.515151515151516,0,2,10,14,7,0,10805,18604,13473,18295,1431.0,1014.0
2026-02-01,St. Andrew's Presbyterian Church - Kitchener ,97,376,57,57,56,56,3.75,45.771929824561404,0,14,41,25,17,0,10805,18604,13473,18295,1431.0,1014.0
2026-02-01,St. Anthony Daniel Conference - Society of St. Vincent de Paul,84,229,84,84,84,84,2.7261904761904763,51.86904761904762,1,2,27,38,16,0,10805,18604,13473,18295,1431.0,1014.0
2026-02-01,St. John's Anglican Church,28,56,28,28,28,28,2.0,54.535714285714285,0,2,3,17,6,0,10805,18604,13473,18295,1431.0,1014.0
2026-02-01,St. Mary's Conference - Society of St. Vincent de Paul,81,209,81,81,81,81,2.580246913580247,52.22222222222222,0,4,24,35,18,0,10805,18604,13473,18295,1431.0,1014.0
2026-02-01,Stanley Park Community Centre,327,1000,151,151,146,146,3.0821917808219177,50.264900662251655,0,23,105,143,56,0,10805,18604,13473,18295,1431.0,1014.0
2026-02-01,Sunnydale Community Centre - Neighbourhood Food Program - House of Friendship,582,2223,205,193,201,189,3.6666666666666665,45.26424870466321,0,55,253,198,64,12,10805,18604,13473,18295,1431.0,1014.0
2026-02-01,Supportive Housing YWCA (Lincoln Road),51,96,26,26,26,26,1.9230769230769231,49.73076923076923,0,5,18,19,9,0,10805,18604,13473,18295,1431.0,1014.0
2026-02-01,Supportive Housing of Waterloo (SHOW),50,50,25,25,25,25,1.0,56.56,0,0,6,38,6,0,10805,18604,13473,18295,1431.0,1014.0
2026-02-01,Supportive Housing- Y.W.C.A. (Block Line),53,59,33,33,33,33,1.121212121212121,48.333333333333336,0,2,17,32,2,0,10805,18604,13473,18295,1431.0,1014.0
2026-02-01,THRIVE HIV,212,472,212,0,212,0,2.2264150943396226,,0,0,0,0,0,212,10805,18604,13473,18295,1431.0,1014.0
2026-02-01,The Food Bank of Waterloo Region - Kitchener,155,233,94,93,94,93,1.4893617021276595,53.59139784946237,0,14,28,73,39,1,10805,18604,13473,18295,1431.0,1014.0
2026-02-01,Traverse Independence,47,77,31,31,31,31,1.7096774193548387,54.935483870967744,0,0,7,32,8,0,10805,18604,13473,18295,1431.0,1014.0
2026-02-01,Victoria Hills - House of Friendship,790,2759,365,358,362,355,3.414364640883978,43.79050279329609,0,110,310,319,44,7,10805,18604,13473,18295,1431.0,1014.0
2026-02-01,Wellesley Food Cupboard,44,201,26,26,26,26,4.576923076923077,46.11538461538461,0,6,18,16,4,0,10805,18604,13473,18295,1431.0,1014.0
2026-02-01,Wilmot & Wellesley Resource Centre,368,1096,139,127,134,122,2.8358208955223883,46.77165354330709,0,41,118,133,64,12,10805,18604,13473,18295,1431.0,1014.0
2026-02-01,Woolwich Community Services,926,2707,205,198,201,194,2.5870646766169156,49.62626262626262,6,69,316,349,179,7,10805,18604,13473,18295,1431.0,1014.0
2026-02-01,oneROOF Youth Services,39,39,16,16,16,16,1.0,22.375,5,34,0,0,0,0,10805,18604,13473,18295,1431.0,1014.0
2026-03-01,All Saints' Anglican Church,161,624,64,64,63,63,3.761904761904762,44.375,0,11,68,76,6,0,10925,18735,13594,18487,1490.0,1039.0
2026-03-01,Anishnabeg Outreach - Spirit Bundle ,255,896,255,0,255,0,3.5137254901960784,,0,0,0,0,0,255,10925,18735,13594,18487,1490.0,1039.0
2026-03-01,Base Church ,154,440,121,109,120,108,2.908333333333333,46.30275229357798,0,13,61,50,18,12,10925,18735,13594,18487,1490.0,1039.0
2026-03-01,Cambridge Food Bank - Cambridge,2057,5223,2013,2013,2009,2009,2.5689397710303634,46.26428216592151,3,264,730,861,199,0,10925,18735,13594,18487,1490.0,1039.0
2026-03-01,Centreville Chicopee Community Centre - Neighbourhood Food Program - House of Friendship,867,2666,320,295,317,292,2.9747634069400632,45.90169491525424,1,95,278,371,97,25,10925,18735,13594,18487,1490.0,1039.0
2026-03-01,Chandler Mowat Community Centre - Neighbourhood Food Program - House of Friendship,965,3477,349,335,344,330,3.508720930232558,44.18507462686567,1,114,431,310,95,14,10925,18735,13594,18487,1490.0,1039.0
2026-03-01,Courtland Shelley Community Centre - Neighbourhood Food Program - House of Friendship,274,663,79,78,79,78,2.5316455696202533,53.94871794871795,7,13,40,123,90,1,10925,18735,13594,18487,1490.0,1039.0
2026-03-01,Eby Village / Charles Village - Mobile Pantry,69,76,45,45,45,45,1.1111111111111112,52.84444444444444,0,0,19,38,12,0,10925,18735,13594,18487,1490.0,1039.0
2026-03-01,Emergency Food Hamper Program - House of Friendship,3794,13870,3675,3665,3663,3653,3.6595686595686594,43.71132332878581,3,552,1607,1350,272,10,10925,18735,13594,18487,1490.0,1039.0
2026-03-01,Emmanuel United Church - Waterloo Wayside ,532,1657,242,236,236,230,2.8771186440677967,43.65677966101695,4,87,179,227,29,6,10925,18735,13594,18487,1490.0,1039.0
2026-03-01,Erb West Community Centre - Camino Wellness + Mental Health,303,1310,121,118,117,114,4.196581196581197,43.46610169491525,6,19,117,138,20,3,10925,18735,13594,18487,1490.0,1039.0
2026-03-01,Forest Heights Community Centre - Neighbourhood Food Program - House of Friendship,737,2573,255,240,246,231,3.4552845528455283,46.5875,0,79,245,295,103,15,10925,18735,13594,18487,1490.0,1039.0
2026-03-01,Glencairn Mennonite Brethren Church,183,685,183,182,183,182,3.7431693989071038,43.81868131868132,0,25,76,68,13,1,10925,18735,13594,18487,1490.0,1039.0
2026-03-01,Indwell - 140 Weber Street E,13,17,13,10,13,10,1.3076923076923077,49.5,0,1,3,5,1,3,10925,18735,13594,18487,1490.0,1039.0
2026-03-01,Islamic Centre of Waterloo ,88,479,88,88,88,88,5.443181818181818,41.82954545454545,1,16,36,33,2,0,10925,18735,13594,18487,1490.0,1039.0
2026-03-01,Kingdom Community International ,228,623,121,121,119,119,2.6554621848739495,51.48760330578512,0,17,60,87,64,0,10925,18735,13594,18487,1490.0,1039.0
2026-03-01,Kingsdale Community Centre - Neighbourhood Food Program - House of Friendship,881,2530,360,353,351,344,2.831908831908832,45.87252124645892,1,84,375,299,115,7,10925,18735,13594,18487,1490.0,1039.0
2026-03-01,Kitchener Community Church and Family Care Centre,345,1043,309,307,309,307,3.1844660194174756,48.3485342019544,2,25,120,143,53,2,10925,18735,13594,18487,1490.0,1039.0
2026-03-01,Lincoln Road Chapel,337,963,130,125,126,121,2.984126984126984,42.128,1,68,123,127,13,5,10925,18735,13594,18487,1490.0,1039.0
2026-03-01,Locker - Country Hills Community Centre,29,108,14,14,14,14,3.5714285714285716,40.357142857142854,0,5,9,15,0,0,10925,18735,13594,18487,1490.0,1039.0
2026-03-01,Nigerians in the Region of Waterloo ,43,94,43,41,43,41,2.186046511627907,36.58536585365854,0,7,30,4,0,2,10925,18735,13594,18487,1490.0,1039.0
2026-03-01,Our Lady of Lourdes Conference - Society of St. Vincent de Paul,36,140,36,36,36,36,3.888888888888889,45.05555555555556,0,4,17,11,4,0,10925,18735,13594,18487,1490.0,1039.0
2026-03-01,Paulander Community Centre - Camino Wellness + Mental Health,510,1719,141,141,140,140,3.4571428571428573,48.43971631205674,3,53,122,245,87,0,10925,18735,13594,18487,1490.0,1039.0
2026-03-01,Ray of Hope,273,697,273,273,272,272,2.5441176470588234,45.91575091575091,0,26,119,108,20,0,10925,18735,13594,18487,1490.0,1039.0
2026-03-01,Salvation Army Cambridge,450,1307,444,444,442,442,2.916289592760181,48.88288288288288,0,35,144,223,48,0,10925,18735,13594,18487,1490.0,1039.0
2026-03-01,Specialized Housing Program Pilot – Sexual Assault Support Centre,5,5,5,0,5,0,1.0,,0,0,0,0,0,5,10925,18735,13594,18487,1490.0,1039.0
2026-03-01,St. Agnes Conference - Society of St. Vincent de Paul,13,30,13,13,13,13,2.3076923076923075,55.69230769230769,0,1,3,5,4,0,10925,18735,13594,18487,1490.0,1039.0
2026-03-01,St. Aloysius Parish Food Pantry,4,5,4,4,3,3,1.3333333333333333,30.0,0,2,2,0,0,0,10925,18735,13594,18487,1490.0,1039.0
2026-03-01,St. Andrew's Hespler Presbyterian Church,35,81,35,35,35,35,2.3142857142857145,53.51428571428571,0,2,10,17,6,0,10925,18735,13594,18487,1490.0,1039.0
2026-03-01,St. Andrew's Presbyterian Church - Kitchener ,182,657,68,67,64,63,3.59375,44.38805970149254,0,34,71,49,27,1,10925,18735,13594,18487,1490.0,1039.0
2026-03-01,St. Anthony Daniel Conference - Society of St. Vincent de Paul,97,276,96,96,96,96,2.8645833333333335,51.0625,0,5,32,43,17,0,10925,18735,13594,18487,1490.0,1039.0
2026-03-01,St. John's Anglican Church,1,2,1,1,1,1,2.0,51.0,0,0,0,1,0,0,10925,18735,13594,18487,1490.0,1039.0
2026-03-01,St. Mary's Conference - Society of St. Vincent de Paul,65,168,65,65,65,65,2.5846153846153848,52.86153846153846,0,3,19,29,14,0,10925,18735,13594,18487,1490.0,1039.0
2026-03-01,Stanley Park Community Centre,368,1148,168,168,160,160,3.23125,49.142857142857146,1,21,116,161,69,0,10925,18735,13594,18487,1490.0,1039.0
2026-03-01,Sunnydale Community Centre - Neighbourhood Food Program - House of Friendship,631,2372,222,201,218,197,3.5688073394495414,44.65174129353234,0,57,284,204,65,21,10925,18735,13594,18487,1490.0,1039.0
2026-03-01,Supportive Housing YWCA (Lincoln Road),66,117,37,37,37,37,1.8108108108108107,52.027027027027025,0,5,20,23,18,0,10925,18735,13594,18487,1490.0,1039.0
2026-03-01,Supportive Housing of Waterloo (SHOW),78,80,28,28,28,28,1.0357142857142858,57.214285714285715,0,0,6,60,12,0,10925,18735,13594,18487,1490.0,1039.0
2026-03-01,Supportive Housing- Y.W.C.A. (Block Line),62,72,37,37,36,36,1.1944444444444444,46.91891891891892,0,2,27,31,2,0,10925,18735,13594,18487,1490.0,1039.0
2026-03-01,THRIVE HIV,276,617,276,0,276,0,2.2355072463768115,,0,0,0,0,0,276,10925,18735,13594,18487,1490.0,1039.0
2026-03-01,The Food Bank of Waterloo Region - Kitchener,182,272,113,111,113,111,1.5132743362831858,53.729729729729726,3,10,29,94,44,2,10925,18735,13594,18487,1490.0,1039.0
2026-03-01,The Healing of the Seven Generations,23,69,23,0,23,0,3.0,,0,0,0,0,0,23,10925,18735,13594,18487,1490.0,1039.0
2026-03-01,Traverse Independence,32,56,25,25,25,25,1.68,53.64,0,0,6,21,5,0,10925,18735,13594,18487,1490.0,1039.0
2026-03-01,Victoria Hills - House of Friendship,1354,4749,397,386,393,382,3.4987277353689565,43.83419689119171,0,191,534,535,83,11,10925,18735,13594,18487,1490.0,1039.0
2026-03-01,Wellesley Food Cupboard,49,209,27,27,27,27,4.296296296296297,45.55555555555556,0,6,20,20,3,0,10925,18735,13594,18487,1490.0,1039.0
2026-03-01,Wilmot & Wellesley Resource Centre,386,1144,139,127,134,122,2.8134328358208953,47.24409448818898,0,39,121,147,67,12,10925,18735,13594,18487,1490.0,1039.0
2026-03-01,Woolwich Community Services,1076,3241,203,203,201,201,2.7064676616915424,48.01970443349754,5,104,353,401,213,0,10925,18735,13594,18487,1490.0,1039.0
2026-03-01,oneROOF Youth Services,46,48,18,18,18,18,1.1111111111111112,23.11111111111111,3,43,0,0,0,0,10925,18735,13594,18487,1490.0,1039.0
2026-04-01,All Saints' Anglican Church,210,802,72,71,70,69,3.7142857142857144,44.28169014084507,0,23,95,83,8,1,10839,18702,13672,18585,1540.0,1059.0
2026-04-01,Anishnabeg Outreach - Spirit Bundle ,226,814,226,0,226,0,3.601769911504425,,0,0,0,0,0,226,10839,18702,13672,18585,1540.0,1059.0
2026-04-01,Base Church ,165,480,120,109,120,109,2.7916666666666665,46.18348623853211,0,18,65,58,13,11,10839,18702,13672,18585,1540.0,1059.0
2026-04-01,Cambridge Food Bank - Cambridge,1952,4967,1906,1906,1908,1908,2.580188679245283,46.92444910807975,2,240,673,819,218,0,10839,18702,13672,18585,1540.0,1059.0
2026-04-01,Centreville Chicopee Community Centre - Neighbourhood Food Program - House of Friendship,1185,3812,341,323,341,323,3.06158357771261,45.20123839009288,2,138,392,515,120,18,10839,18702,13672,18585,1540.0,1059.0
2026-04-01,Chandler Mowat Community Centre - Neighbourhood Food Program - House of Friendship,1163,4183,342,333,341,332,3.5219941348973607,44.849849849849846,0,144,479,420,111,9,10839,18702,13672,18585,1540.0,1059.0
2026-04-01,Courtland Shelley Community Centre - Neighbourhood Food Program - House of Friendship,120,347,41,41,41,41,2.8536585365853657,50.146341463414636,3,11,23,68,15,0,10839,18702,13672,18585,1540.0,1059.0
2026-04-01,Eby Village / Charles Village - Mobile Pantry,69,81,47,47,45,45,1.1333333333333333,53.97872340425532,0,0,15,38,16,0,10839,18702,13672,18585,1540.0,1059.0
2026-04-01,Emergency Food Hamper Program - House of Friendship,3723,13702,3617,3613,3604,3600,3.6861820199778026,43.649321893163574,7,560,1577,1291,284,4,10839,18702,13672,18585,1540.0,1059.0
2026-04-01,Emmanuel United Church - Waterloo Wayside ,646,1920,256,250,248,242,2.967741935483871,43.864,3,101,228,259,49,6,10839,18702,13672,18585,1540.0,1059.0
2026-04-01,Erb West Community Centre - Camino Wellness + Mental Health,299,1321,116,116,106,106,4.188679245283019,44.03448275862069,8,24,113,135,19,0,10839,18702,13672,18585,1540.0,1059.0
2026-04-01,Forest Heights Community Centre - Neighbourhood Food Program - House of Friendship,642,2312,232,226,230,224,3.491304347826087,46.73451327433628,0,70,225,253,88,6,10839,18702,13672,18585,1540.0,1059.0
2026-04-01,Glencairn Mennonite Brethren Church,185,709,184,184,184,184,3.8260869565217392,44.0,0,24,76,74,11,0,10839,18702,13672,18585,1540.0,1059.0
2026-04-01,Indwell - 140 Weber Street E,43,48,25,16,25,16,1.2,48.5,0,2,8,21,3,9,10839,18702,13672,18585,1540.0,1059.0
2026-04-01,Indwell - Magnolia Apartments ,28,41,28,0,28,0,1.4642857142857142,,0,0,0,0,0,28,10839,18702,13672,18585,1540.0,1059.0
2026-04-01,Islamic Centre of Waterloo ,93,482,93,93,93,93,5.182795698924731,41.60215053763441,3,14,37,37,2,0,10839,18702,13672,18585,1540.0,1059.0
2026-04-01,Kingdom Community International ,121,341,86,86,86,86,3.0348837209302326,51.30232558139535,1,3,37,40,40,0,10839,18702,13672,18585,1540.0,1059.0
2026-04-01,Kingsdale Community Centre - Neighbourhood Food Program - House of Friendship,1198,3519,400,390,387,377,2.8087855297157622,45.55897435897436,2,127,500,422,137,10,10839,18702,13672,18585,1540.0,1059.0
2026-04-01,Kitchener Community Church and Family Care Centre,377,1170,338,338,338,338,3.198224852071006,47.032544378698226,4,33,137,157,46,0,10839,18702,13672,18585,1540.0,1059.0
2026-04-01,Lincoln Road Chapel,296,915,136,134,131,129,2.9389312977099236,42.134328358208954,0,51,116,112,15,2,10839,18702,13672,18585,1540.0,1059.0
2026-04-01,Locker - Country Hills Community Centre,32,115,14,14,14,14,3.0714285714285716,40.42857142857143,0,3,15,14,0,0,10839,18702,13672,18585,1540.0,1059.0
2026-04-01,Nigerians in the Region of Waterloo ,29,67,29,29,29,29,2.310344827586207,36.0,1,5,21,2,0,0,10839,18702,13672,18585,1540.0,1059.0
2026-04-01,Our Lady of Lourdes Conference - Society of St. Vincent de Paul,46,178,44,44,44,44,3.8863636363636362,45.25,0,3,21,19,3,0,10839,18702,13672,18585,1540.0,1059.0
2026-04-01,Paulander Community Centre - Camino Wellness + Mental Health,344,1209,132,132,131,131,3.427480916030534,48.42424242424242,4,33,82,176,49,0,10839,18702,13672,18585,1540.0,1059.0
2026-04-01,Ray of Hope,288,761,288,288,288,288,2.642361111111111,46.09027777777778,0,26,127,108,27,0,10839,18702,13672,18585,1540.0,1059.0
2026-04-01,Salvation Army Cambridge,426,1187,426,426,426,426,2.7863849765258215,49.098591549295776,0,32,132,211,51,0,10839,18702,13672,18585,1540.0,1059.0
2026-04-01,Specialized Housing Program Pilot – Sexual Assault Support Centre,3,3,3,0,3,0,1.0,,0,0,0,0,0,3,10839,18702,13672,18585,1540.0,1059.0
2026-04-01,St. Agnes Conference - Society of St. Vincent de Paul,16,38,16,16,16,16,2.375,56.0625,0,0,5,6,5,0,10839,18702,13672,18585,1540.0,1059.0
2026-04-01,St. Aloysius Parish Food Pantry,8,13,8,8,7,7,1.7142857142857142,42.125,0,2,3,3,0,0,10839,18702,13672,18585,1540.0,1059.0
2026-04-01,St. Andrew's Hespler Presbyterian Church,37,100,37,37,37,37,2.7027027027027026,49.7027027027027,0,3,13,14,7,0,10839,18702,13672,18585,1540.0,1059.0
2026-04-01,St. Andrew's Presbyterian Church - Kitchener ,150,484,60,60,60,60,3.05,46.68333333333333,1,22,60,40,27,0,10839,18702,13672,18585,1540.0,1059.0
2026-04-01,St. Anthony Daniel Conference - Society of St. Vincent de Paul,98,296,98,98,98,98,3.020408163265306,52.01020408163265,1,3,31,44,19,0,10839,18702,13672,18585,1540.0,1059.0
2026-04-01,St. John's Anglican Church,50,101,50,50,50,50,2.02,53.76,0,3,7,29,11,0,10839,18702,13672,18585,1540.0,1059.0
2026-04-01,St. Mary's Conference - Society of St. Vincent de Paul,79,199,79,79,79,79,2.518987341772152,52.11392405063291,0,4,24,30,21,0,10839,18702,13672,18585,1540.0,1059.0
2026-04-01,Stanley Park Community Centre,409,1280,150,150,147,147,3.0408163265306123,49.14666666666667,0,19,139,176,75,0,10839,18702,13672,18585,1540.0,1059.0
2026-04-01,Sunnydale Community Centre - Neighbourhood Food Program - House of Friendship,816,3088,244,213,242,211,3.396694214876033,44.610328638497656,0,78,357,262,88,31,10839,18702,13672,18585,1540.0,1059.0
2026-04-01,Supportive Housing YWCA (Lincoln Road),66,121,37,37,37,37,1.8108108108108107,51.432432432432435,0,3,23,24,16,0,10839,18702,13672,18585,1540.0,1059.0
2026-04-01,Supportive Housing of Waterloo (SHOW),43,45,23,23,23,23,1.0434782608695652,56.30434782608695,0,0,5,30,8,0,10839,18702,13672,18585,1540.0,1059.0
2026-04-01,Supportive Housing- Y.W.C.A. (Block Line),89,104,37,37,36,36,1.1944444444444444,46.24324324324324,0,1,43,44,1,0,10839,18702,13672,18585,1540.0,1059.0
2026-04-01,THRIVE HIV,194,424,194,0,194,0,2.185567010309278,,0,0,0,0,0,194,10839,18702,13672,18585,1540.0,1059.0
2026-04-01,The Food Bank of Waterloo Region - Kitchener,301,418,135,133,135,133,1.525925925925926,58.08270676691729,2,6,36,146,109,2,10839,18702,13672,18585,1540.0,1059.0
2026-04-01,The Healing of the Seven Generations,24,79,24,0,24,0,3.2916666666666665,,0,0,0,0,0,24,10839,18702,13672,18585,1540.0,1059.0
2026-04-01,Traverse Independence,45,82,34,34,34,34,1.7352941176470589,53.76470588235294,0,0,8,30,7,0,10839,18702,13672,18585,1540.0,1059.0
2026-04-01,Victoria Hills - House of Friendship,1059,3746,385,381,382,378,3.5026178010471205,43.91076115485564,2,143,416,428,66,4,10839,18702,13672,18585,1540.0,1059.0
2026-04-01,Wellesley Food Cupboard,51,218,27,27,27,27,4.407407407407407,44.44444444444444,0,6,21,22,2,0,10839,18702,13672,18585,1540.0,1059.0
2026-04-01,Wilmot & Wellesley Resource Centre,392,1103,130,126,128,124,2.734375,48.43650793650794,0,31,129,160,68,4,10839,18702,13672,18585,1540.0,1059.0
2026-04-01,Woolwich Community Services,1048,3164,212,212,207,207,2.5652173913043477,50.216981132075475,12,91,333,394,218,0,10839,18702,13672,18585,1540.0,1059.0
2026-04-01,oneROOF Youth Services,53,58,27,27,27,27,1.1111111111111112,22.962962962962962,1,52,0,0,0,0,10839,18702,13672,18585,1540.0,1059.0
2026-05-01,All Saints' Anglican Church,174,642,71,70,69,68,3.463768115942029,44.957142857142856,0,16,76,71,10,1,10827,18708,13689,18552,1543.0,1046.0
2026-05-01,Anishnabeg Outreach - Spirit Bundle ,368,1307,368,0,368,0,3.551630434782609,,0,0,0,0,0,368,10827,18708,13689,18552,1543.0,1046.0
2026-05-01,Base Church ,180,502,127,115,125,113,2.648,47.08695652173913,0,15,69,60,24,12,10827,18708,13689,18552,1543.0,1046.0
2026-05-01,Cambridge Food Bank - Cambridge,1940,4857,1900,1900,1899,1899,2.5355450236966823,46.78473684210526,5,231,692,792,220,0,10827,18708,13689,18552,1543.0,1046.0
2026-05-01,Centreville Chicopee Community Centre - Neighbourhood Food Program - House of Friendship,941,2987,342,330,341,329,3.0791788856304985,45.89090909090909,1,122,296,402,108,12,10827,18708,13689,18552,1543.0,1046.0
2026-05-01,Chandler Mowat Community Centre - Neighbourhood Food Program - House of Friendship,941,3336,330,325,325,320,3.483076923076923,44.864615384615384,0,103,404,347,82,5,10827,18708,13689,18552,1543.0,1046.0
2026-05-01,Courtland Shelley Community Centre - Neighbourhood Food Program - House of Friendship,15,42,15,15,15,15,2.8,43.53333333333333,0,3,6,6,0,0,10827,18708,13689,18552,1543.0,1046.0
2026-05-01,Eby Village / Charles Village - Mobile Pantry,57,65,40,40,40,40,1.125,53.9,0,1,10,34,12,0,10827,18708,13689,18552,1543.0,1046.0
2026-05-01,Emergency Food Hamper Program - House of Friendship,3657,13230,3540,3534,3525,3519,3.630354609929078,43.52801358234296,2,579,1532,1258,280,6,10827,18708,13689,18552,1543.0,1046.0
2026-05-01,Emmanuel United Church - Waterloo Wayside ,540,1525,231,229,227,225,2.828193832599119,44.90829694323144,0,87,195,211,45,2,10827,18708,13689,18552,1543.0,1046.0
2026-05-01,Erb West Community Centre - Camino Wellness + Mental Health,274,1120,111,110,109,108,3.944954128440367,44.13636363636363,7,21,101,121,23,1,10827,18708,13689,18552,1543.0,1046.0
2026-05-01,Forest Heights Community Centre - Neighbourhood Food Program - House of Friendship,640,2289,237,233,230,226,3.5043478260869567,45.952789699570815,0,70,221,263,82,4,10827,18708,13689,18552,1543.0,1046.0
2026-05-01,Glencairn Mennonite Brethren Church,187,692,185,185,185,185,3.7135135135135133,44.68648648648649,0,20,80,74,13,0,10827,18708,13689,18552,1543.0,1046.0
2026-05-01,Indwell - 140 Weber Street E,47,55,32,18,32,18,1.25,47.888888888888886,0,2,10,19,2,14,10827,18708,13689,18552,1543.0,1046.0
2026-05-01,Indwell - Magnolia Apartments ,15,15,15,15,15,15,1.0,49.666666666666664,0,2,3,8,2,0,10827,18708,13689,18552,1543.0,1046.0
2026-05-01,Islamic Centre of Waterloo ,93,490,93,93,93,93,5.268817204301075,43.46236559139785,0,16,32,43,2,0,10827,18708,13689,18552,1543.0,1046.0
2026-05-01,Kingdom Community International ,306,858,141,141,138,138,2.6666666666666665,49.42553191489362,6,24,87,105,84,0,10827,18708,13689,18552,1543.0,1046.0
2026-05-01,Kingsdale Community Centre - Neighbourhood Food Program - House of Friendship,990,2865,398,394,388,384,2.917525773195876,46.223350253807105,1,95,411,372,107,4,10827,18708,13689,18552,1543.0,1046.0
2026-05-01,Kitchener Community Church and Family Care Centre,306,1064,304,301,303,300,3.458745874587459,45.78737541528239,1,32,124,118,28,3,10827,18708,13689,18552,1543.0,1046.0
2026-05-01,Lincoln Road Chapel,291,899,132,129,126,123,3.0,42.627906976744185,0,49,118,100,21,3,10827,18708,13689,18552,1543.0,1046.0
2026-05-01,Locker - Country Hills Community Centre,27,95,12,12,12,12,3.75,40.833333333333336,0,7,9,11,0,0,10827,18708,13689,18552,1543.0,1046.0
2026-05-01,Nigerians in the Region of Waterloo ,17,42,17,14,17,14,2.4705882352941178,40.214285714285715,0,1,8,5,0,3,10827,18708,13689,18552,1543.0,1046.0
2026-05-01,Our Lady of Lourdes Conference - Society of St. Vincent de Paul,42,164,42,42,42,42,3.9047619047619047,47.404761904761905,0,4,16,17,5,0,10827,18708,13689,18552,1543.0,1046.0
2026-05-01,Paulander Community Centre - Camino Wellness + Mental Health,315,1061,131,131,131,131,3.2519083969465647,49.47328244274809,3,29,74,158,51,0,10827,18708,13689,18552,1543.0,1046.0
2026-05-01,Ray of Hope,246,675,246,246,246,246,2.7439024390243905,46.1910569105691,0,21,106,97,22,0,10827,18708,13689,18552,1543.0,1046.0
2026-05-01,Salvation Army Cambridge,359,991,357,357,357,357,2.7703081232492996,49.397759103641455,0,33,102,176,48,0,10827,18708,13689,18552,1543.0,1046.0
2026-05-01,St. Agnes Conference - Society of St. Vincent de Paul,15,32,15,15,15,15,2.1333333333333333,54.2,0,1,4,6,4,0,10827,18708,13689,18552,1543.0,1046.0
2026-05-01,St. Aloysius Parish Food Pantry,3,7,3,3,3,3,2.3333333333333335,43.333333333333336,0,0,2,1,0,0,10827,18708,13689,18552,1543.0,1046.0
2026-05-01,St. Andrew's Hespler Presbyterian Church,45,110,44,44,44,44,2.4545454545454546,51.75,0,4,11,20,10,0,10827,18708,13689,18552,1543.0,1046.0
2026-05-01,St. Andrew's Presbyterian Church - Kitchener ,215,690,80,80,77,77,2.987012987012987,44.825,4,41,75,60,35,0,10827,18708,13689,18552,1543.0,1046.0
2026-05-01,St. Anthony Daniel Conference - Society of St. Vincent de Paul,77,217,77,77,77,77,2.8181818181818183,51.22077922077922,2,5,21,35,14,0,10827,18708,13689,18552,1543.0,1046.0
2026-05-01,St. John's Anglican Church,51,113,51,51,51,51,2.215686274509804,53.80392156862745,0,2,11,29,9,0,10827,18708,13689,18552,1543.0,1046.0
2026-05-01,St. Mary's Conference - Society of St. Vincent de Paul,114,292,112,112,112,112,2.5892857142857144,50.580357142857146,0,8,35,48,23,0,10827,18708,13689,18552,1543.0,1046.0
2026-05-01,Stanley Park Community Centre,343,1046,147,147,141,141,3.0851063829787235,49.564625850340136,1,22,117,139,64,0,10827,18708,13689,18552,1543.0,1046.0
2026-05-01,Sunnydale Community Centre - Neighbourhood Food Program - House of Friendship,582,2262,218,208,215,205,3.7627906976744185,44.73557692307692,0,58,253,200,61,10,10827,18708,13689,18552,1543.0,1046.0
2026-05-01,Supportive Housing YWCA (Lincoln Road),38,75,31,31,31,31,1.8709677419354838,49.32258064516129,0,2,17,10,9,0,10827,18708,13689,18552,1543.0,1046.0
2026-05-01,Supportive Housing of Waterloo (SHOW),72,74,27,27,27,27,1.037037037037037,57.2962962962963,0,0,6,47,19,0,10827,18708,13689,18552,1543.0,1046.0
2026-05-01,Supportive Housing- Y.W.C.A. (Block Line),50,57,30,30,30,30,1.1666666666666667,47.86666666666667,0,0,22,27,1,0,10827,18708,13689,18552,1543.0,1046.0
2026-05-01,THRIVE HIV,180,371,180,0,180,0,2.061111111111111,,0,0,0,0,0,180,10827,18708,13689,18552,1543.0,1046.0
2026-05-01,The Food Bank of Waterloo Region - Kitchener,377,539,148,148,148,148,1.4864864864864864,57.722972972972975,5,6,44,183,139,0,10827,18708,13689,18552,1543.0,1046.0
2026-05-01,The Healing of the Seven Generations,42,132,42,0,42,0,3.142857142857143,,0,0,0,0,0,42,10827,18708,13689,18552,1543.0,1046.0
2026-05-01,Traverse Independence,100,168,44,42,44,42,1.75,54.785714285714285,0,2,16,61,19,2,10827,18708,13689,18552,1543.0,1046.0
2026-05-01,Victoria Hills - House of Friendship,922,3201,400,390,394,384,3.4035532994923856,43.284615384615385,5,120,387,351,49,10,10827,18708,13689,18552,1543.0,1046.0
2026-05-01,Wellesley Food Cupboard,55,239,31,31,31,31,4.483870967741935,45.29032258064516,0,5,25,21,4,0,10827,18708,13689,18552,1543.0,1046.0
2026-05-01,Wilmot & Wellesley Resource Centre,369,1125,125,123,122,120,2.8852459016393444,47.65853658536585,0,36,131,142,58,2,10827,18708,13689,18552,1543.0,1046.0
2026-05-01,Woolwich Community Services,934,2756,207,206,202,201,2.6881188118811883,49.0,0,72,336,354,171,1,10827,18708,13689,18552,1543.0,1046.0
2026-05-01,oneROOF Youth Services,58,66,19,19,19,19,1.263157894736842,23.0,2,56,0,0,0,0,10827,18708,13689,18552,1543.0,1046.0
2026-06-01,All Saints' Anglican Church,174,682,61,61,60,60,3.7,44.80327868852459,0,12,75,82,5,0,10545,18223,13703,18558,1552.0,1030.0
2026-06-01,Anishnabeg Outreach - Spirit Bundle ,223,752,223,0,223,0,3.3721973094170403,,0,0,0,0,0,223,10545,18223,13703,18558,1552.0,1030.0
2026-06-01,Base Church ,183,552,123,116,122,115,2.9098360655737703,46.293103448275865,0,19,77,56,24,7,10545,18223,13703,18558,1552.0,1030.0
2026-06-01,Cambridge Food Bank - Cambridge,1891,4777,1847,1847,1846,1846,2.5628385698808236,46.73199783432593,3,214,690,769,215,0,10545,18223,13703,18558,1552.0,1030.0
2026-06-01,Centreville Chicopee Community Centre - Neighbourhood Food Program - House of Friendship,947,3008,336,320,333,317,3.048048048048048,45.875,2,130,304,388,107,16,10545,18223,13703,18558,1552.0,1030.0
2026-06-01,Chandler Mowat Community Centre - Neighbourhood Food Program - House of Friendship,913,3234,328,323,325,320,3.4615384615384617,44.73993808049536,1,110,389,324,84,5,10545,18223,13703,18558,1552.0,1030.0
2026-06-01,Eby Village / Charles Village - Mobile Pantry,100,115,50,50,49,49,1.1020408163265305,53.32,0,1,19,56,24,0,10545,18223,13703,18558,1552.0,1030.0
2026-06-01,Emergency Food Hamper Program - House of Friendship,3591,13151,3481,3469,3468,3456,3.67762399077278,43.64716056500433,11,526,1526,1242,274,12,10545,18223,13703,18558,1552.0,1030.0
2026-06-01,Emmanuel United Church - Waterloo Wayside ,514,1512,249,241,244,236,2.778688524590164,43.57676348547718,1,73,191,210,31,8,10545,18223,13703,18558,1552.0,1030.0
2026-06-01,Erb West Community Centre - Camino Wellness + Mental Health,252,1054,104,104,101,101,3.9702970297029703,43.74038461538461,4,37,87,108,16,0,10545,18223,13703,18558,1552.0,1030.0
2026-06-01,Forest Heights Community Centre - Neighbourhood Food Program - House of Friendship,801,3068,253,250,247,244,3.659919028340081,46.792,0,76,294,324,104,3,10545,18223,13703,18558,1552.0,1030.0
2026-06-01,Glencairn Mennonite Brethren Church,172,642,172,172,172,172,3.7325581395348837,43.66860465116279,0,25,76,58,13,0,10545,18223,13703,18558,1552.0,1030.0
2026-06-01,Indwell - 140 Weber Street E,61,72,33,18,33,18,1.3333333333333333,47.888888888888886,0,1,16,26,3,15,10545,18223,13703,18558,1552.0,1030.0
2026-06-01,Indwell - Magnolia Apartments ,36,37,24,20,24,20,1.0416666666666667,49.65,0,3,9,16,4,4,10545,18223,13703,18558,1552.0,1030.0
2026-06-01,Islamic Centre of Waterloo ,95,503,95,95,95,95,5.294736842105263,40.810526315789474,2,19,38,34,2,0,10545,18223,13703,18558,1552.0,1030.0
2026-06-01,Kingdom Community International ,193,612,120,120,117,117,2.9914529914529915,49.56666666666667,4,12,60,66,51,0,10545,18223,13703,18558,1552.0,1030.0
2026-06-01,Kingsdale Community Centre - Neighbourhood Food Program - House of Friendship,995,2849,403,400,395,392,2.848101265822785,45.9575,1,114,393,368,116,3,10545,18223,13703,18558,1552.0,1030.0
2026-06-01,Kitchener Community Church and Family Care Centre,320,1140,301,299,301,299,3.5780730897009967,46.163879598662206,1,32,127,125,33,2,10545,18223,13703,18558,1552.0,1030.0
2026-06-01,Lincoln Road Chapel,355,1176,137,133,131,127,3.0839694656488548,43.21804511278196,0,60,130,139,22,4,10545,18223,13703,18558,1552.0,1030.0
2026-06-01,Locker - Country Hills Community Centre,28,88,16,16,16,16,2.9375,43.125,0,5,9,14,0,0,10545,18223,13703,18558,1552.0,1030.0
2026-06-01,Nigerians in the Region of Waterloo ,30,82,30,28,30,28,2.7333333333333334,35.607142857142854,0,9,17,2,0,2,10545,18223,13703,18558,1552.0,1030.0
2026-06-01,Our Lady of Lourdes Conference - Society of St. Vincent de Paul,35,124,35,35,35,35,3.5428571428571427,48.82857142857143,0,2,13,17,3,0,10545,18223,13703,18558,1552.0,1030.0
2026-06-01,Paulander Community Centre - Camino Wellness + Mental Health,484,1624,131,131,130,130,3.4076923076923076,49.3587786259542,1,39,124,248,72,0,10545,18223,13703,18558,1552.0,1030.0
2026-06-01,Ray of Hope,190,502,190,190,190,190,2.642105263157895,46.921052631578945,0,13,85,77,15,0,10545,18223,13703,18558,1552.0,1030.0
2026-06-01,Salvation Army Cambridge,424,1163,424,423,424,423,2.7429245283018866,48.513002364066196,0,36,139,197,51,1,10545,18223,13703,18558,1552.0,1030.0
2026-06-01,St. Agnes Conference - Society of St. Vincent de Paul,16,33,16,16,16,16,2.0625,55.9375,0,0,5,6,5,0,10545,18223,13703,18558,1552.0,1030.0
2026-06-01,St. Andrew's Hespler Presbyterian Church,44,117,44,44,44,44,2.659090909090909,54.52272727272727,0,3,11,17,13,0,10545,18223,13703,18558,1552.0,1030.0
2026-06-01,St. Andrew's Presbyterian Church - Kitchener ,171,575,61,61,61,61,3.19672131147541,45.08196721311475,0,29,66,53,23,0,10545,18223,13703,18558,1552.0,1030.0
2026-06-01,St. Anthony Daniel Conference - Society of St. Vincent de Paul,92,272,87,87,87,87,2.896551724137931,52.35632183908046,0,8,28,37,19,0,10545,18223,13703,18558,1552.0,1030.0
2026-06-01,St. John's Anglican Church,49,108,48,48,48,48,2.1458333333333335,54.75,0,3,7,28,11,0,10545,18223,13703,18558,1552.0,1030.0
2026-06-01,St. Mary's Conference - Society of St. Vincent de Paul,43,111,43,43,43,43,2.5813953488372094,50.55813953488372,0,3,14,18,8,0,10545,18223,13703,18558,1552.0,1030.0
2026-06-01,Stanley Park Community Centre,389,1162,163,163,154,154,3.0064935064935066,48.4601226993865,0,30,139,155,65,0,10545,18223,13703,18558,1552.0,1030.0
2026-06-01,Sunnydale Community Centre - Neighbourhood Food Program - House of Friendship,595,2425,214,204,210,200,3.8904761904761904,44.794117647058826,1,56,262,212,54,10,10545,18223,13703,18558,1552.0,1030.0
2026-06-01,Supportive Housing YWCA (Lincoln Road),33,68,25,25,25,25,1.84,49.36,0,2,15,12,4,0,10545,18223,13703,18558,1552.0,1030.0
2026-06-01,Supportive Housing of Waterloo (SHOW),24,25,18,18,18,18,1.0555555555555556,56.94444444444444,0,0,1,19,4,0,10545,18223,13703,18558,1552.0,1030.0
2026-06-01,Supportive Housing- Y.W.C.A. (Block Line),52,60,31,31,31,31,1.1935483870967742,46.903225806451616,0,0,26,24,2,0,10545,18223,13703,18558,1552.0,1030.0
2026-06-01,THRIVE HIV,211,433,211,0,211,0,2.052132701421801,,0,0,0,0,0,211,10545,18223,13703,18558,1552.0,1030.0
2026-06-01,The Food Bank of Waterloo Region - Kitchener,407,582,143,139,143,139,1.5314685314685315,57.064748201438846,4,7,46,202,144,4,10545,18223,13703,18558,1552.0,1030.0
2026-06-01,The Healing of the Seven Generations,2,9,2,0,2,0,4.5,,0,0,0,0,0,2,10545,18223,13703,18558,1552.0,1030.0
2026-06-01,Traverse Independence,3,3,3,3,3,3,1.0,52.666666666666664,0,0,0,3,0,0,10545,18223,13703,18558,1552.0,1030.0
2026-06-01,Victoria Hills - House of Friendship,1433,5046,447,433,444,430,3.394144144144144,43.648960739030024,3,189,593,559,75,14,10545,18223,13703,18558,1552.0,1030.0
2026-06-01,Wellesley Food Cupboard,49,206,29,29,29,29,4.275862068965517,44.206896551724135,0,4,22,21,2,0,10545,18223,13703,18558,1552.0,1030.0
2026-06-01,Wilmot & Wellesley Resource Centre,375,1068,130,121,128,119,2.765625,46.88429752066116,0,48,110,145,63,9,10545,18223,13703,18558,1552.0,1030.0
2026-06-01,Woolwich Community Services,900,2544,189,189,187,187,2.6149732620320854,49.96296296296296,6,66,313,340,175,0,10545,18223,13703,18558,1552.0,1030.0
2026-06-01,oneROOF Youth Services,34,43,21,21,21,21,1.3333333333333333,22.285714285714285,3,31,0,0,0,0,10545,18223,13703,18558,1552.0,1030.0
